CASE_ID,ACCIDENT_YEAR,PROC_DATE,JURIS,COLLISION_DATE,COLLISION_TIME,OFFICER_ID,REPORTING_DISTRICT,DAY_OF_WEEK,CHP_SHIFT,POPULATION,CNTY_CITY_LOC,SPECIAL_COND,BEAT_TYPE,CHP_BEAT_TYPE,CITY_DIVISION_LAPD,CHP_BEAT_CLASS,BEAT_NUMBER,PRIMARY_RD,SECONDARY_RD,DISTANCE,DIRECTION,INTERSECTION,WEATHER_1,WEATHER_2,STATE_HWY_IND,CALTRANS_COUNTY,CALTRANS_DISTRICT,STATE_ROUTE,ROUTE_SUFFIX,POSTMILE_PREFIX,POSTMILE,LOCATION_TYPE,RAMP_INTERSECTION,SIDE_OF_HWY,TOW_AWAY,COLLISION_SEVERITY,NUMBER_KILLED,NUMBER_INJURED,PARTY_COUNT,PRIMARY_COLL_FACTOR,PCF_CODE_OF_VIOL,PCF_VIOL_CATEGORY,PCF_VIOLATION,PCF_VIOL_SUBSECTION,HIT_AND_RUN,TYPE_OF_COLLISION,MVIW,PED_ACTION,ROAD_SURFACE,ROAD_COND_1,ROAD_COND_2,LIGHTING,CONTROL_DEVICE,CHP_ROAD_TYPE,PEDESTRIAN_ACCIDENT,BICYCLE_ACCIDENT,MOTORCYCLE_ACCIDENT,TRUCK_ACCIDENT,NOT_PRIVATE_PROPERTY,ALCOHOL_INVOLVED,STWD_VEHTYPE_AT_FAULT,CHP_VEHTYPE_AT_FAULT,COUNT_SEVERE_INJ,COUNT_VISIBLE_INJ,COUNT_COMPLAINT_PAIN,COUNT_PED_KILLED,COUNT_PED_INJURED,COUNT_BICYCLIST_KILLED,COUNT_BICYCLIST_INJURED,COUNT_MC_KILLED,COUNT_MC_INJURED,PRIMARY_RAMP,SECONDARY_RAMP,LATITUDE,LONGITUDE,COUNTY,CITY,POINT_X,POINT_Y
91538895,2021,2021-08-06,9461,2021-08-03,0340,021126,,2,3,9,2400,0,1,3,,1,152,"SR-152 W/B","VOLTA ROAD",0.00,,Y,A,-,Y,,,152,,,,,,W,Y,2,0,1,2,A,-,09,21802,A,N,D,C,A,A,H,-,D,D,0,,,,Y,Y,,G,25,1,0,0,0,0,0,0,0,0,"- ","- ",37.056411743164062,-120.92613220214844,MERCED,UNINCORPORATED,-120.92613220214844,37.056686401367188
91596842,2021,2021-10-14,9460,2021-10-09,1120,018922,,6,1,9,2400,0,1,3,,2,001,"SR-99 S/B","SOUTH AVENUE",1584.00,N,N,A,-,Y,,,99,,,,,,S,Y,4,0,3,3,A,-,03,22350,,N,C,C,A,A,H,-,A,D,0,,,,,Y,,A,01,0,0,3,0,0,0,0,0,0,"- ","- ",37.429618835449219,-120.77481079101562,MERCED,UNINCORPORATED,-120.77484130859375,37.429592132568359
91608987,2021,2021-10-28,9460,2021-10-22,0805,016917,,5,1,9,2400,0,1,3,,2,002,SR-99,"HAMMATT AVE",1056.00,S,N,B,C,Y,,,99,,,,,,,Y,4,0,1,1,A,-,03,22350,,N,E,I,A,B,H,-,A,D,0,,,,Y,Y,,G,25,0,0,1,0,0,0,0,0,0,"- ","- ",37.382038116455078,-120.70774078369141,MERCED,UNINCORPORATED,-120.70774841308594,37.382026672363281
91653857,2021,2021-12-16,9461,2021-12-13,1410,021387,,1,2,9,2400,0,1,1,,2,105,"I-5 N/B","CANAL RD UNDERCROSSING",200.00,S,N,C,-,Y,,,5,,,,,,N,Y,3,0,2,1,A,-,08,22107,,N,F,A,A,B,H,-,A,D,0,,,,,Y,,D,22,0,2,0,0,0,0,0,0,0,"- ","- ",37.080009460449219,-120.99207305908203,MERCED,UNINCORPORATED,-120.99210357666016,37.079975128173828
9227641,2021,2021-04-08,2401,2021-02-02,0000,728,1,2,5,3,2401,0,0,0,,0,001,"WINTON WY","IVY ST",20.00,S,N,A,-,N,,,,,,,,,,N,2,0,1,2,A,-,03,22350,,F,B,C,A,B,H,-,D,A,0,,,Y,,Y,Y,C,02,1,0,0,0,0,0,0,0,1,"- ","- ",37.355709075927734,-120.61379241943359,MERCED,ATWATER,-120.61380767822266,37.355236053466797
9300231,2021,2021-10-11,2405,2021-01-30,0123,PD55,2,6,5,3,2405,0,0,0,,0,0B2,"F ST","7TH ST",12.00,W,N,A,-,N,,,,,,,,,,N,4,0,1,2,A,-,03,22350,,F,C,C,A,A,H,-,A,A,0,,,,,Y,,D,72,0,0,1,0,0,0,0,0,0,"- ","- ",37.063270568847656,-120.8443603515625,MERCED,"LOS BANOS",-120.84440612792969,37.063266754150391
9323041,2021,2021-10-11,2401,2021-08-02,1940,729,1,1,5,3,2401,0,0,0,,0,001,"REDWOOD AV","3RD ST",0.00,,Y,A,-,N,,,,,,,,,,N,3,0,2,7,A,-,01,23152,A,F,D,C,A,A,H,-,B,A,0,,,,,Y,Y,A,01,0,1,1,0,0,0,0,0,0,"- ","- ",37.358230590820312,-120.60443878173828,MERCED,ATWATER,-120.60443878173828,37.358226776123047
91388805,2021,2021-01-18,9461,2021-01-08,0638,018586,,5,1,9,2400,0,1,3,,1,103,SR-33,"COTTONWOOD RD",960.00,S,N,E,-,Y,,,33,,,,,,,Y,3,0,5,2,A,-,09,21804,A,N,D,C,A,A,H,-,D,D,0,,,,,Y,,A,01,0,3,2,0,0,0,0,0,0,"- ","- ",37.184829711914062,-121.01274871826172,MERCED,UNINCORPORATED,-121.01278686523438,37.184829711914062
91426387,2021,2021-03-12,9460,2021-03-08,0755,014541,,1,1,9,2400,0,3,5,,2,030,"ALMOND AVENUE","CYPRESS AVENUE",863.00,E,N,A,-,N,,,,,,,,,,N,4,0,1,2,A,-,09,21804,A,N,B,C,A,A,H,-,A,D,0,,,,,Y,,A,01,0,0,1,0,0,0,0,0,0,"- ","- ",37.382289886474609,-120.61949920654297,MERCED,UNINCORPORATED,-120.61969757080078,37.382160186767578
91432393,2021,2021-03-22,9461,2021-03-13,1755,020486,,6,2,9,2400,0,1,3,,1,103,"STATE HIGHWAY 33","STATE HIGHWAY 152",2640.00,N,N,A,-,Y,,,33,,,,,,,Y,4,0,1,2,A,-,08,22107,,M,E,I,A,A,H,-,A,D,0,,,,,Y,,-,99,0,0,1,0,0,0,0,0,0,"- ","- ",37.069808959960938,-121.01637268066406,MERCED,UNINCORPORATED,-121.01625823974609,37.069808959960938
91447517,2021,2021-04-12,9460,2021-04-04,1632,019918,,7,2,9,2400,0,2,4,,1,101,"WESTSIDE BLVD","ROBIN AVE",0.00,,Y,A,-,N,,,,,,,,,,Y,3,0,2,2,A,-,01,23152,A,F,D,C,A,A,H,-,A,D,0,,,,,Y,Y,D,22,0,2,0,0,0,0,0,0,0,"- ","- ",37.360599517822266,-120.74195098876953,MERCED,UNINCORPORATED,-120.74191284179688,37.360458374023438
91470599,2021,2021-05-11,9460,2021-04-29,1540,019005,,4,2,9,2400,0,3,5,,2,050,"KIBBY RD","E. SOUTH BEAR CREEK DRIVE",0.00,,Y,A,-,N,,,,,,,,,,N,4,0,1,2,A,-,12,22450,A,F,D,A,A,A,H,-,A,A,0,,,,,Y,,-,99,0,0,1,0,0,0,0,0,0,"- ","- ",37.310420989990234,-120.41503143310547,MERCED,UNINCORPORATED,-120.41501617431641,37.310398101806641
91493689,2021,2021-06-10,9460,2021-05-29,1820,019286,,6,2,9,2400,0,1,3,,1,165,SR-165,"WESTSIDE BOULEVARD",528.00,S,N,A,-,Y,,,,,,,,,,Y,4,0,1,2,A,-,03,22350,,N,A,C,A,A,H,-,A,D,0,,,,,Y,,A,01,0,0,1,0,0,0,0,0,0,"- ","- ",37.212818145751953,-120.51103973388672,MERCED,UNINCORPORATED,-120.84935760498047,37.359153747558594
91506382,2021,2021-06-25,9460,2021-06-20,0115,021150,,7,3,9,2400,0,3,5,,2,070,"HARVEY PETTIT RD.","MINTURN RD.",4752.00,W,N,A,-,N,,,,,,,,,,Y,4,0,2,2,A,-,08,22107,,N,B,C,A,A,H,-,D,D,0,,,,,Y,,A,01,0,0,2,0,0,0,0,0,0,"- ","- ",37.170978546142578,-120.29181671142578,MERCED,UNINCORPORATED,-120.29082489013672,37.170989990234375
91546813,2021,2021-08-17,9460,2021-08-10,1455,018603,,2,2,3,2401,0,1,3,,2,002,"SR-99 S/B","APPLEGATE RD",1056.00,S,N,A,-,Y,,,99,,,,,,S,Y,4,0,3,4,A,-,03,22350,,N,C,C,A,A,D,-,A,D,0,,,,Y,Y,,F,27,0,0,3,0,0,0,0,0,0,"- ","- ",37.3431396484375,-120.60945129394531,MERCED,ATWATER,-120.60945892333984,37.343109130859375
91639422,2021,2021-12-01,9461,2021-11-22,0405,021854,,1,3,9,2400,0,3,5,,2,040,"SAND SLOUGH RD.","NICKLE RD.",120.00,E,N,E,-,N,,,,,,,,,,Y,3,0,2,1,A,-,08,22107,,N,E,I,A,B,H,-,D,D,0,,,,,Y,,A,08,0,2,0,0,0,0,0,0,0,"- ","- ",,,MERCED,UNINCORPORATED,-120.68344879150391,37.171810150146484
9275350,2021,2021-07-07,2406,2021-05-31,1226,301,1,1,5,5,2406,0,0,0,,0,010,"G ST","BROOKDALE DR",0.00,,Y,A,-,N,,,,,,,,,,N,2,0,1,2,A,-,09,21801,A,N,D,G,A,A,H,-,A,D,0,,Y,,,Y,,A,01,1,0,0,0,0,0,1,0,0,"- ","- ",,,MERCED,MERCED,-120.4693603515625,37.321666717529297
9290678,2021,2021-08-24,2406,2021-07-07,1545,306,3,3,5,5,2406,0,0,0,,0,031,"WEST 13TH ST","N ST",65.00,E,N,A,-,N,,,,,,,,,,N,4,0,1,2,A,-,03,22350,,F,C,C,A,A,H,-,A,D,0,,,,,Y,,A,01,0,0,1,0,0,0,0,0,0,"- ","- ",,,MERCED,MERCED,-120.48861694335938,37.298183441162109
9312761,2021,2021-09-09,2406,2021-08-04,0219,267,3,3,5,5,2406,0,0,0,,0,031,"R ST","W 11TH",78.00,N,N,A,-,N,,,,,,,,,,Y,3,0,1,2,-,-,"- ",,,N,F,E,A,A,H,-,C,D,0,,,,,Y,,D,22,0,1,0,0,0,0,0,0,0,"- ","- ",,,MERCED,MERCED,-120.49593353271484,37.298633575439453
9377711,2021,2021-12-28,2404,2021-08-28,0119,X48,,6,5,3,2404,0,0,0,,0,,"PRUSSO ST","I ST",106.00,N,N,A,-,N,,,,,,,,,,Y,3,0,1,3,A,-,01,23152,A,N,B,E,A,A,H,-,C,D,0,,,,,Y,Y,A,01,0,1,0,0,0,0,0,0,0,"- ","- ",37.379501342773438,-120.72702789306641,MERCED,LIVINGSTON,-120.72682189941406,37.379421234130859
9453261,2021,2022-06-30,2405,2021-12-08,0548,PD35,3,3,5,3,2405,0,0,0,,0,0B3,"ORTIGALITA RD","CARDOZA RD",0.00,,Y,A,-,N,,,,,,,,,,N,2,0,1,2,A,-,10,21950,A,N,G,B,B,A,H,-,C,A,0,Y,,,,Y,,D,22,1,0,0,0,1,0,0,0,0,"- ","- ",37.049339294433594,-120.87201690673828,MERCED,"LOS BANOS",-120.87201690673828,37.049346923828125
91445248,2021,2021-04-07,9460,2021-03-31,2307,020840,,3,3,9,2400,0,3,5,,2,030,"ASHBY ROAD","FERN ST",400.00,W,N,A,-,N,,,,,,,,,,Y,4,0,1,2,A,-,09,21804,A,N,A,C,A,A,H,-,C,D,0,,,,,Y,,A,01,0,0,1,0,0,0,0,0,0,"- ","- ",37.317630767822266,-120.53096771240234,MERCED,UNINCORPORATED,-120.53092956542969,37.317596435546875
91466535,2021,2021-05-05,9460,2021-04-28,1629,019806,,3,2,9,2400,0,3,5,,2,080,"SANDY MUSH RD","DAN MC NAMARA RD",4224.00,E,N,A,-,N,,,,,,,,,,N,3,0,1,1,A,-,08,22107,,N,E,I,A,A,H,-,A,D,0,,,,,Y,,A,01,0,1,0,0,0,0,0,0,0,"- ","- ",37.186168670654297,-120.65411376953125,MERCED,UNINCORPORATED,-120.67098236083984,37.186138153076172
91562266,2021,2021-10-20,9461,2021-08-25,1210,020486,,3,1,9,2400,0,2,4,,1,110,"STATE HIGHWAY 33","PLAZA DRIVE",100.00,N,N,A,-,Y,,,33,,,,,,,Y,4,0,2,3,A,-,09,21802,A,F,D,C,A,A,H,-,A,D,0,,,,Y,Y,Y,A,07,0,0,2,0,0,0,0,0,0,"- ","- ",37.112560272216797,-121.01570129394531,MERCED,UNINCORPORATED,-121.01570892333984,37.112560272216797
91587473,2021,2021-10-04,9460,2021-09-25,0728,018966,,6,1,9,2400,0,3,5,,2,020,"MERCED AVE","LETTEAU AVE",450.00,S,N,A,-,N,,,,,,,,,,Y,4,0,1,2,A,-,08,22107,,N,C,E,A,A,H,-,A,D,0,,,,,Y,,D,22,0,0,1,0,0,0,0,0,0,"- ","- ",37.432891845703125,-120.79505920410156,MERCED,UNINCORPORATED,-120.79510498046875,37.432884216308594
91651703,2021,2021-12-14,9461,2021-12-10,1010,020351,,5,1,9,2400,0,3,5,,2,050,"HENRY MILLER AVENUE","MONROE AVE",3168.00,W,N,A,-,N,,,,,,,,,,Y,4,0,1,1,A,-,08,22107,,N,E,I,A,A,H,-,A,D,0,,,,,Y,,A,01,0,0,1,0,0,0,0,0,0,"- ","- ",37.099910736083984,-120.89147186279297,MERCED,UNINCORPORATED,-120.89111328125,37.099979400634766
9206181,2021,2021-10-06,2405,2021-01-30,2026,PD54,1,6,5,3,2405,0,0,0,,0,0B1,"OVERLAND AV","N 2ND ST",0.00,,Y,A,-,N,,,,,,,,,,Y,4,0,1,2,A,-,09,21802,A,N,D,C,A,A,H,-,C,A,0,,,,,Y,,-,,0,0,1,0,0,0,0,0,0,"- ","- ",37.074081420898438,-120.84977722167969,MERCED,"LOS BANOS",-120.85041809082031,37.073734283447266
9221810,2021,2021-03-10,2406,2021-01-03,1833,296,3,7,5,5,2406,0,0,0,,0,030,"MARTIN LUTHER KING  JR WY","WEST 11TH ST",0.00,,Y,A,-,Y,MER,10,59,-,-,14.580,I,5,N,Y,3,0,2,2,A,-,12,22450,A,N,D,C,A,A,H,-,C,D,0,,,,,Y,,A,01,0,1,1,0,0,0,0,0,0,"- ","- ",,,MERCED,MERCED,-120.48397064208984,37.294036865234375
9222815,2021,2021-03-18,2406,2021-01-05,1722,290,1,2,5,5,2406,0,0,0,,0,011,"M ST","W DONNA ST",255.00,N,N,A,-,N,,,,,,,,,,Y,4,0,2,2,A,-,03,22350,,N,C,C,A,A,H,-,C,D,0,,,,,Y,,A,01,0,0,2,0,0,0,0,0,0,"- ","- ",,,MERCED,MERCED,-120.47846984863281,37.330410003662109
9453267,2021,2022-07-06,2405,2021-11-22,1123,PD49,2,1,5,3,2405,0,0,0,,0,0B2,"RT 152","MERCEY SPRINGS RD",852.00,E,N,A,-,Y,MER,10,152,-,-,21.430,H,-,W,N,4,0,1,2,A,-,03,22350,,N,C,C,A,A,H,-,A,D,0,,,,,Y,,D,72,0,0,1,0,0,0,0,0,0,"- ","- ",37.056991577148438,-120.83334350585938,MERCED,"LOS BANOS",-120.83247375488281,37.056953430175781
91658660,2021,2021-12-22,9461,2021-12-12,0445,018586,,7,3,9,2400,0,1,3,,2,453,"SR-152 E/B","PALM AVE",2640.00,W,N,A,-,Y,,,,,,,,,,Y,2,0,1,2,A,-,07,21658,A,M,B,C,A,A,H,-,D,D,0,,,,,Y,Y,A,01,1,0,0,0,0,0,0,0,0,"- ","- ",37.048458099365234,-120.92588043212891,MERCED,UNINCORPORATED,-120.62638854980469,37.048515319824219
91689722,2021,2022-01-31,9460,2021-09-09,0421,019005,,4,3,9,2400,0,1,3,,1,591,SR-59,"CANTON RD",918.00,N,N,A,-,Y,,,59,,,,,,,Y,1,1,2,3,A,-,01,23152,A,F,A,C,A,A,H,-,D,D,0,,,,,Y,Y,D,22,1,1,0,0,0,0,0,0,0,"- ","- ",37.203128814697266,-120.48809814453125,MERCED,UNINCORPORATED,-120.48812866210938,37.203128814697266
9227280,2021,2021-04-23,2406,2021-03-05,1601,299,2,5,5,5,2406,0,0,0,,0,020,"E 15TH","E G ST",6.00,E,N,A,-,N,,,,,,,,,,N,3,0,1,2,A,-,09,21802,,N,D,G,A,A,H,-,A,A,0,,Y,,,Y,,A,07,0,1,0,0,0,0,1,0,0,"- ","- ",,,MERCED,MERCED,-120.47715759277344,37.296371459960938
9277219,2021,2021-06-09,2406,2021-04-30,1551,256,1,5,5,5,2406,0,0,0,,0,010,"PARK AV","COLLEGE GREEN DR",0.00,,Y,A,-,N,,,,,,,,,,N,3,0,1,2,A,-,09,21802,A,N,D,C,A,A,H,-,A,A,0,,,,,Y,,A,07,0,1,0,0,0,0,0,0,0,"- ","- ",,,MERCED,MERCED,-120.47305297851562,37.318149566650391
9299421,2021,2021-09-03,2401,2021-07-06,1349,720,4,2,5,3,2401,0,0,0,,0,004,"WINTON WAY AV","DRAKELEY AV",0.00,,Y,A,-,N,,,,,,,,,,N,4,0,1,2,A,-,09,21804,,N,H,D,A,A,H,-,A,D,0,,,,,Y,,A,01,0,0,1,0,0,0,0,0,0,"- ","- ",,,MERCED,ATWATER,-120.61322784423828,37.350181579589844
91474694,2021,2021-05-27,9461,2021-05-05,1848,017029,,3,2,9,2400,0,1,3,,1,153,"SR-152 E/B","ROMERO VISITOR CENTER",4752.00,E,N,A,-,Y,,,152,,,,,,E,Y,2,0,1,2,A,-,08,22107,,N,E,I,A,A,H,-,A,A,0,,,,,Y,,A,07,1,0,0,0,0,0,0,0,0,"- ","- ",37.078620910644531,-121.08802795410156,MERCED,UNINCORPORATED,-121.08800506591797,37.078659057617188
9357362,2021,2021-11-30,2406,2021-10-25,1543,256,2,1,5,5,2406,0,0,0,,0,020,"G ST","WEST 21ST ST",0.00,,Y,A,-,N,,,,,,,,,,Y,4,0,2,2,A,-,17,21451,A,N,D,C,A,A,H,-,A,A,0,,,,,Y,,A,08,0,0,2,0,0,0,0,0,0,"- ","- ",,,MERCED,MERCED,-120.47355651855469,37.302696228027344
91438403,2021,2021-03-29,9461,2021-03-26,0550,017329,,5,3,9,2400,0,1,1,,2,205,"I-5 S/B","VOLTA ROAD",1000.00,N,N,A,-,Y,,,5,,,,,,S,Y,4,0,1,2,A,-,03,22350,,N,C,C,A,A,H,-,D,D,0,,,,,Y,,A,07,0,0,1,0,0,0,0,0,0,"- ","- ",37.016620635986328,-120.93116760253906,MERCED,UNINCORPORATED,-120.93120574951172,37.016586303710938
91545665,2021,2021-08-16,9460,2021-08-04,0054,021320,,3,3,9,2400,0,3,5,,2,010,"WILLIAMS AVE.","WASHINGTON ROAD",1584.00,E,N,A,-,N,,,,,,,,,,N,2,0,3,1,A,-,08,22107,,N,E,I,A,A,H,-,D,D,0,,,,,Y,,A,01,3,0,0,0,0,0,0,0,0,"- ","- ",37.390079498291016,-120.89115905761719,MERCED,UNINCORPORATED,-120.89949798583984,37.390098571777344
91615965,2021,2021-11-04,9460,2021-10-25,0545,015305,,1,3,9,2400,0,1,3,,1,591,"STATE ROUTE 59","MILES CREEK",3696.00,S,N,C,-,N,,,59,,,,,,,Y,3,0,1,3,A,-,03,22350,,N,C,C,A,B,H,-,D,D,0,,,,Y,Y,,G,25,0,1,0,0,0,0,0,0,0,"- ","- ",37.244770050048828,-120.48789978027344,MERCED,UNINCORPORATED,-120.488037109375,37.244770050048828
91641066,2021,2021-12-02,9461,2021-11-29,0810,021387,,1,1,9,2400,0,1,3,,1,103,"SR-33 S/B",I-5,30.00,W,N,A,-,Y,,,33,,,,,,S,Y,4,0,1,1,A,-,08,22107,,N,F,A,A,A,H,-,A,A,0,,,,Y,Y,,F,26,0,0,1,0,0,0,0,0,0,"- ","- ",37.103870391845703,-121.01584625244141,MERCED,UNINCORPORATED,-121.01581573486328,37.103866577148438
9225470,2021,2021-03-09,2401,2021-01-27,1525,714,,3,5,3,2401,0,0,0,,0,003,"E BROADWAY","POWER POLE 120315063",24.00,N,N,C,-,N,,,,,,,,,,Y,4,0,1,1,A,-,03,22350,,N,E,I,A,B,H,-,A,A,0,,,,,Y,Y,A,07,0,0,1,0,0,0,0,0,0,"- ","- ",37.336048126220703,-120.57673645019531,MERCED,ATWATER,,
9250196,2021,2021-05-03,2406,2021-04-07,1620,256,2,3,5,5,2406,0,0,0,,0,020,"S PARSONS AV","DINKEY CREEK AV",0.00,,Y,A,-,N,,,,,,,,,,N,4,0,3,2,A,-,09,21802,A,N,D,C,A,A,H,-,A,A,0,,,,,Y,,A,01,0,0,3,0,0,0,0,0,0,"- ","- ",,,MERCED,MERCED,-120.45164489746094,37.285003662109375
9259635,2021,2021-06-02,2401,2021-04-24,0700,718,4,6,5,3,2401,0,0,0,,0,004,"ATWATER BL","3RD ST",0.00,,Y,A,-,N,,,,,,,,,,N,2,0,1,1,A,-,05,21650,A,N,E,J,A,A,H,-,A,D,0,,,,,Y,,D,22,1,0,0,0,0,0,0,0,0,"- ","- ",37.345668792724609,-120.60832214355469,MERCED,ATWATER,-120.60935974121094,37.346031188964844
9325840,2021,2021-10-04,2406,2021-08-24,0434,267,2,2,5,5,2406,0,0,0,,0,020,"E 18TH ST","D ST",6.00,E,N,A,-,N,,,,,,,,,,Y,3,0,1,2,A,-,03,22350,,N,D,E,A,A,H,-,D,D,0,,,,,Y,,A,01,0,1,0,0,0,0,0,0,0,"- ","- ",,,MERCED,MERCED,-120.47063446044922,37.2979736328125
91392321,2021,2021-01-21,9460,2021-01-20,1618,015398,,3,2,9,2400,0,3,5,,2,030,"BELLEVUE RD","GROVE AVE.",0.00,,Y,A,-,N,,,,,,,,,,Y,4,0,2,2,A,-,09,21801,A,N,A,C,A,A,H,-,A,D,0,,,,,Y,,A,01,0,0,2,0,0,0,0,0,0,"- ","- ",37.360370635986328,-120.64125823974609,MERCED,UNINCORPORATED,-120.64126586914062,37.360340118408203
91439334,2021,2021-03-30,9461,2021-03-20,0725,017080,,6,1,9,2400,0,3,5,,2,010,"OVERLAND ROAD","JOHNSON ROAD",1056.00,E,N,A,-,N,,,,,,,,,,N,3,0,1,2,A,-,03,22350,,N,G,B,E,A,H,-,B,D,0,Y,,,,Y,,A,07,0,1,0,0,1,0,0,0,0,"- ","- ",37.073558807373047,-120.85616302490234,MERCED,UNINCORPORATED,-120.85723876953125,37.073680877685547
91509829,2021,2021-06-30,9461,2021-06-22,1515,021854,,2,2,9,2400,0,3,5,,2,010,"HUNT RD.","TAGLIO RD.",528.00,S,N,A,-,N,,,,,,,,,,N,4,0,1,1,C,-,18,,,N,E,J,A,A,H,-,A,D,0,,,,,Y,,-,"- ",0,0,1,0,0,0,0,0,0,"- ","- ",37.214820861816406,-120.99410247802734,MERCED,UNINCORPORATED,-120.99406433105469,37.215423583984375
91603789,2021,2021-10-22,9460,2021-10-14,1603,021407,,4,2,9,2400,0,1,3,,1,590,SR-59,"OAKDALE ROAD",0.00,,Y,A,-,Y,,,59,,,,,,,Y,3,0,1,2,A,-,09,21801,A,N,D,C,A,A,H,-,A,A,0,,,,,Y,,A,01,0,1,0,0,0,0,0,0,0,"- ","- ",37.410800933837891,-120.50530242919922,MERCED,UNINCORPORATED,-120.50526428222656,37.410820007324219
9206201,2021,2021-10-07,2405,2021-01-08,1900,PD44,1,5,5,3,2405,0,0,0,,0,0B1,"F ST","5TH ST",0.00,,Y,A,-,N,,,,,,,,,,N,4,0,1,2,A,-,09,21801,A,N,A,C,A,A,H,-,C,A,0,,,,,Y,,A,01,0,0,1,0,0,0,0,0,0,"- ","- ",37.064571380615234,-120.84726715087891,MERCED,"LOS BANOS",-120.84724426269531,37.064556121826172
9227381,2021,2021-04-19,2406,2021-03-01,2100,298,2,1,5,5,2406,0,0,0,,0,020,"M ST","WEST MAIN ST",0.00,,Y,A,-,N,,,,,,,,,,Y,4,0,1,2,-,-,"- ",,A,N,D,C,A,A,H,-,C,A,0,,,,,Y,,A,01,0,0,1,0,0,0,0,0,0,"- ","- ",,,MERCED,MERCED,-120.48483276367188,37.302013397216797
91394259,2021,2021-01-26,9460,2021-01-14,1000,016323,,4,1,9,2400,0,1,3,,1,143,"STATE ROUTE 140","21 ST",149.00,E,N,A,-,Y,,,140,,,,,,,Y,4,0,2,1,A,-,08,22107,,N,E,I,A,A,H,-,A,A,0,,,,,Y,,A,01,0,0,2,0,0,0,0,0,0,"- ","- ",37.295330047607422,-120.45310211181641,MERCED,UNINCORPORATED,-120.45310211181641,37.295181274414062
91495918,2021,2021-06-14,9460,2021-06-07,2200,020253,,1,3,5,2406,0,1,3,,2,003,"STATE ROUTE 99 N/B","STATE ROUTE 59",350.00,S,N,A,-,Y,,,99,,,,,,N,N,4,0,1,2,A,-,03,22350,,N,C,C,A,A,D,-,D,D,0,,,,,Y,,A,01,0,0,1,0,0,0,0,0,0,"- ","- ",37.302719116210938,-120.49944305419922,MERCED,MERCED,-120.49939727783203,37.302829742431641
91501982,2021,2021-06-21,9460,2021-06-17,2020,020840,,4,2,9,2400,0,1,3,,2,002,"SR-99 S/B","SULTANA DRIVE",1584.00,S,N,A,-,Y,,,99,,,,,,S,N,3,0,2,2,A,-,03,22350,,N,C,C,A,A,H,-,B,D,0,,,,,Y,,A,01,0,2,0,0,0,0,0,0,0,"- ","- ",37.371280670166016,-120.67752075195312,MERCED,UNINCORPORATED,-120.677490234375,37.371322631835938
91538837,2021,2021-08-06,9460,2021-08-01,1520,018673,,7,2,9,2400,0,1,3,,1,165,SR-165,"BLOSS AVENUE",120.00,S,N,A,-,Y,,,165,,,,,,,N,4,0,2,2,A,-,03,22350,,N,C,C,A,A,H,-,A,D,0,,,,,Y,,A,01,0,0,2,0,0,0,0,0,0,"- ","- ",37.404041290283203,-120.85006713867188,MERCED,UNINCORPORATED,-120.85013580322266,37.404041290283203
91605080,2021,2021-10-25,9460,2021-10-09,1025,019918,,6,1,9,2400,0,1,3,,2,001,"SR-99 N/B","COLLIER ROAD",272.00,S,N,A,-,Y,,,99,,,,,,N,Y,3,0,1,2,A,-,07,21658,A,N,B,C,A,A,D,-,A,D,0,,,,Y,Y,,A,07,0,1,0,0,0,0,0,0,0,"- ","- ",37.408359527587891,-120.75124359130859,MERCED,UNINCORPORATED,-120.75124359130859,37.408355712890625
9338096,2021,2021-09-30,2406,2021-08-13,1627,255,1,5,5,5,2406,0,0,0,,0,010,"EAST YOSEMITE AV","E YOSEMITE AV 1390",300.00,S,N,A,-,N,,,,,,,,,,N,3,0,1,2,B,-,22,,,N,A,G,A,A,H,-,A,D,0,,Y,,,Y,,A,07,0,1,0,0,0,0,1,0,0,"- ","- ",,,MERCED,MERCED,,
91525341,2021,2021-07-21,9461,2021-07-19,0131,021126,,1,3,9,2400,0,3,5,,2,010,"CANAL SCHOOL ROAD","BRAZO ROAD",1584.00,N,N,A,-,N,,,,,,,,,,Y,3,0,1,1,A,-,01,23152,A,N,F,I,A,A,H,-,D,D,0,,,,,Y,Y,A,07,0,1,0,0,0,0,0,0,0,"- ","- ",37.306930541992188,-121.00843811035156,MERCED,UNINCORPORATED,-121.00829315185547,37.308139801025391