CASE_ID,ACCIDENT_YEAR,PROC_DATE,JURIS,COLLISION_DATE,COLLISION_TIME,OFFICER_ID,REPORTING_DISTRICT,DAY_OF_WEEK,CHP_SHIFT,POPULATION,CNTY_CITY_LOC,SPECIAL_COND,BEAT_TYPE,CHP_BEAT_TYPE,CITY_DIVISION_LAPD,CHP_BEAT_CLASS,BEAT_NUMBER,PRIMARY_RD,SECONDARY_RD,DISTANCE,DIRECTION,INTERSECTION,WEATHER_1,WEATHER_2,STATE_HWY_IND,CALTRANS_COUNTY,CALTRANS_DISTRICT,STATE_ROUTE,ROUTE_SUFFIX,POSTMILE_PREFIX,POSTMILE,LOCATION_TYPE,RAMP_INTERSECTION,SIDE_OF_HWY,TOW_AWAY,COLLISION_SEVERITY,NUMBER_KILLED,NUMBER_INJURED,PARTY_COUNT,PRIMARY_COLL_FACTOR,PCF_CODE_OF_VIOL,PCF_VIOL_CATEGORY,PCF_VIOLATION,PCF_VIOL_SUBSECTION,HIT_AND_RUN,TYPE_OF_COLLISION,MVIW,PED_ACTION,ROAD_SURFACE,ROAD_COND_1,ROAD_COND_2,LIGHTING,CONTROL_DEVICE,CHP_ROAD_TYPE,PEDESTRIAN_ACCIDENT,BICYCLE_ACCIDENT,MOTORCYCLE_ACCIDENT,TRUCK_ACCIDENT,NOT_PRIVATE_PROPERTY,ALCOHOL_INVOLVED,STWD_VEHTYPE_AT_FAULT,CHP_VEHTYPE_AT_FAULT,COUNT_SEVERE_INJ,COUNT_VISIBLE_INJ,COUNT_COMPLAINT_PAIN,COUNT_PED_KILLED,COUNT_PED_INJURED,COUNT_BICYCLIST_KILLED,COUNT_BICYCLIST_INJURED,COUNT_MC_KILLED,COUNT_MC_INJURED,PRIMARY_RAMP,SECONDARY_RAMP,LATITUDE,LONGITUDE,COUNTY,CITY,POINT_X,POINT_Y
91553824,2021,2021-08-25,9460,2021-08-14,2234,021320,,6,3,9,2400,0,1,3,,1,165,SR-165,"2ND AVE",3168.00,N,N,A,-,Y,,,165,,,,,,,Y,3,0,2,2,A,-,01,23152,A,F,B,C,A,A,H,-,D,D,0,,,,,Y,Y,A,01,0,2,0,0,0,0,0,0,0,"- ","- ",37.338100433349609,-120.85109710693359,MERCED,UNINCORPORATED,-120.85097503662109,37.338096618652344
91578194,2021,2021-09-23,9460,2021-09-17,1623,018292,,5,2,9,2400,0,3,5,,2,100,"RIVER RD.","BLOW RD.",1584.00,W,N,A,-,N,,,,,,,,,,Y,4,0,1,1,A,-,08,22107,,N,F,A,A,A,H,-,A,D,0,,,,,Y,,A,01,0,0,1,0,0,0,0,0,0,"- ","- ",37.346370697021484,-120.94779968261719,MERCED,UNINCORPORATED,-120.94736480712891,37.346321105957031
9247292,2021,2023-06-17,2406,2021-01-18,1933,295,2,1,5,5,2406,0,0,0,,0,020,"G ST","W MAIN",89.00,S,N,A,-,N,,,,,,,,,,N,1,1,0,2,A,-,05,21202,A,F,C,G,A,A,H,-,C,D,0,,Y,,,Y,,L,04,0,0,0,0,0,1,0,0,0,"- ","- ",,,MERCED,MERCED,-120.4759521484375,37.298454284667969
9302377,2021,2021-08-12,2405,2021-03-12,2112,PD47,2,5,5,3,2405,0,0,0,,0,0B2,"G ST","SAN JUAN ST",0.00,,Y,A,-,N,,,,,,,,,,Y,3,0,1,1,A,-,08,22107,,N,F,A,A,A,H,-,C,A,0,,,,,Y,,A,01,0,1,0,0,0,0,0,0,0,"- ","- ",37.060131072998047,-120.83956146240234,MERCED,"LOS BANOS",-120.83957672119141,37.060127258300781
91657372,2021,2021-12-21,9460,2021-12-05,0030,020099,,7,3,9,2400,0,1,3,,1,165,"SR-165 N/B","WESTSIDE BLVD",938.00,S,N,E,-,Y,,,,,,,,,,Y,2,0,2,1,A,-,01,23152,A,N,A,I,A,B,H,-,D,D,0,,,,,Y,Y,A,01,2,0,0,0,0,0,0,0,0,"- ","- ",37.359340667724609,-120.84921264648438,MERCED,UNINCORPORATED,-120.85013580322266,37.35821533203125
9240082,2021,2021-04-28,2406,2021-03-25,1320,256,2,4,5,5,2406,0,0,0,,0,020,"RT 140","KELLY AV",3.00,W,N,A,-,Y,MER,10,140,-,-,36.878,I,5,E,Y,2,0,1,2,A,-,08,22100,A,F,D,C,A,A,H,-,A,A,0,,,Y,,Y,,A,07,1,0,0,0,0,0,0,0,1,"- ","- ",,,MERCED,MERCED,-120.44841003417969,37.295150756835938
9283922,2021,2021-06-23,2406,2021-05-19,2232,155,"3 ",3,5,5,2406,0,0,0,,0,031,"THORNTON RD","DICKENSON FERRY RD",1584.00,N,N,A,-,N,,,,,,,,,,Y,4,0,1,2,A,-,05,21650,,F,H,A,A,A,H,-,D,A,0,,,,,Y,,-,,0,0,1,0,0,0,0,0,0,"- ","- ",,,MERCED,MERCED,-120.52390289306641,37.277568817138672
9324043,2021,2021-09-27,2406,2021-08-11,0945,256,2,3,5,5,2406,0,0,0,,0,020,"CHILDS AV","MOTTEL DR",200.00,W,N,A,-,N,,,,,,,,,,Y,3,0,2,2,A,-,05,21650,,N,A,C,A,A,H,-,A,A,0,,,,,Y,,D,22,0,2,0,0,0,0,0,0,0,"- ","- ",,,MERCED,MERCED,-120.45489501953125,37.288440704345703
9406333,2021,2022-02-18,2405,2021-07-24,2127,PD57,2,6,5,3,2405,0,0,0,,0,0B2,"WARD RD","CANAL FARM LN",147.00,S,N,A,-,N,,,,,,,,,,Y,4,0,2,2,A,-,09,21801,A,N,D,C,A,A,H,-,C,D,0,,,,,Y,,A,01,0,0,2,0,0,0,0,0,0,"- ","- ",37.058750152587891,-120.81754302978516,MERCED,"LOS BANOS",-120.81771850585938,37.058284759521484
91399550,2021,2021-02-01,9460,2021-01-24,2303,019005,,7,3,9,2400,0,1,3,,1,590,SR-59,"OAKDALE RD",4224.00,N,N,C,-,Y,,,59,,,,,,,Y,4,0,1,1,A,-,01,23152,A,N,E,I,A,A,H,-,D,D,0,,,,,Y,Y,D,22,0,0,1,0,0,0,0,0,0,"- ","- ",37.427360534667969,-120.50762939453125,MERCED,UNINCORPORATED,-120.50756072998047,37.427330017089844
91602955,2021,2021-10-21,9460,2021-10-15,1543,018966,,5,2,9,2400,0,2,4,,1,091,"LINCOLN BLVD",SR-140,0.00,,Y,A,-,Y,,,,,,,,,,Y,4,0,1,2,A,-,09,21802,A,N,D,C,A,A,H,-,A,A,0,,,,,Y,,A,07,0,0,1,0,0,0,0,0,0,"- ","- ",37.299808502197266,-120.72409057617188,MERCED,UNINCORPORATED,-120.72411346435547,37.299808502197266
91632084,2021,2021-11-22,9461,2021-11-18,1610,021378,,4,2,9,2400,0,2,4,,1,110,"INGOMAR GRD","FAHEY RD",528.00,N,N,B,-,N,,,,,,,,,,Y,4,0,1,2,A,-,21,22106,,N,B,C,A,A,H,-,A,A,0,,,,,Y,,A,08,0,0,1,0,0,0,0,0,0,"- ","- ",37.123710632324219,-120.94650268554688,MERCED,UNINCORPORATED,-120.94640350341797,37.123348236083984
91647605,2021,2021-12-09,9460,2021-11-28,1835,020365,,7,2,9,2400,0,3,5,,2,030,"PALM AVE","JONES RD.",377.00,W,N,A,-,N,,,,,,,,,,Y,3,0,1,1,C,-,18,,,N,A,H,A,A,H,-,D,D,0,,,,,Y,,-,"- ",0,1,0,0,0,0,0,0,0,"- ","- ",37.418479919433594,-120.62367248535156,MERCED,UNINCORPORATED,-120.62327575683594,37.418350219726562
91663482,2021,2021-12-28,9460,2021-12-19,1134,019806,,7,1,3,2401,0,1,3,,2,002,"SR-99 S/B","ATWATER BLVD U/C",68.00,S,N,B,-,Y,,,99,,,,,,S,N,4,0,3,3,A,-,03,22350,,N,C,C,A,A,D,-,A,D,0,,,,,Y,,A,07,0,0,3,0,0,0,0,0,0,"- ","- ",37.340400695800781,-120.59391784667969,MERCED,ATWATER,-120.59390258789062,37.340187072753906
9269457,2021,2021-05-28,2406,2021-05-18,1214,129,CENTR,2,5,5,2406,0,0,0,,0,021,"W 18TH ST","N ST",0.00,,Y,A,-,N,,,,,,,,,,Y,4,0,2,2,A,-,12,22450,A,N,D,C,A,A,H,-,A,A,0,,,,Y,Y,,F,27,0,0,2,0,0,0,0,0,0,"- ","- ",,,MERCED,MERCED,-120.48577880859375,37.303550720214844
9461370,2021,2022-06-23,2405,2021-10-20,1533,PD52,5,3,5,3,2405,0,0,0,,0,B4/1,"STONEWOOD DR","BIRCHWOOD AV",161.00,S,N,A,-,N,,,,,,,,,,N,3,0,1,2,A,-,00,21120,B,N,-,G,A,A,H,-,A,D,0,,Y,,,Y,,L,04,0,1,0,0,0,0,1,0,0,"- ","- ",37.077911376953125,-120.84425354003906,MERCED,"LOS BANOS",-120.84352111816406,37.078567504882812
91560312,2021,2021-09-01,9461,2021-08-22,1915,021056,,7,2,9,2400,0,1,1,,2,105,"I-5 S/B","MCCABE RD",528.00,S,N,A,-,Y,,,5,,,,,,S,Y,4,0,2,2,A,-,08,22107,,N,B,C,A,A,H,-,A,D,0,,,,,Y,,A,01,0,0,2,0,0,0,0,0,0,"- ","- ",37.114761352539062,-121.02213287353516,MERCED,UNINCORPORATED,-121.02240753173828,37.114578247070312
9355276,2021,2021-11-06,2406,2021-10-25,0922,129,NORTH,1,5,5,2406,0,0,0,,0,011,"CHEYENNE DR","LOUGHBOROUGH DR",0.00,,Y,B,-,N,,,,,,,,,,Y,4,0,1,1,A,-,01,23152,A,N,E,I,A,A,H,-,A,A,0,,,,,Y,Y,A,01,0,0,1,0,0,0,0,0,0,"- ","- ",,,MERCED,MERCED,-120.49977874755859,37.320514678955078
9355278,2021,2021-11-06,2406,2021-10-01,1942,307,3,5,5,5,2406,0,0,0,,0,031,"R ST","WEST 13TH ST",0.00,,Y,A,-,N,,,,,,,,,,Y,4,0,1,2,A,-,07,21658,A,F,B,C,A,A,H,-,C,A,0,,,,,Y,,-,99,0,0,1,0,0,0,0,0,0,"- ","- ",,,MERCED,MERCED,-120.49485015869141,37.300491333007812
91435463,2021,2021-03-25,9461,2021-03-16,1538,021280,,2,2,9,2400,0,1,3,,1,503,SR-33,"ARROYO CANAL",420.00,S,N,A,-,N,,,33,,,,,,,Y,4,0,1,2,A,-,09,21801,A,F,A,C,A,A,H,-,A,D,0,,,,,Y,,D,22,0,0,1,0,0,0,0,0,0,"- ","- ",37.034858703613281,-120.63564300537109,MERCED,UNINCORPORATED,-120.63557434082031,37.034858703613281
91536488,2021,2021-08-04,9460,2021-07-21,1125,014541,,3,1,9,2400,0,1,3,,1,591,"STATE ROUTE 59","JEFFERSON AVE",685.00,N,N,A,-,Y,,,,,,,,,,N,3,0,1,2,A,-,05,21650,,F,B,C,A,A,H,-,A,D,0,,,,,Y,,-,99,0,1,0,0,0,0,0,0,0,"- ","- ",,,MERCED,UNINCORPORATED,-120.49232482910156,37.100299835205078
9236734,2021,2021-04-07,2406,2021-03-12,0837,299,2,5,5,5,2406,0,0,0,,0,021,"G ST","W 18TH ST",12.00,N,N,A,-,N,,,,,,,,,,Y,3,0,2,2,A,-,12,21453,A,N,D,C,A,A,H,-,A,A,0,,,,,Y,,A,07,0,2,0,0,0,0,0,0,0,"- ","- ",,,MERCED,MERCED,-120.47524261474609,37.299709320068359
9274383,2021,2021-07-02,2406,2021-06-01,1319,267,3,2,5,5,2406,0,0,0,,0,031,"WEST CHILDS AV","M ST",0.00,,Y,A,-,N,,,,,,,,,,Y,3,0,1,2,A,-,09,21804,A,N,D,C,A,A,H,-,A,A,0,,,,,Y,,A,01,0,1,0,0,0,0,0,0,0,"- ","- ",,,MERCED,MERCED,-120.49272918701172,37.288249969482422
9283861,2021,2021-07-26,2406,2021-06-18,1504,256,2,5,5,5,2406,0,0,0,,0,021,"R ST","WEST 15TH ST",190.00,N,N,A,-,N,,,,,,,,,,N,4,0,2,3,A,-,03,22350,,N,C,C,A,A,H,-,A,A,0,,,,,Y,,A,01,0,0,2,0,0,0,0,0,0,"- ","- ",,,MERCED,MERCED,-120.493408203125,37.302940368652344
9312762,2021,2021-08-25,2406,2021-07-30,1451,256,2,5,5,5,2406,0,0,0,,0,020,"G ST","EAST 21ST ST",0.00,,Y,A,-,N,,,,,,,,,,Y,4,0,2,2,A,-,12,21453,A,N,D,C,A,A,H,-,A,A,0,,,,,Y,,D,22,0,0,2,0,0,0,0,0,0,"- ","- ",,,MERCED,MERCED,-120.47355651855469,37.302696228027344
9404516,2021,2022-02-22,2405,2021-06-18,1429,PD55,5,5,5,3,2405,0,0,0,,0,B4/1,"BIRCHWOOD AV","WINDWOOD CT",86.00,E,N,A,-,N,,,,,,,,,,N,4,0,1,2,A,-,03,22350,,M,A,E,A,A,H,-,A,D,0,,,,,Y,,D,22,0,0,1,0,0,0,0,0,0,"- ","- ",37.078830718994141,-120.84745025634766,MERCED,"LOS BANOS",-120.8475341796875,37.079025268554688
91440374,2021,2021-03-31,9460,2021-03-20,1655,019806,,6,2,5,2406,0,1,3,,2,003,"SR-99 N/B","CANAL STREET",120.00,S,N,A,-,Y,,,99,,,,,,N,Y,2,0,1,1,A,-,08,22107,,N,E,I,A,A,H,-,A,D,0,,,,,Y,,A,08,1,0,0,0,0,0,0,0,0,"- ","- ",37.297500610351562,-120.48499298095703,MERCED,MERCED,-120.48497772216797,37.297534942626953
91662290,2021,2021-12-27,9461,2021-12-18,1025,017329,,6,1,9,2400,0,1,1,,2,205,"I-5 S/B",SR-165,5280.00,N,N,B,-,Y,,,5,,,,,,S,Y,4,0,3,3,A,-,03,22350,,N,C,C,A,A,H,-,A,D,0,,,,Y,Y,,G,25,0,0,3,0,0,0,0,0,0,"- ","- ",36.944568634033203,-120.85810852050781,MERCED,UNINCORPORATED,-120.85810089111328,36.944580078125
9323102,2021,2021-10-14,2401,2021-08-28,1917,734,4,6,5,3,2401,0,0,0,,0,004,"APPLEGATE RD","SYCAMORE AV",76.00,N,N,A,-,N,,,,,,,,,,N,4,0,1,2,A,-,03,22350,,N,C,C,A,A,H,-,A,A,0,,,,,Y,,D,22,0,0,1,0,0,0,0,0,0,"- ","- ",37.345760345458984,-120.61251068115234,MERCED,ATWATER,-120.61244964599609,37.345943450927734
91400596,2021,2021-02-02,9460,2021-01-21,1440,019838,,4,2,9,2400,0,2,4,,1,051,"SNELLING ROAD","YOUD RD",2640.00,N,N,A,-,N,,,,,,,,,,Y,2,0,1,1,A,-,08,22107,,N,F,A,A,A,H,-,A,D,0,,,Y,,Y,,C,02,1,0,0,0,0,0,0,0,1,"- ","- ",37.485298156738281,-120.44612884521484,MERCED,UNINCORPORATED,,
91418769,2021,2021-03-02,9461,2021-02-28,1835,021056,,7,2,2,2402,0,1,3,,1,503,"SR-33 N/B","SANTOS ST",0.00,,Y,A,-,Y,,,33,,,,,,N,Y,3,0,7,2,A,-,01,23152,A,N,D,C,A,A,H,-,D,D,0,,,,,Y,Y,A,01,0,2,5,0,0,0,0,0,0,"- ","- ",36.990409851074219,-120.63558197021484,MERCED,"DOS PALOS",-120.63558197021484,36.990409851074219
91491838,2021,2021-06-08,9460,2021-06-02,1544,018922,,3,2,9,2400,0,1,3,,1,142,SR-140,"FRANKLIN ROAD",300.00,W,N,A,-,N,,,140,,,,,,,Y,4,0,1,3,A,-,03,22350,,N,C,C,A,A,H,-,A,D,0,,,,,Y,,A,07,0,0,1,0,0,0,0,0,0,"- ","- ",37.302589416503906,-120.54225158691406,MERCED,UNINCORPORATED,-120.54225158691406,37.302639007568359
91512042,2021,2021-07-02,9461,2021-06-24,0630,021280,,4,1,9,2400,0,3,5,,2,020,"MERVEL AVE.",SR-165,1056.00,W,N,A,-,N,,,,,,,,,,Y,3,0,1,1,A,-,08,22107,,N,F,A,A,A,H,-,A,D,0,,,,Y,Y,,F,26,0,1,0,0,0,0,0,0,0,"- ","- ",36.969509124755859,-120.84382629394531,MERCED,UNINCORPORATED,-120.84113311767578,36.969436645507812
91620809,2021,2021-11-09,9460,2021-10-28,1745,019286,,4,2,9,2400,0,2,4,,1,042,"SANTA FE DRIVE","CALIFORNIA STREET",300.00,W,N,A,-,N,,,,,,,,,,N,4,0,1,2,A,-,03,22350,,N,C,C,A,A,H,-,A,D,0,,,,,Y,,A,07,0,0,1,0,0,0,0,0,0,"- ","- ",37.383880615234375,-120.61031341552734,MERCED,UNINCORPORATED,-120.60982513427734,37.383495330810547
91663738,2021,2021-12-28,9460,2021-12-22,0440,020099,,3,3,9,2400,0,1,S,,2,704,"SR-99 N/B","SOUTH AVE",1056.00,N,N,B,C,Y,,,99,,,,,,N,Y,3,0,1,1,A,-,03,22350,,N,E,I,A,B,H,-,D,D,0,,,,,Y,,A,01,0,1,0,0,0,0,0,0,0,"- ","- ",37.430839538574219,-120.77555847167969,MERCED,UNINCORPORATED,-120.77548980712891,37.430904388427734
9263903,2021,2021-06-08,2401,2021-04-01,1621,727,4,4,5,3,2401,0,0,0,,0,004,"ATWATER BL","MAPLE ST",0.00,,Y,A,-,N,,,,,,,,,,N,3,0,1,2,A,-,03,22350,,N,C,C,A,A,H,-,A,D,0,,,,,Y,,A,01,0,1,0,0,0,0,0,0,0,"- ","- ",37.348308563232422,-120.61611175537109,MERCED,ATWATER,-120.61610412597656,37.348297119140625
9355564,2021,2021-10-26,2406,2021-08-28,1200,308,2,6,5,5,2406,0,0,0,,0,021,"WEST 16TH ST","N ST",33.00,W,N,A,-,N,,,,,,,,,,N,3,0,1,2,A,-,03,22350,,N,C,C,A,A,H,-,A,D,0,,,,,Y,,A,07,0,1,0,0,0,0,0,0,0,"- ","- ",,,MERCED,MERCED,-120.487060546875,37.301578521728516
91389208,2021,2021-01-18,9460,2021-01-06,0026,019005,,3,3,9,2400,0,1,3,,1,590,SR-59,"TURLOCK RD",40.00,S,N,E,-,Y,,,59,,,,,,,Y,3,0,1,1,A,-,03,22350,,N,E,I,A,A,H,-,D,A,0,,,,,Y,,A,01,0,1,0,0,0,0,0,0,0,"- ","- ",37.493240356445312,-120.50173950195312,MERCED,UNINCORPORATED,-120.50160980224609,37.493068695068359
91407958,2021,2021-02-12,9460,2021-02-07,1445,021407,,7,2,9,2400,0,3,5,,2,010,"THIRD AVENUE","MCCULLAGH RD",1584.00,E,N,A,-,N,,,,,,,,,,Y,3,0,1,1,A,-,08,22107,,N,F,A,A,A,H,-,A,D,0,,,,Y,Y,,G,26,0,1,0,0,0,0,0,0,0,"- ","- ",37.327800750732422,-120.87220001220703,MERCED,UNINCORPORATED,-120.87293243408203,37.327796936035156
91589489,2021,2021-10-06,9461,2021-10-03,1430,019052,,7,2,9,2400,0,1,3,,1,153,"SR-152 E/B","DINOSAUR POINT RD",7392.00,E,N,A,-,Y,,,152,,,,,,E,Y,3,0,1,1,A,-,08,22107,,N,F,A,A,A,H,-,A,D,0,,,,,Y,,A,07,0,1,0,0,0,0,0,0,0,"- ","- ",37.077339172363281,-121.20018768310547,MERCED,UNINCORPORATED,-121.20018768310547,37.077335357666016
9338098,2021,2021-10-04,2406,2021-08-11,2116,275,2,3,5,5,2406,0,0,0,,0,020,"E S BEAR CRK","6TH AV",330.00,E,N,A,-,N,,,,,,,,,,N,2,0,1,2,A,-,11,21956,,F,A,B,D,A,H,-,D,D,0,Y,,,,Y,,N,60,1,0,0,0,1,0,0,0,0,"- ","- ",,,MERCED,MERCED,-120.46399688720703,37.308135986328125
9347031,2021,2021-10-30,2401,2021-09-03,1709,731,2,5,5,3,2401,0,0,0,,0,002,"EAST BELLEVUE RD",BROWNELL,0.00,,Y,A,-,N,,,,,,,,,,Y,3,0,1,2,A,-,08,22107,,N,D,C,A,A,H,-,A,D,0,,,,,Y,,A,81,0,1,0,0,0,0,0,0,0,"- ","- ",37.360931396484375,-120.5947265625,MERCED,ATWATER,-120.59353637695312,37.360477447509766
9377323,2021,2021-12-23,2404,2021-10-07,2013,X48,,4,5,3,2404,0,0,0,,0,,"OLDS AV","WALNUT AV",10.00,S,N,A,-,N,,,,,,,,,,Y,3,0,1,1,A,-,03,22350,,N,E,I,A,A,H,-,C,A,0,,,,,Y,,A,01,0,1,0,0,0,0,0,0,0,"- ","- ",37.389541625976562,-120.71565246582031,MERCED,LIVINGSTON,-120.71465301513672,37.389549255371094
91472336,2021,2021-05-13,9460,2021-05-07,0940,016917,,5,1,9,2400,0,3,5,,2,040,"YOUD RD","AMSTERDAM RD",2640.00,E,N,A,-,N,,,,,,,,,,Y,2,0,1,1,A,-,08,22107,,N,E,I,A,A,H,-,A,D,0,,,,,Y,,A,01,1,0,0,0,0,0,0,0,0,"- ","- ",37.447158813476562,-120.53254699707031,MERCED,UNINCORPORATED,-120.53955841064453,37.442329406738281
91549492,2021,2021-08-19,9461,2021-08-13,0012,021387,,5,3,9,2400,0,1,1,,2,105,I-5,"CALIFORNIA AQUEDUCT",1056.00,N,N,A,-,Y,,,5,,,,,,,Y,3,0,1,2,A,-,08,22107,,N,A,C,A,A,D,-,D,D,0,,,,,Y,,A,01,0,1,0,0,0,0,0,0,0,"- ","- ",37.069431304931641,-120.98200988769531,MERCED,UNINCORPORATED,-120.98194122314453,37.069496154785156
91557378,2021,2021-08-27,9461,2021-08-18,1200,017183,,3,1,9,2400,0,1,3,,1,465,"SR-152 W/B","BRANCO ROAD",0.00,,Y,B,-,Y,,,152,,,,,,W,Y,3,0,2,1,A,-,08,22107,,N,E,I,A,A,H,-,A,D,0,,,,,Y,,A,01,0,2,0,0,0,0,0,0,0,"- ","- ",37.055049896240234,-120.71714782714844,MERCED,UNINCORPORATED,-120.71715545654297,37.054828643798828
91602571,2021,2021-10-21,9460,2021-07-22,0540,015305,,4,3,5,2406,0,1,3,,2,003,"SR 99 (NORTHBOUND) TO E. 16TH STREET","E. 16TH STREET",823.00,S,N,A,-,Y,,,99,,,,R,,,N,1,1,0,2,A,-,11,21956,A,F,G,B,E,A,H,-,B,D,0,Y,,,,Y,,N,60,0,0,0,1,0,0,0,0,0,"- ","- ",37.296051025390625,-120.47023010253906,MERCED,MERCED,-120.47023010253906,37.296051025390625
91644279,2021,2021-12-06,9460,2021-11-21,0110,020967,,7,3,9,2400,0,1,3,,2,001,"SR-99 S/B","GOLDEN STATE BLVD",1584.00,S,N,A,-,Y,,,99,,,,,,S,Y,3,0,1,2,A,-,01,23152,A,N,C,E,A,A,H,-,D,D,0,,,,,Y,Y,A,01,0,1,0,0,0,0,0,0,0,"- ","- ",37.453819274902344,-120.80194854736328,MERCED,UNINCORPORATED,-120.80189514160156,37.453880310058594
9253555,2021,2021-05-17,2406,2021-04-12,1456,267,1,1,5,5,2406,0,0,0,,0,011,"OLIVEWOOD DR","R ST",0.00,,Y,A,-,N,,,,,,,,,,N,3,0,1,2,A,-,03,22350,A,N,C,C,A,A,H,-,A,A,0,,,,,Y,,A,07,0,1,0,0,0,0,0,0,0,"- ","- ",,,MERCED,MERCED,-120.48672485351562,37.318023681640625
9362411,2021,2021-12-08,2406,2021-10-28,2127,309,2,4,5,5,2406,0,0,0,,0,020,"EAST 21ST ST","WESTON WAY",1104.00,E,N,A,-,N,,,,,,,,,,Y,4,0,1,2,A,-,08,22107,,N,C,C,A,A,H,-,C,D,0,,,,,Y,,A,01,0,0,1,0,0,0,0,0,0,"- ","- ",,,MERCED,MERCED,-120.46421051025391,37.299236297607422
91402398,2021,2021-02-04,9460,2021-01-03,0050,020156,,7,3,9,2400,0,1,3,,1,165,SR-165,"WESTSIDE BLVD",175.00,N,N,A,-,Y,,,165,,,,,,,Y,4,0,1,2,A,-,01,23152,A,N,A,C,A,A,H,-,D,D,0,,,,Y,Y,Y,A,01,0,0,1,0,0,0,0,0,0,"- ","- ",37.361038208007812,-120.84880065917969,MERCED,UNINCORPORATED,-120.84947204589844,37.361141204833984
91515145,2021,2021-07-07,9460,2021-06-30,1940,019918,,3,2,9,2400,0,1,3,,2,002,"SR-99 N/B","HAMMATT AVE",2050.00,S,N,A,-,Y,,,99,,,,,,N,Y,4,0,1,2,A,-,08,22107,,N,E,I,A,A,D,-,A,D,0,,,,,Y,,A,01,0,0,1,0,0,0,0,0,0,"- ","- ",37.381961822509766,-120.70690155029297,MERCED,UNINCORPORATED,-120.70689392089844,37.381977081298828
91558766,2021,2021-08-30,9460,2021-08-26,1508,019918,,4,2,9,2400,0,3,5,,2,030,"FRANKLIN ROAD","SOHAN ROAD",30.00,S,N,A,-,N,,,,,,,,,,Y,3,0,2,4,A,-,03,22350,,N,C,C,A,A,H,-,A,D,0,,,,,Y,,A,07,0,1,1,0,0,0,0,0,0,"- ","- ",37.336139678955078,-120.54075622558594,MERCED,UNINCORPORATED,-120.54076385498047,37.336189270019531
91564642,2021,2021-09-07,9460,2021-08-26,1810,019918,,4,2,9,2400,0,3,5,,2,030,"CAMPBELL AVE","LIBERTY AVE",250.00,N,N,A,-,N,,,,,,,,,,N,3,0,1,1,A,-,08,22107,,N,F,A,A,A,H,-,A,D,0,,,Y,,Y,,C,02,0,1,0,0,0,0,0,0,1,"- ","- ",37.375358581542969,-120.67915344238281,MERCED,UNINCORPORATED,-120.67929840087891,37.375400543212891
91647371,2021,2021-12-09,9460,2021-11-28,2115,018778,,7,2,9,2400,0,1,3,,1,165,"SR-165 S/B","1ST ST",540.00,S,N,A,-,Y,,,165,,,,,,S,Y,4,0,1,2,A,-,09,21804,A,N,D,C,A,A,H,-,C,D,0,,,,,Y,,A,01,0,0,1,0,0,0,0,0,0,"- ","- ",37.406368255615234,-120.85012054443359,MERCED,UNINCORPORATED,-120.85010528564453,37.406368255615234
9286439,2021,2021-07-20,2401,2021-06-08,1900,728,4,2,5,3,2401,0,0,0,,0,004,"GROVE AV","5TH ST",119.00,W,N,A,-,N,,,,,,,,,,N,4,0,1,3,A,-,21,22106,,N,D,C,A,A,H,-,A,D,0,,,,,Y,,A,01,0,0,1,0,0,0,0,0,0,"- ","- ",37.351490020751953,-120.60919189453125,MERCED,ATWATER,-120.60903930664062,37.351642608642578
9347039,2021,2021-11-10,2401,2021-09-06,2000,730,2,1,5,3,2401,0,0,0,,0,002,"EAST BELLEVUE RD","GARDEN DR",0.00,,Y,A,-,N,,,,,,,,,,Y,4,0,1,2,A,-,09,21801,A,N,D,C,A,A,H,-,B,D,0,,,,,Y,,A,01,0,0,1,0,0,0,0,0,0,"- ","- ",33.736049652099609,-120.58468627929688,MERCED,ATWATER,-120.58271026611328,37.360511779785156
9388454,2021,2022-01-18,2406,2021-12-15,1737,308,2,3,5,5,2406,0,0,0,,0,020,"G ST","WEST 21ST ST",291.00,N,N,A,-,N,,,,,,,,,,N,4,0,1,2,A,-,03,22350,,N,C,C,A,A,H,-,C,A,0,,,,,Y,,A,01,0,0,1,0,0,0,0,0,0,"- ","- ",,,MERCED,MERCED,-120.47312164306641,37.303417205810547
91388088,2021,2021-01-15,9460,2021-01-10,1505,019918,,7,2,9,2400,0,1,3,,2,002,"SR-99 N/B","BEACHWOOD DR",880.00,S,N,A,-,Y,,,99,,,,,,N,Y,3,0,1,1,A,-,08,22107,,N,F,A,A,A,H,-,A,D,0,,,,,Y,,A,07,0,1,0,0,0,0,0,0,0,"- ","- ",37.315509796142578,-120.52590942382812,MERCED,UNINCORPORATED,-120.52590179443359,37.315525054931641