CASE_ID,ACCIDENT_YEAR,PROC_DATE,JURIS,COLLISION_DATE,COLLISION_TIME,OFFICER_ID,REPORTING_DISTRICT,DAY_OF_WEEK,CHP_SHIFT,POPULATION,CNTY_CITY_LOC,SPECIAL_COND,BEAT_TYPE,CHP_BEAT_TYPE,CITY_DIVISION_LAPD,CHP_BEAT_CLASS,BEAT_NUMBER,PRIMARY_RD,SECONDARY_RD,DISTANCE,DIRECTION,INTERSECTION,WEATHER_1,WEATHER_2,STATE_HWY_IND,CALTRANS_COUNTY,CALTRANS_DISTRICT,STATE_ROUTE,ROUTE_SUFFIX,POSTMILE_PREFIX,POSTMILE,LOCATION_TYPE,RAMP_INTERSECTION,SIDE_OF_HWY,TOW_AWAY,COLLISION_SEVERITY,NUMBER_KILLED,NUMBER_INJURED,PARTY_COUNT,PRIMARY_COLL_FACTOR,PCF_CODE_OF_VIOL,PCF_VIOL_CATEGORY,PCF_VIOLATION,PCF_VIOL_SUBSECTION,HIT_AND_RUN,TYPE_OF_COLLISION,MVIW,PED_ACTION,ROAD_SURFACE,ROAD_COND_1,ROAD_COND_2,LIGHTING,CONTROL_DEVICE,CHP_ROAD_TYPE,PEDESTRIAN_ACCIDENT,BICYCLE_ACCIDENT,MOTORCYCLE_ACCIDENT,TRUCK_ACCIDENT,NOT_PRIVATE_PROPERTY,ALCOHOL_INVOLVED,STWD_VEHTYPE_AT_FAULT,CHP_VEHTYPE_AT_FAULT,COUNT_SEVERE_INJ,COUNT_VISIBLE_INJ,COUNT_COMPLAINT_PAIN,COUNT_PED_KILLED,COUNT_PED_INJURED,COUNT_BICYCLIST_KILLED,COUNT_BICYCLIST_INJURED,COUNT_MC_KILLED,COUNT_MC_INJURED,PRIMARY_RAMP,SECONDARY_RAMP,LATITUDE,LONGITUDE,COUNTY,CITY,POINT_X,POINT_Y
91403775,2021,2021-02-08,9461,2021-02-03,1345,020351,,3,1,9,2400,0,1,3,,1,465,SR-165,"SALT SLOUGH BRIDGE",11299.00,S,N,A,-,Y,,,165,,,,,,,Y,3,0,2,2,A,-,08,22107,,M,F,A,A,A,H,-,A,A,0,,,,,Y,,D,22,0,1,1,0,0,0,0,0,0,"- ","- ",37.216659545898438,-120.85192108154297,MERCED,UNINCORPORATED,-120.85190582275391,37.216663360595703
91435509,2021,2021-03-25,9460,2021-03-16,1755,019286,,2,2,9,2400,0,3,5,,2,040,"WINTON WAY","PARK AVENUE",123.00,N,N,A,-,N,,,,,,,,,,N,4,0,1,2,A,-,03,22350,,N,B,C,A,A,H,-,A,D,0,,,,,Y,,A,07,0,0,1,0,0,0,0,0,0,"- ","- ",37.387519836425781,-120.61354827880859,MERCED,UNINCORPORATED,-120.61347961425781,37.387397766113281
91526839,2021,2021-07-22,9460,2021-07-12,0605,016323,,1,1,9,2400,0,3,5,,2,030,"BELLEVUE ROAD","OLIVE AVENUE",0.00,,Y,A,-,N,,,,,,,,,,Y,4,0,1,2,A,-,09,21802,A,N,D,C,A,A,H,-,A,A,0,,,,,Y,,A,01,0,0,1,0,0,0,0,0,0,"- ","- ",37.360748291015625,-120.64357757568359,MERCED,UNINCORPORATED,,
9254133,2021,2021-05-11,2406,2021-04-17,1719,256,1,6,5,5,2406,0,0,0,,0,011,"M ST","WEST YOSEMITE AV",1162.00,S,N,A,-,N,,,,,,,,,,Y,4,0,1,3,A,-,07,21658,A,N,C,E,A,A,H,-,A,D,0,,,,,Y,,A,01,0,0,1,0,0,0,0,0,0,"- ","- ",,,MERCED,MERCED,-120.47849273681641,37.32891845703125
9367930,2021,2021-12-07,2406,2021-10-10,1016,294,2,7,5,5,2406,0,0,0,,0,021,"M ST","19TH ST",0.00,,Y,A,-,N,,,,,,,,,,Y,3,0,3,2,A,-,12,21453,A,N,D,C,A,A,H,-,A,A,0,,,,,Y,,-,"- ",0,3,0,0,0,0,0,0,0,"- ","- ",,,MERCED,MERCED,-120.48371124267578,37.303974151611328
9386354,2021,2022-01-18,2406,2021-12-04,0247,153,2,6,5,5,2406,0,0,0,,0,020,"PARSONS AV","EAST CHILDS AV",24.00,N,N,E,-,N,,,,,,,,,,Y,2,0,3,2,A,-,01,23152,A,N,D,C,A,A,H,-,C,A,0,,,,,Y,Y,A,01,2,1,0,0,0,0,0,0,0,"- ","- ",,,MERCED,MERCED,-120.45159912109375,37.287860870361328
9386601,2021,2022-01-04,2406,2021-11-30,1705,256,1,2,5,5,2406,0,0,0,,0,011,"LOUGHBOROUGH DR","M ST",100.00,W,N,A,-,N,,,,,,,,,,N,3,0,1,2,A,-,05,21650,1,N,D,G,A,A,H,-,C,D,0,,Y,,,Y,,L,04,0,1,0,0,0,0,1,0,0,"- ","- ",,,MERCED,MERCED,-120.47873687744141,37.322700500488281
91621867,2021,2021-11-10,9460,2021-11-09,1826,018292,,2,2,9,2400,0,1,3,,1,165,SR-165,"RIVER RD.",0.00,,Y,B,-,Y,,,165,,,,,,,Y,4,0,1,2,A,-,03,22350,,N,D,C,A,A,H,-,D,A,0,,,,Y,Y,,A,07,0,0,1,0,0,0,0,0,0,"- ","- ",37.362178802490234,-120.84992980957031,MERCED,UNINCORPORATED,-120.85003662109375,37.362014770507812
91660065,2021,2021-12-23,9460,2021-12-15,0920,019106,,3,1,9,2400,0,3,5,,2,040,"FISHER ROAD","YOUD ROAD",1584.00,E,N,A,-,N,,,,,,,,,,Y,3,0,1,2,A,-,09,21801,A,N,A,C,A,A,H,-,A,D,0,,,,Y,Y,,D,22,0,1,0,0,0,0,0,0,0,"- ","- ",37.432949066162109,-120.56488800048828,MERCED,UNINCORPORATED,-120.56644439697266,37.432987213134766
9226446,2021,2021-03-23,2406,2021-02-12,0643,268,1,5,5,5,2406,0,0,0,,0,011,"R ST","YOSEMITE AV",33.00,S,N,A,-,N,,,,,,,,,,Y,4,0,1,1,A,-,03,22350,,N,E,I,A,B,H,-,A,A,0,,,,,Y,,D,22,0,0,1,0,0,0,0,0,0,"- ","- ",,,MERCED,MERCED,-120.48648071289062,37.331951141357422
9301420,2021,2021-08-30,2401,2021-07-11,1907,720,2,7,5,3,2401,0,0,0,,0,002,"CASTLE WOOD DR","BUHACH RD",0.00,,Y,A,-,N,,,,,,,,,,N,3,0,1,2,A,-,04,21703,,N,C,C,A,A,H,-,A,D,0,,,,,Y,,A,07,0,1,0,0,0,0,0,0,0,"- ","- ",37.359489440917969,-120.59578704833984,MERCED,ATWATER,-120.57663726806641,37.359062194824219
91478387,2021,2021-05-27,9460,2021-05-15,1445,019918,,6,2,9,2400,0,3,5,,2,050,"MCKEE RD","ALMONDWOOD LN",65.00,S,N,A,-,N,,,,,,,,,,Y,4,0,1,1,A,-,08,22107,,N,E,I,A,A,H,-,A,C,0,,,,,Y,,A,07,0,0,1,0,0,0,0,0,0,"- ","- ",37.310428619384766,-120.44460296630859,MERCED,UNINCORPORATED,-120.44452667236328,37.310440063476562
91581451,2021,2021-09-28,9460,2021-09-16,1535,017343,,4,2,9,2400,0,1,3,,2,002,"SR-99 N/B","BLACK RASCAL CREEK",500.00,S,N,A,-,Y,,,99,,,,,,N,Y,4,0,1,2,A,-,03,22350,,N,C,C,A,A,H,-,A,D,0,,,Y,,Y,,C,02,0,0,1,0,0,0,0,0,1,"- ","- ",37.313831329345703,-120.52133178710938,MERCED,UNINCORPORATED,-120.52131652832031,37.313865661621094
9325804,2021,2021-10-25,2406,2021-08-15,2335,222,2,7,5,5,2406,0,0,0,,0,020,"RT 140","EASY ST",18.00,W,N,A,-,Y,MER,10,140,-,-,38.600,H,-,E,Y,2,0,3,5,A,-,03,22350,,N,C,C,A,A,D,-,C,D,0,,,,,Y,,D,22,1,0,2,0,0,0,0,0,0,"- ","- ",,,MERCED,MERCED,-120.41720581054688,37.295135498046875
91451290,2021,2021-04-15,9461,2021-04-08,2335,021126,,4,3,9,2400,0,1,1,,2,206,"I-5 S/B","NEES AVENUE",1056.00,N,N,A,-,Y,,,5,,,,,,S,N,4,0,1,2,A,-,03,22350,,N,C,C,A,A,H,-,D,D,0,,,,,Y,,D,22,0,0,1,0,0,0,0,0,0,"- ","- ",36.856330871582031,-120.77834320068359,MERCED,UNINCORPORATED,-120.77832794189453,36.856338500976562
91482303,2021,2021-05-27,9460,2021-05-14,1420,019517,,5,2,9,2400,0,1,3,,2,001,SR-99,"GOLDEN STATE BLVD",1056.00,N,N,A,-,Y,,,99,,,,,,,N,4,0,1,3,A,-,03,22350,,N,C,C,A,A,H,-,A,D,0,,,,,Y,,D,22,0,0,1,0,0,0,0,0,0,"- ","- ",37.459041595458984,-120.81160736083984,MERCED,UNINCORPORATED,-120.81160736083984,37.459056854248047
91506083,2021,2021-06-24,9460,2021-06-19,2010,020822,,6,2,9,2400,0,3,5,,2,020,"STEPHENS ST","AUGUST AVE",240.00,N,N,A,-,N,,,,,,,,,,Y,4,0,1,2,A,-,03,22350,,N,C,C,A,A,H,-,B,D,0,,,,,Y,,A,01,0,0,1,0,0,0,0,0,0,"- ","- ",37.420169830322266,-120.76483154296875,MERCED,UNINCORPORATED,-120.7647705078125,37.420127868652344
9299150,2021,2021-08-31,2406,2021-07-21,2115,306,3,3,5,5,2406,0,0,0,,0,031,"V ST","WEST 13TH ST",0.00,,Y,A,-,N,,,,,,,,,,N,4,0,1,2,A,-,12,21453,A,N,D,C,A,A,H,-,C,A,0,,,,,Y,,A,01,0,0,1,0,0,0,0,0,0,"- ","- ",,,MERCED,MERCED,-120.50087738037109,37.302688598632812
9299465,2021,2021-09-17,2401,2021-07-10,1025,727,1,6,5,3,2401,0,0,0,,0,001,"BELLEVUE RD","ALABAMA ST",0.00,,Y,A,-,N,,,,,,,,,,N,3,0,3,3,A,-,03,22350,,N,C,C,A,A,H,-,A,A,0,,,,,Y,,A,01,0,1,2,0,0,0,0,0,0,"- ","- ",37.359870910644531,-120.59671020507812,MERCED,ATWATER,-120.59794616699219,37.360458374023438
9355665,2021,2021-11-16,2406,2021-09-12,0933,304,MERCE,7,5,5,2406,0,0,0,,0,3-31,"V ST","RT 99",0.00,,Y,A,-,Y,MER,10,59,-,-,14.790,I,5,S,Y,4,0,2,2,A,-,12,21453,A,N,D,C,A,A,H,-,A,A,0,,,,,Y,,D,22,0,0,2,0,0,0,0,0,0,"- ",SF,,,MERCED,MERCED,-120.50048828125,37.303333282470703
9413689,2021,2022-02-22,2405,2021-07-13,2154,PD148,3,2,5,3,2405,0,0,0,,0,0B3,"W PACHECO BL","WEST I ST",181.00,W,N,A,-,Y,MER,10,152,-,-,19.580,H,-,E,N,3,0,1,2,A,-,03,22350,,N,C,C,A,A,H,-,D,A,0,,,,,Y,,A,01,0,1,0,0,0,0,0,0,0,"- ","- ",37.056529998779297,-120.86486053466797,MERCED,"LOS BANOS",-120.865966796875,37.056854248046875
91577904,2021,2021-09-23,9460,2021-09-16,0620,015305,,4,1,5,2406,0,1,3,,2,003,"STATE ROUTE 99 (SOUTHBOUND)","E. CHILDS AVENUE",2640.00,S,N,A,-,Y,,,99,,,,,,,Y,3,0,1,2,A,-,08,22107,,N,B,E,A,A,D,-,B,D,0,,,,Y,Y,,G,25,0,1,0,0,0,0,0,0,0,"- ","- ",37.282539367675781,-120.45034027099609,MERCED,MERCED,-120.45030975341797,37.282581329345703
91635700,2021,2022-01-21,9460,2021-10-05,0358,020967,,2,3,9,2400,0,2,4,,1,091,"WESTSIDE BOULEVARD","SULTANA DRIVE",317.00,W,N,A,-,N,,,,,,,,,,Y,1,1,1,1,A,-,08,22107,,N,F,A,A,A,H,-,D,D,0,,,,,Y,,A,07,1,0,0,0,0,0,0,0,0,"- ","- ",37.360439300537109,-120.68760681152344,MERCED,UNINCORPORATED,-120.68778991699219,37.3603515625
9274475,2021,2021-08-04,2406,2021-06-10,1205,256,1,4,5,5,2406,0,0,0,,0,011,"OLIVEWOOD DR","M ST",25.00,W,N,A,-,N,,,,,,,,,,N,4,0,2,2,A,-,03,22350,,N,C,C,A,A,H,-,A,A,0,,,,,Y,,A,07,0,0,2,0,0,0,0,0,0,"- ","- ",,,MERCED,MERCED,-120.47857666015625,37.317974090576172
9295887,2021,2021-08-04,2406,2021-07-01,1801,289,,4,5,5,2406,0,0,0,,0,,"RT 59","WILLOWBROOK DR",131.00,N,N,A,-,Y,MER,10,59,-,-,15.950,H,-,N,Y,4,0,1,4,A,-,03,22350,,N,C,C,A,A,H,-,A,A,0,,,,,Y,,A,07,0,0,1,0,0,0,0,0,0,"- ","- ",,,MERCED,MERCED,-120.50499725341797,37.316883087158203
9347807,2021,2021-10-26,2406,2021-09-25,1939,307,2,6,5,5,2406,0,0,0,,0,021,"R ST","W 18TH ST",60.00,N,N,A,-,N,,,,,,,,,,Y,4,0,2,2,A,-,08,22107,,N,D,C,A,A,H,-,C,D,0,,,,,Y,,A,01,0,0,2,0,0,0,0,0,0,"- ","- ",,,MERCED,MERCED,-120.49175262451172,37.305938720703125
9413877,2021,2022-03-18,2405,2021-09-23,1059,PD52,1,4,5,3,2405,0,0,0,,0,0B1,"W PACHECO BL","BADGER FLAT RD",2190.00,W,N,A,-,Y,MER,10,152,-,-,18.470,H,-,E,N,3,0,2,2,A,-,03,22350,,N,C,D,A,A,H,-,A,D,0,,,,,Y,,A,01,0,1,1,0,0,0,0,0,0,"- ","- ",37.056831359863281,-120.87831115722656,MERCED,"LOS BANOS",-120.88566589355469,37.056739807128906
91386355,2021,2021-01-12,9460,2021-01-04,1810,018603,,1,2,9,2400,0,3,5,,2,020,"EL CAPITAN WAY","SANTA FE DRIVE",6.00,W,N,A,-,N,,,,,,,,,,Y,3,0,1,2,A,-,01,23152,A,N,C,C,A,A,H,-,D,A,0,,,,,Y,Y,A,01,0,1,0,0,0,0,0,0,0,"- ","- ",37.433658599853516,-120.67562866210938,MERCED,UNINCORPORATED,-120.67565155029297,37.433670043945312
91417251,2021,2021-02-26,9460,2021-02-19,1635,019838,,5,2,9,2400,0,1,3,,1,165,SR-165,"BLOSS AVE",0.00,,Y,A,-,Y,,,165,,,,,,,Y,3,0,2,3,A,-,12,21453,A,N,D,C,A,A,H,-,A,A,0,,,,,Y,,A,08,0,2,0,0,0,0,0,0,0,"- ","- ",37.404201507568359,-120.85009765625,MERCED,UNINCORPORATED,-120.85013580322266,37.404201507568359
91440090,2021,2021-03-31,9460,2021-03-20,1747,021407,,6,2,9,2400,0,3,5,,2,040,"NORTH WINTON WAY","PARK AVE",0.00,,Y,A,-,N,,,,,,,,,,N,3,0,1,2,A,-,21,22106,,N,D,C,A,A,H,-,A,A,0,,,Y,,Y,,C,03,0,1,0,0,0,0,0,0,1,"- ","- ",37.387001037597656,-120.61329650878906,MERCED,UNINCORPORATED,-120.61347961425781,37.387062072753906
91489917,2021,2021-06-04,9460,2021-05-25,1240,016323,,2,1,3,2401,0,1,3,,2,002,"STATE ROUTE 99 SOUTHBOUND","ATWATER BLVD",1134.00,S,N,A,-,Y,,,99,,,,,,S,Y,2,0,1,3,A,-,03,22350,,N,C,C,A,A,D,-,A,A,0,,,,Y,Y,,G,26,1,0,0,0,0,0,0,0,0,"- ","- ",37.338291168212891,-120.58628845214844,MERCED,ATWATER,-120.58633422851562,37.338230133056641
91609051,2021,2021-10-28,9460,2021-10-21,1655,021407,,4,2,9,2400,0,1,3,,2,002,"SR-99 N/B","ATWATER BLVD",300.00,S,N,A,-,Y,,,99,,,,,,N,Y,4,0,1,3,A,-,03,22350,,N,C,C,A,A,H,-,A,D,0,,,,,Y,,D,22,0,0,1,0,0,0,0,0,0,"- ","- ",37.340198516845703,-120.59559631347656,MERCED,UNINCORPORATED,-120.59560394287109,37.340244293212891
9297981,2021,2021-08-11,2406,2021-06-14,1537,301,3,1,5,5,2406,0,0,0,,0,031,"V ST","WEST 11TH ST",0.00,,Y,A,-,N,,,,,,,,,,Y,3,0,1,2,A,-,09,21802,A,N,D,C,A,A,H,-,A,A,0,,,,,Y,,A,01,0,1,0,0,0,0,0,0,0,"- ","- ",,,MERCED,MERCED,-120.50202178955078,37.300670623779297
9380044,2021,2022-02-18,2405,2021-06-26,0025,PD55,3,6,5,3,2405,0,0,0,,0,0B3,"S MERCEY SPRINGS RD","DE ANZA WY",76.00,N,N,A,-,Y,MER,10,165,-,-,8.440,H,-,S,N,3,0,1,2,A,-,06,21750,A,N,B,C,A,A,H,-,D,D,0,,,,,Y,,A,01,0,1,0,0,0,0,0,0,0,"- ","- ",37.049308776855469,-120.83548736572266,MERCED,"LOS BANOS",-120.83547210693359,37.052005767822266
91400169,2021,2021-02-01,9460,2021-01-28,0706,015305,,4,1,5,2406,0,1,3,,2,003,"STATE ROUTE 99 (SOUTHBOUND)","SR 140 (YOSEMITE PARKWAY)",200.00,N,N,C,-,Y,,,99,,,,,,,Y,3,0,1,1,A,-,08,22107,,N,F,A,A,B,H,-,D,D,0,,,,,Y,,A,01,0,1,0,0,0,0,0,0,0,"- ","- ",37.294898986816406,-120.46881103515625,MERCED,MERCED,-120.46874237060547,37.295063018798828
91432619,2021,2021-03-22,9461,2021-03-17,1945,018910,,3,2,9,2400,0,1,1,,2,105,"INTERSTATE 5 SOUTHBOUND","BUTTS ROAD",3168.00,N,N,A,-,Y,,,5,,,,,,S,Y,4,0,1,2,A,-,03,22350,,M,C,C,A,A,H,-,D,D,0,,,,,Y,,A,01,0,0,1,0,0,0,0,0,0,"- ","- ",37.167121887207031,-121.05686950683594,MERCED,UNINCORPORATED,-121.05677795410156,37.167182922363281
91528740,2021,2021-07-26,9460,2021-05-23,2035,019005,,7,2,9,2400,0,2,4,,1,052,"LAKE ROAD","YOSEMITE AVE",54.00,N,N,A,-,N,,,,,,,,,,Y,1,1,4,3,A,-,01,23152,A,N,C,C,A,A,H,-,D,A,0,,,,,Y,Y,A,01,1,1,2,0,0,0,0,0,0,"- ","- ",37.332229614257812,-120.43296051025391,MERCED,UNINCORPORATED,-120.43294525146484,37.332286834716797
91653439,2021,2021-12-15,9460,2021-12-08,0527,020857,,3,3,9,2400,0,1,3,,1,165,SR-165,"OSLO RD",15.00,S,N,A,-,Y,,,165,,,,,,,Y,4,0,1,2,A,-,03,22350,,N,C,C,A,A,H,-,D,D,0,,,,,Y,,A,01,0,0,1,0,0,0,0,0,0,"- ","- ",37.427688598632812,-120.84979248046875,MERCED,UNINCORPORATED,-120.84982299804688,37.427688598632812
9250052,2021,2021-04-28,2401,2021-03-20,0646,728,2,6,5,3,2401,0,0,0,,0,002,"BUHACH RD","NOBELA DR",251.00,S,N,A,-,N,,,,,,,,,,Y,2,0,1,1,A,-,03,22350,,N,F,I,A,A,H,-,D,D,0,,,,,Y,Y,A,01,1,0,0,0,0,0,0,0,0,"- ","- ",37.357200622558594,-120.57650756835938,MERCED,ATWATER,-120.57653045654297,37.356491088867188
9322328,2021,2021-09-20,2401,2021-07-15,2230,726,1,4,5,3,2401,0,0,0,,0,001,"WINTON WY","CARTER WY",149.00,S,N,A,-,N,,,,,,,,,,N,2,0,1,2,A,-,05,21202,A,N,G,G,A,A,H,-,D,D,0,,Y,,,Y,,L,04,1,0,0,0,0,0,1,0,0,"- ","- ",37.355709075927734,-120.61379241943359,MERCED,ATWATER,-120.61383056640625,37.357711791992188
9355275,2021,2021-11-06,2406,2021-10-14,1506,307,1,4,5,5,2406,0,0,0,,0,011,"LOUGHBOROUGH DR","R ST",0.00,,Y,A,-,N,,,,,,,,,,N,4,0,1,2,A,-,03,22350,,N,C,C,A,A,H,-,A,A,0,,,,,Y,,A,01,0,0,1,0,0,0,0,0,0,"- ","- ",,,MERCED,MERCED,-120.48699951171875,37.323421478271484
9355650,2021,2021-11-01,2405,2021-04-09,2035,PD55,1,5,5,3,2405,0,0,0,,0,0B1,"W PACHECO BL","BADGER FLAT RD",0.00,,Y,A,-,Y,MER,10,152,-,-,18.860,H,-,E,N,3,0,1,2,A,-,03,22350,,N,C,C,A,A,H,-,C,A,0,,,,,Y,,A,01,0,1,0,0,0,0,0,0,0,"- ","- ",37.057201385498047,-120.87885284423828,MERCED,"LOS BANOS",-120.87874603271484,37.056739807128906
9386621,2021,2022-01-06,2406,2021-12-05,1734,256,3,7,5,5,2406,0,0,0,,0,030,"G ST","WEST 13TH ST",2.00,N,N,A,-,N,,,,,,,,,,N,4,0,1,2,A,-,10,21950,A,N,G,B,B,A,H,-,C,A,0,Y,,,,Y,,A,07,0,0,1,0,1,0,0,0,0,"- ","- ",,,MERCED,MERCED,-120.47829437255859,37.294406890869141
91405537,2021,2021-02-09,9460,2021-01-21,1530,018422,,4,2,9,2400,0,3,5,,2,010,"FAITH HOME RD.","CRANE AVE.",678.00,S,N,B,-,N,,,,,,,,,,N,1,1,0,2,A,-,09,21804,A,N,D,G,A,A,H,-,A,D,0,,Y,,,Y,,L,04,0,0,0,0,0,1,0,0,0,"- ","- ",37.381168365478516,-120.92305755615234,MERCED,UNINCORPORATED,-120.92303466796875,37.381088256835938
91452413,2021,2021-04-16,9460,2021-04-12,1635,021407,,1,2,9,2400,0,2,4,,1,042,"SANTA FE DRIVE","NORTH WINTON WAY",130.00,E,N,A,-,N,,,,,,,,,,N,4,0,1,2,A,-,21,22106,,N,C,C,A,A,H,-,A,D,0,,,,,Y,,A,01,0,0,1,0,0,0,0,0,0,"- ","- ",37.385398864746094,-120.61299133300781,MERCED,UNINCORPORATED,-120.61315155029297,37.385547637939453
91625966,2021,2021-11-16,9460,2021-11-07,1948,021468,,7,2,9,2400,0,2,4,,1,071,"SANTA FE AVENUE","WHITE ROCK ROAD",1584.00,N,N,A,-,N,,,,,,,,,,Y,3,0,1,1,A,-,08,22107,,N,E,I,A,A,H,-,D,D,0,,,,,Y,,A,01,0,1,0,0,0,0,0,0,0,"- ","- ",37.194080352783203,-120.20307922363281,MERCED,UNINCORPORATED,-120.20265197753906,37.193763732910156
9301078,2021,2021-08-12,2405,2021-02-18,2106,PD143,1,4,5,3,2405,0,0,0,,0,0B1,"W PACHECO BL","BADGER FLAT RD",0.00,,Y,A,-,Y,MER,10,152,-,-,18.882,H,-,W,N,4,0,1,2,A,-,03,22350,,N,C,C,A,A,H,-,C,A,0,,,,,Y,,-,,0,0,1,0,0,0,0,0,0,"- ","- ",37.057201385498047,-120.87885284423828,MERCED,"LOS BANOS",-120.87835693359375,37.056777954101562
9349369,2021,2021-10-27,2406,2021-09-24,1439,287,2,5,5,5,2406,0,0,0,,0,020,"E GERARD AV","ANDOVER WY",0.00,,Y,A,-,N,,,,,,,,,,N,3,0,2,2,A,-,09,21801,A,N,A,C,A,A,H,-,A,D,0,,,,,Y,,A,01,0,2,0,0,0,0,0,0,0,"- ","- ",,,MERCED,MERCED,-120.44286346435547,37.280529022216797
9367483,2021,2021-12-17,2406,2021-11-09,1519,256,1,2,5,5,2406,0,0,0,,0,010,"G ST","CARDELLA RD",300.00,N,N,A,-,N,,,,,,,,,,Y,3,0,1,3,A,-,03,22350,,M,C,C,A,A,H,-,A,A,0,,,,,Y,,A,01,0,1,0,0,0,0,0,0,0,"- ","- ",,,MERCED,MERCED,-120.46884155273438,37.347362518310547
9461365,2021,2022-06-28,2405,2021-10-28,1744,PD133,1,4,5,3,2405,0,0,0,,0,0B1,"6TH ST","K ST",0.00,,Y,A,-,N,,,,,,,,,,N,3,0,3,3,A,-,09,21804,A,N,D,C,A,A,H,-,A,A,0,,,,,Y,,A,01,0,3,0,0,0,0,0,0,0,"- ","- ",37.05902099609375,-120.8492431640625,MERCED,"LOS BANOS",-120.84925842285156,37.059013366699219
91447022,2021,2021-04-09,9461,2021-03-31,1512,021387,,3,2,9,2400,0,1,3,,1,452,"SR-152 E/B","ARROYA AVE",600.00,E,N,A,-,Y,,,152,,,,,,E,Y,2,0,1,2,A,-,03,22350,,N,C,C,A,A,H,-,A,D,0,,,Y,Y,Y,,C,02,1,0,0,0,0,0,0,0,1,"- ","- ",37.054039001464844,-120.669921875,MERCED,UNINCORPORATED,-120.669921875,37.0540771484375
91625696,2021,2021-11-16,9460,2021-11-06,1919,021320,,6,2,9,2400,0,1,3,,2,003,"SR-99 S/B","LE GRAND RD",13200.00,N,N,A,-,Y,,,99,,,,,,S,Y,4,0,2,2,A,-,03,22350,,N,C,C,A,A,H,-,D,D,0,,,,,Y,,A,01,0,0,2,0,0,0,0,0,0,"- ","- ",37.25,-120.41015625,MERCED,UNINCORPORATED,-120.41026306152344,37.249870300292969
9283928,2021,2021-06-29,2406,2021-06-04,1320,302,1,5,5,5,2406,0,0,0,,0,011,"RT 59",COOPER,110.00,S,N,A,-,Y,MER,10,59,-,-,15.890,H,-,N,Y,2,0,1,2,A,-,01,23152,A,N,A,C,A,A,H,-,A,D,0,,,,,Y,Y,A,01,1,0,0,0,0,0,0,0,0,"- ","- ",,,MERCED,MERCED,-120.50502777099609,37.316082000732422
91472350,2021,2021-05-27,9460,2021-05-10,0755,016917,,1,1,9,2400,0,1,3,,1,142,SR-140,"SCOTT RD",0.00,,Y,A,-,Y,,,140,,,,,,,Y,3,0,2,2,A,-,09,21802,A,N,D,C,A,A,H,-,A,A,0,,,,,Y,,A,07,0,1,1,0,0,0,0,0,0,"- ","- ",37.3023681640625,-120.56858062744141,MERCED,UNINCORPORATED,-120.56858062744141,37.302391052246094
91475448,2021,2021-05-27,9461,2021-05-09,2012,019052,,7,2,9,2400,0,1,3,,1,465,SR-165,"CORRAL RD",10560.00,N,N,A,-,Y,,,165,,,,,,,Y,3,0,1,2,A,-,01,23152,A,N,B,C,A,A,H,-,D,D,0,,,,,Y,Y,A,08,0,1,0,0,0,0,0,0,0,"- ","- ",37.176490783691406,-120.83332061767578,MERCED,UNINCORPORATED,-120.8333740234375,37.176475524902344
91477973,2021,2021-05-27,9461,2021-05-16,2233,021280,,7,3,9,2400,0,1,3,,1,152,"SR-152 E/B",I-5,1584.00,W,N,A,G,N,,,152,,,,,,E,Y,3,0,1,2,A,-,03,22350,,N,C,C,A,A,H,-,D,D,0,,,,,Y,,A,01,0,1,0,0,0,0,0,0,0,"- ","- ",37.056648254394531,-120.97554779052734,MERCED,UNINCORPORATED,-120.97554779052734,37.056636810302734
91557343,2021,2021-08-27,9460,2021-08-23,1805,018603,,1,2,9,2400,0,1,3,,2,002,"SR-99 N/B","HAMMATT AVE",2640.00,S,N,A,-,Y,,,99,,,,,,N,N,4,0,3,2,A,-,03,22350,,N,C,C,A,A,H,-,A,D,0,,,,Y,Y,,F,27,0,0,3,0,0,0,0,0,0,"- ","- ",37.376960754394531,-120.69322967529297,MERCED,UNINCORPORATED,-120.69322967529297,37.376956939697266
91558123,2021,2021-08-30,9460,2021-08-13,0410,020365,,5,3,9,2400,0,1,3,,1,165,SR-165,"TURNER AVE",1584.00,S,N,A,-,Y,,,165,,,,,,,Y,2,0,2,1,A,-,08,22107,,N,E,I,A,A,H,-,D,D,0,,,,,Y,Y,A,01,2,0,0,0,0,0,0,0,0,"- ","- ",37.367809295654297,-120.85447692871094,MERCED,UNINCORPORATED,-120.85439300537109,37.367782592773438