CASE_ID,ACCIDENT_YEAR,PROC_DATE,JURIS,COLLISION_DATE,COLLISION_TIME,OFFICER_ID,REPORTING_DISTRICT,DAY_OF_WEEK,CHP_SHIFT,POPULATION,CNTY_CITY_LOC,SPECIAL_COND,BEAT_TYPE,CHP_BEAT_TYPE,CITY_DIVISION_LAPD,CHP_BEAT_CLASS,BEAT_NUMBER,PRIMARY_RD,SECONDARY_RD,DISTANCE,DIRECTION,INTERSECTION,WEATHER_1,WEATHER_2,STATE_HWY_IND,CALTRANS_COUNTY,CALTRANS_DISTRICT,STATE_ROUTE,ROUTE_SUFFIX,POSTMILE_PREFIX,POSTMILE,LOCATION_TYPE,RAMP_INTERSECTION,SIDE_OF_HWY,TOW_AWAY,COLLISION_SEVERITY,NUMBER_KILLED,NUMBER_INJURED,PARTY_COUNT,PRIMARY_COLL_FACTOR,PCF_CODE_OF_VIOL,PCF_VIOL_CATEGORY,PCF_VIOLATION,PCF_VIOL_SUBSECTION,HIT_AND_RUN,TYPE_OF_COLLISION,MVIW,PED_ACTION,ROAD_SURFACE,ROAD_COND_1,ROAD_COND_2,LIGHTING,CONTROL_DEVICE,CHP_ROAD_TYPE,PEDESTRIAN_ACCIDENT,BICYCLE_ACCIDENT,MOTORCYCLE_ACCIDENT,TRUCK_ACCIDENT,NOT_PRIVATE_PROPERTY,ALCOHOL_INVOLVED,STWD_VEHTYPE_AT_FAULT,CHP_VEHTYPE_AT_FAULT,COUNT_SEVERE_INJ,COUNT_VISIBLE_INJ,COUNT_COMPLAINT_PAIN,COUNT_PED_KILLED,COUNT_PED_INJURED,COUNT_BICYCLIST_KILLED,COUNT_BICYCLIST_INJURED,COUNT_MC_KILLED,COUNT_MC_INJURED,PRIMARY_RAMP,SECONDARY_RAMP,LATITUDE,LONGITUDE,COUNTY,CITY,POINT_X,POINT_Y
91571270,2021,2021-09-15,9460,2021-09-07,1630,018603,,2,2,9,2400,0,1,3,,2,001,"SR-99 S/B","GOLDEN STATE BLVD",1056.00,N,N,A,-,Y,,,99,,,,,,S,Y,4,0,2,5,A,-,03,22350,,N,B,C,A,A,H,-,A,D,0,,,,Y,Y,,D,22,0,0,2,0,0,0,0,0,0,"- ","- ",37.458469390869141,-120.81031036376953,MERCED,UNINCORPORATED,-120.81027984619141,37.458549499511719
91656170,2021,2021-12-20,9460,2021-12-12,1835,021468,,7,2,9,2400,0,1,3,,2,002,"SR-99 S/B","E ATWATER BLVD",200.00,N,N,C,-,Y,,,99,,,,,,S,N,4,0,2,2,A,-,03,22350,,N,C,C,A,B,D,E,D,D,0,,,,,Y,,A,07,0,0,2,0,0,0,0,0,0,"- ","- ",37.339981079101562,-120.59660339355469,MERCED,UNINCORPORATED,-120.59659576416016,37.339958190917969
91669077,2021,2022-01-04,9460,2021-12-28,1620,017343,,2,2,9,2400,0,2,4,,1,041,"SANTA FE DRIVE","BEACHWOOD DRIVE",0.00,,Y,A,-,N,,,,,,,,,,Y,4,0,1,2,A,-,12,21457,A,N,D,C,A,A,H,-,A,A,0,,,,,Y,,A,01,0,0,1,0,0,0,0,0,0,"- ","- ",37.332271575927734,-120.52764129638672,MERCED,UNINCORPORATED,-120.52763366699219,37.332279205322266
91457185,2021,2021-04-23,9461,2021-04-18,0215,021387,,7,3,9,2400,0,2,4,,1,115,"HENRY MILLER AVENUE","WILSON RD",200.00,W,N,A,-,N,,,,,,,,,,Y,2,0,1,1,A,-,01,23152,A,N,E,I,A,A,H,-,D,D,0,,,,,Y,Y,A,01,1,0,0,0,0,0,0,0,0,"- ","- ",37.099868774414062,-120.87117767333984,MERCED,UNINCORPORATED,-120.87188720703125,37.099941253662109
91493798,2021,2021-06-10,9460,2021-05-29,1345,021511,,6,1,9,2400,0,1,3,,2,002,"SR-99 N/B FROM W.16TH STREET","W. 16TH STREET",180.00,N,N,A,-,Y,,,99,,,,R,,N,Y,3,0,1,1,A,-,08,22107,,N,E,I,A,A,H,-,A,D,0,,,Y,,Y,,C,02,0,1,0,0,0,0,0,0,1,"- ","- ",37.311100006103516,-120.5123291015625,MERCED,UNINCORPORATED,-120.5123291015625,37.311100006103516
91536028,2021,2021-08-03,9460,2021-07-22,1140,016323,,4,1,9,2400,0,1,3,,1,142,"STATE ROUTE 140","FRANKLIN ROAD",1620.00,W,N,A,-,N,,,140,,,,,,,Y,3,0,1,2,A,-,09,21801,A,N,D,C,A,A,H,-,A,D,0,,,,,Y,,A,07,0,1,0,0,0,0,0,0,0,"- ","- ",37.302608489990234,-120.54673767089844,MERCED,UNINCORPORATED,-120.54673767089844,37.302593231201172
91546106,2021,2021-08-16,9460,2021-08-06,0645,014541,,5,1,3,2401,0,1,3,,2,002,"STATE ROUTE 99 S/B","APPLEGATE ROAD",550.00,S,N,A,-,Y,,,99,,,,,,S,Y,4,0,1,4,A,-,03,22350,,N,C,C,A,A,D,-,A,D,0,,,,Y,Y,,G,25,0,0,1,0,0,0,0,0,0,"- ","- ",37.343490600585938,-120.61054229736328,MERCED,ATWATER,-120.61053466796875,37.343502044677734
91549111,2021,2021-08-19,9460,2021-08-07,2255,021150,,6,3,3,2404,0,1,3,,2,001,"SR-99 S/B","MAIN ST.",1056.00,S,N,A,-,Y,,,99,,,,,,S,Y,2,0,1,1,A,-,08,22107,,N,F,A,A,A,H,-,C,D,0,,,,,Y,,A,01,1,0,0,0,0,0,0,0,0,"- ","- ",37.386409759521484,-120.7191162109375,MERCED,LIVINGSTON,-120.71907806396484,37.386520385742188
91567568,2021,2021-09-10,9460,2021-08-29,2012,019838,,7,2,9,2400,0,3,5,,2,030,"WALNUT AVENUE","CYPRESS AVENUE",900.00,E,N,A,-,N,,,,,,,,,,N,2,0,1,2,A,-,11,21954,A,F,G,B,D,A,H,-,D,D,0,Y,,,,Y,,N,60,1,0,0,0,1,0,0,0,0,"- ","- ",37.389400482177734,-120.62090301513672,MERCED,UNINCORPORATED,-120.61946105957031,37.389389038085938
91628693,2021,2021-11-18,9460,2021-10-27,0600,016323,,3,1,9,2400,0,1,3,,2,001,"STATE ROUTE 99 SOUTHBOUND","LIBERTY AVENUE",400.00,S,N,A,-,Y,,,99,,,,,,S,Y,4,0,1,2,A,-,07,21658,A,F,B,C,A,A,H,-,C,D,0,,,,,Y,,-,99,0,0,1,0,0,0,0,0,0,"- ","- ",37.373760223388672,-120.68212890625,MERCED,UNINCORPORATED,-120.68211364746094,37.373828887939453
91557391,2021,2021-08-27,9461,2021-08-22,0610,020486,,7,1,9,2400,0,1,1,,2,105,"INTERSTATE 5","HENRY MILLER ROAD",3168.00,S,N,A,-,Y,,,5,,,,,,,Y,2,0,3,2,A,-,08,22107,,N,D,2,A,A,D,-,B,D,0,,,,,Y,,D,22,1,2,0,0,0,0,0,0,0,"- ","- ",37.092269897460938,-121.0045166015625,MERCED,UNINCORPORATED,-121.00448608398438,37.092304229736328
91578126,2021,2021-09-23,9460,2021-09-11,1644,019918,,6,2,9,2400,0,3,5,,2,020,"SR-99 SOUTHBOUND","FRANKLIN ROAD",900.00,S,N,A,-,Y,,,99,,,,,,S,Y,3,0,1,1,A,-,01,23152,A,N,E,I,A,A,H,-,A,D,0,,,,,Y,Y,A,01,0,1,0,0,0,0,0,0,0,"- ","- ",37.319789886474609,-120.53810119628906,MERCED,UNINCORPORATED,-120.53811645507812,37.319755554199219
91615931,2021,2021-11-04,9460,2021-10-25,0440,020967,,1,3,9,2400,0,1,3,,2,001,"SR-99 N/B","SOUTH AVENUE",4224.00,S,N,C,-,Y,,,,,,,,,,N,4,0,1,1,A,-,03,22350,,N,F,A,A,B,H,-,D,D,0,,,,,Y,,A,01,0,0,1,0,0,0,0,0,0,"- ","- ",37.419921875,-120.2628173828125,MERCED,UNINCORPORATED,-120.76303863525391,37.420021057128906
9301045,2021,2021-08-13,2405,2021-01-16,1215,PD55,3,6,5,3,2405,0,0,0,,0,0B3,"E PACHECO BL","7TH ST",132.00,E,N,A,-,Y,MER,10,152,-,-,20.610,H,-,E,Y,3,0,1,2,A,-,08,22107,,N,B,C,A,A,H,-,A,D,0,,,,,Y,,A,07,0,1,0,0,0,0,0,0,0,"- ","- ",37.056720733642578,-120.84456634521484,MERCED,"LOS BANOS",-120.84725189208984,37.056896209716797
9369259,2021,2021-12-23,2406,2021-11-17,1846,183,3,3,5,5,2406,0,0,0,,0,031,"R ST","4TH ST",48.00,S,N,A,-,N,,,,,,,,,,Y,4,0,2,2,A,-,08,22107,,N,D,C,A,A,H,-,C,D,0,,,,,Y,,A,01,0,0,2,0,0,0,0,0,0,"- ","- ",,,MERCED,MERCED,-120.50013732910156,37.29132080078125
9380011,2021,2022-02-22,2405,2021-07-16,1757,PD55,2,5,5,3,2405,0,0,0,,0,0B2,"E PACHECO BL","7TH ST",87.00,E,N,A,-,Y,MER,10,152,-,-,20.620,H,-,W,N,4,0,1,2,-,-,"- ",,,M,C,C,A,A,H,-,A,A,0,,,,,Y,,-,"- ",0,0,1,0,0,0,0,0,0,"- ","- ",37.056888580322266,-120.54759979248047,MERCED,"LOS BANOS",-120.84706878662109,37.056896209716797
9461368,2021,2022-06-23,2405,2021-10-22,0804,PD148,2,5,5,3,2405,0,0,0,,0,0B2,"7TH ST","K ST",0.00,,Y,A,-,N,,,,,,,,,,N,3,0,1,2,A,-,00,28150,,N,G,B,D,A,H,-,A,A,0,Y,,,,Y,,A,01,0,1,0,0,1,0,0,0,0,"- ","- ",37.058319091796875,-120.84758758544922,MERCED,"LOS BANOS",-120.84758758544922,37.058292388916016
91394980,2021,2021-01-27,9460,2021-01-21,1303,015305,,4,1,9,2400,0,1,3,,1,591,"STATE ROUTE 59","SANDY MUSH ROAD",50.00,S,N,A,-,Y,,,59,,,,,,,Y,3,0,1,1,A,-,08,22107,,N,F,A,A,A,H,-,A,A,0,,,Y,,Y,,C,02,0,1,0,0,0,0,0,0,1,"- ","- ",37.185558319091797,-120.48811340332031,MERCED,UNINCORPORATED,-120.48822784423828,37.185565948486328
91481854,2021,2021-07-14,9460,2021-05-08,1850,019286,,6,2,9,2400,0,2,4,,1,091,"LINCOLN BOULEVARD","SUNSET DRIVE",0.00,,Y,A,-,N,,,,,,,,,,Y,2,0,2,2,A,-,09,21802,A,N,D,C,A,A,H,-,A,A,0,,,,,Y,,A,01,1,1,0,0,0,0,0,0,0,"- ","- ",37.338779449462891,-120.72376251220703,MERCED,UNINCORPORATED,-120.72377777099609,37.338760375976562
91493997,2021,2021-06-10,9460,2021-06-02,1052,015398,,3,1,3,2404,0,1,3,,2,001,"SR-99 N/B","HAMMATT AVE.",1478.00,N,N,A,-,Y,,,99,,,,,,N,Y,4,0,1,2,A,-,03,22350,,N,C,C,A,A,D,-,A,D,0,,,,,Y,,A,07,0,0,1,0,0,0,0,0,0,"- ","- ",37.386440277099609,-120.71785736083984,MERCED,LIVINGSTON,-120.71785736083984,37.386440277099609
91539047,2021,2021-08-06,9461,2021-08-05,1255,020486,,4,1,9,2400,0,1,3,,1,153,"STATE HIGHWAY 152","BASALT ROAD",2640.00,E,N,A,-,Y,,,152,,,,,,,Y,4,0,2,1,A,-,08,22107,,N,F,A,A,A,H,-,A,D,0,,,,,Y,,A,08,0,0,2,0,0,0,0,0,0,"- ","- ",37.057758331298828,-121.04744720458984,MERCED,UNINCORPORATED,-121.04745483398438,37.057723999023438
91564639,2021,2021-09-07,9460,2021-08-25,1450,020099,,3,2,9,2400,0,3,5,,2,040,"WINTON WAY","WALNUT AVE",0.00,,Y,A,-,N,,,,,,,,,,N,3,0,1,2,A,-,12,22450,A,N,D,C,A,A,H,-,A,A,0,,,,,Y,,A,01,0,1,0,0,0,0,0,0,0,"- ","- ",37.388759613037109,-121.61366271972656,MERCED,UNINCORPORATED,-120.61344146728516,37.389411926269531
91583809,2021,2021-09-30,9460,2021-09-28,1727,018603,,2,2,9,2400,0,3,5,,2,010,"TURNER AVE.","KELLEY RD",1500.00,E,N,A,-,N,,,,,,,,,,Y,4,0,1,1,A,-,08,22107,,N,E,I,A,A,H,-,A,D,0,,,,,Y,,A,01,0,0,1,0,0,0,0,0,0,"- ","- ",37.372318267822266,-120.949462890625,MERCED,UNINCORPORATED,-120.9500732421875,37.372383117675781
9264253,2021,2021-06-03,2406,2021-05-07,1719,289,,5,5,5,2406,0,0,0,,0,,"WEST OLIVE AV","MEADOWS AV",334.00,W,N,A,-,N,,,,,,,,,,Y,3,0,1,3,A,-,03,22350,,N,C,C,A,A,H,-,A,D,0,,,,,Y,,D,22,0,1,0,0,0,0,0,0,0,"- ","- ",,,MERCED,MERCED,-120.4915771484375,37.319252014160156
9292512,2021,2021-07-28,2404,2021-04-30,0716,X7,,5,5,3,2404,0,0,0,,0,,"JOSEPH GALLO DR","WINTON PKWY",400.00,E,N,A,-,N,,,,,,,,,,N,3,0,1,2,B,-,22,,,N,B,B,F,A,H,-,A,D,0,Y,,,,Y,,D,82,0,1,0,0,1,0,0,0,0,"- ","- ",37.388648986816406,-120.73660278320312,MERCED,LIVINGSTON,-120.7371826171875,37.388240814208984
9299156,2021,2021-08-31,2406,2021-07-29,1341,256,2,4,5,5,2406,0,0,0,,0,021,"R ST","MAIN ST",15.00,N,N,A,-,N,,,,,,,,,,N,4,0,1,2,A,-,03,22350,,N,C,C,A,A,-,-,A,A,0,,,,,Y,,A,01,0,0,1,0,0,0,0,0,0,"- ","- ",,,MERCED,MERCED,-120.49240875244141,37.304798126220703
91497241,2021,2021-06-15,9460,2021-06-07,1723,018292,,1,2,9,2400,0,3,5,,2,100,"ROBIN AVE","ATWATER JORDAN RD",533.00,S,N,A,G,N,,,,,,,,,,N,3,0,1,1,A,-,01,23152,A,N,E,I,A,A,H,-,A,D,0,,,,,Y,Y,A,01,0,1,0,0,0,0,0,0,0,"- ","- ",37.330291748046875,-120.74201965332031,MERCED,UNINCORPORATED,-120.74212646484375,37.329864501953125
9244323,2021,2021-04-05,2406,2021-02-08,1449,129,CENTR,1,5,5,2406,0,0,0,,0,021,"WEST MAIN ST","I ST",0.00,,Y,B,-,N,,,,,,,,,,Y,4,0,1,3,A,-,08,22107,,F,D,C,A,A,H,-,A,D,0,,,,,Y,,A,01,0,0,1,0,0,0,0,0,0,"- ","- ",,,MERCED,MERCED,-120.47888946533203,37.29974365234375
9302376,2021,2021-08-12,2405,2021-03-09,1657,PD46,2,2,5,3,2405,0,0,0,,0,0B2,"PISMO WY","LAGUNA WY",0.00,,Y,A,-,N,,,,,,,,,,N,3,0,1,2,A,-,08,22107,,N,B,C,A,A,H,-,A,A,0,,,,,Y,,A,01,0,1,0,0,0,0,0,0,0,"- ","- ",37.0594482421875,-120.81865692138672,MERCED,"LOS BANOS",-120.81861114501953,37.059444427490234
9320131,2021,2021-12-07,2406,2021-10-02,1401,252,2,6,5,5,2406,0,0,0,,0,031,"U ST","11TH ST",0.00,,Y,A,-,N,,,,,,,,,,Y,1,1,1,2,A,-,12,22450,A,N,D,C,A,A,H,-,A,A,0,,,Y,,Y,,C,02,0,1,0,0,0,0,0,1,0,"- ","- ",,,MERCED,MERCED,-120.50051879882812,37.300102233886719
9356322,2021,2021-11-06,2406,2021-10-12,1237,201,2,2,5,5,2406,0,0,0,,0,021,"WEST MAIN ST","P ST",0.00,,Y,A,-,N,,,,,,,,,,N,4,0,1,2,A,-,09,21802,A,N,D,C,A,A,H,-,A,A,0,,,,,Y,,A,01,0,0,1,0,0,0,0,0,0,"- ","- ",,,MERCED,MERCED,-120.48941802978516,37.303668975830078
9388669,2021,2022-01-14,2406,2021-12-16,1517,283,3,4,5,5,2406,0,0,0,,0,031,"R ST","WEST 11TH ST",0.00,,Y,A,-,N,,,,,,,,,,Y,4,0,2,2,A,-,09,21801,A,N,D,C,A,A,H,-,A,D,0,,,,,Y,,A,01,0,0,2,0,0,0,0,0,0,"- ","- ",,,MERCED,MERCED,-120.49604797363281,37.298439025878906
91570038,2021,2021-09-14,9461,2021-09-10,1945,018910,,5,2,9,2400,0,1,3,,1,452,"STATE ROUTE 152 EASTBOUND","TURNER ISLAND ROAD",222.00,W,N,A,-,Y,,,152,,,,,,E,Y,4,0,2,2,A,-,03,22350,,N,C,C,A,A,H,-,D,D,0,,,,Y,Y,,A,01,0,0,2,0,0,0,0,0,0,"- ","- ",37.054241180419922,-120.70597839355469,MERCED,UNINCORPORATED,-120.70597839355469,37.054203033447266
91613680,2021,2021-11-02,9460,2021-10-22,0919,015398,,5,1,9,2400,0,1,3,,2,003,"SR-99 N/B","PLAINSBURG RD.",710.00,N,N,B,C,Y,,,,,,,,,,Y,2,0,8,2,A,-,08,22107,,N,D,C,A,B,H,-,A,D,0,,,,,Y,,A,01,2,4,2,0,0,0,0,0,0,"- ","- ",37.190689086914062,-120.33342742919922,MERCED,UNINCORPORATED,-120.33173370361328,37.189418792724609
91628837,2021,2021-11-18,9460,2021-11-05,0820,015305,,5,1,9,2400,0,3,5,,2,050,"E. OLIVE AVENUE (WESTBOUND)","CAMPUS PARKWAY",265.00,W,N,A,-,N,,,,,,,,,,N,3,0,1,2,A,-,08,22107,,N,D,C,A,A,D,-,A,D,0,,,,,Y,,D,22,0,1,0,0,0,0,0,0,0,"- ","- ",37.318050384521484,-120.42427062988281,MERCED,UNINCORPORATED,,
9299422,2021,2021-09-03,2401,2021-07-20,1543,730,4,2,5,3,2401,0,0,0,,0,004,"DRAKELEY AV","SIERRA VISTA ST",0.00,,Y,A,-,N,,,,,,,,,,N,3,0,1,3,A,-,03,22350,,N,D,C,A,A,H,-,A,D,0,,,,,Y,,A,01,0,1,0,0,0,0,0,0,0,"- ","- ",37.349910736083984,-120.61428833007812,MERCED,ATWATER,-120.61428833007812,37.349929809570312
9355469,2021,2021-11-01,2405,2021-05-10,1840,PD21,2B,1,5,3,2405,0,0,0,,0,002,"E PACHECO BL","MILLER LN",12.00,E,N,A,-,Y,MER,10,152,-,-,21.610,I,5,E,Y,3,0,1,2,A,-,12,21453,A,N,B,C,A,A,H,-,A,A,0,,,,,Y,,A,81,0,1,0,0,0,0,0,0,0,"- ","- ",37.056991577148438,-120.82906341552734,MERCED,"LOS BANOS",-120.82918548583984,37.056991577148438
91496658,2021,2021-06-14,9460,2021-06-02,1945,019286,,3,2,9,2400,0,1,3,,2,002,"SR-99 S/B","WEST ATWATER BOULEVARD",1056.00,N,N,A,-,Y,,,,,,,,,,N,4,0,2,3,A,-,03,22350,,N,C,C,A,A,D,-,A,D,0,,,,,Y,,A,01,0,0,2,0,0,0,0,0,0,"- ","- ",,,MERCED,UNINCORPORATED,-120.62680053710938,37.353397369384766
91518481,2021,2021-07-12,9460,2021-06-13,2345,021320,,7,3,9,2400,0,1,3,,1,165,SR-165,"TURNER AVE",1584.00,S,N,A,-,Y,,,165,,,,,,,Y,4,0,1,1,A,-,01,23152,F,N,E,I,A,A,H,-,D,D,0,,,,,Y,,A,07,0,0,1,0,0,0,0,0,0,"- ","- ",37.367469787597656,-120.85449981689453,MERCED,UNINCORPORATED,-120.85445404052734,37.367465972900391
9299152,2021,2021-08-31,2406,2021-07-22,1705,306,2,4,5,5,2406,0,0,0,,0,021,"R ST","WEST 23RD ST",39.00,N,N,A,-,N,,,,,,,,,,N,4,0,1,3,A,-,03,22350,A,F,C,C,A,A,H,-,A,D,0,,,,,Y,,A,07,0,0,1,0,0,0,0,0,0,"- ","- ",,,MERCED,MERCED,-120.48891448974609,37.310844421386719
9380841,2021,2022-01-25,2406,2021-12-20,0821,268,2,1,5,5,2406,0,0,0,,0,020,"M ST","WEST 15TH ST",20.00,S,N,E,-,N,,,,,,,,,,Y,4,0,1,2,A,-,03,22350,,N,C,C,A,B,H,-,A,A,0,,,,,Y,,A,01,0,0,1,0,0,0,0,0,0,"- ","- ",,,MERCED,MERCED,-120.48617553710938,37.299640655517578
9413753,2021,2022-03-08,2405,2021-06-13,1045,PD20,3,7,5,3,2405,0,0,0,,0,0B3,"W PACHECO BL","BADGER FLAT RD",758.00,W,N,A,-,Y,MER,10,152,-,-,18.730,H,-,E,N,3,0,1,1,A,-,08,22107,,N,E,I,A,A,H,-,A,D,0,,,,,Y,,A,01,0,1,0,0,0,0,0,0,0,"- ","- ",37.056831359863281,-120.87831115722656,MERCED,"LOS BANOS",-120.88105010986328,37.056743621826172
91450642,2021,2021-04-14,9460,2021-04-04,0350,020967,,7,3,9,2400,0,1,3,,2,001,"SR-99 S/B","COLLIER RD",528.00,N,N,A,-,Y,,,99,,,,,,S,Y,3,0,1,1,A,-,01,23152,A,N,F,A,A,A,H,-,C,D,0,,,,,Y,Y,A,01,0,1,0,0,0,0,0,0,0,"- ","- ",37.412590026855469,-120.75543212890625,MERCED,UNINCORPORATED,-120.75538635253906,37.412624359130859
91646765,2021,2021-12-08,9460,2021-11-24,1921,021407,,3,2,9,2400,0,1,3,,2,002,"SR-99 S/B","APPLEGATE RD",1584.00,S,N,A,-,Y,,,,,,,,,,Y,3,0,4,3,A,-,03,22350,,N,C,C,A,A,H,-,D,D,0,,,,,Y,,D,22,0,1,3,0,0,0,0,0,0,"- ","- ",37.342998504638672,-120.6090087890625,MERCED,UNINCORPORATED,-120.60836791992188,37.342708587646484
91679321,2021,2022-01-17,9460,2021-10-04,1648,021407,,1,2,9,2400,0,3,5,,2,030,"LIVINGSTON CRESSEY RD","SULTANA DR",2112.00,W,N,A,-,N,,,,,,,,,,Y,1,1,0,1,A,-,01,23152,A,N,E,I,A,A,H,-,A,D,0,,,,,Y,Y,A,01,0,0,0,0,0,0,0,0,0,"- ","- ",37.418701171875,-120.693603515625,MERCED,UNINCORPORATED,-120.69309997558594,37.418594360351562
9406252,2021,2022-02-17,2405,2021-06-15,0250,PD143,2,2,5,3,2405,0,0,0,,0,0B2,"WARD RD","N FALLBROOK DR",164.00,S,N,A,-,N,,,,,,,,,,Y,3,0,1,1,A,-,07,21658,,N,A,I,A,A,H,-,C,A,0,,,,,Y,,A,01,0,1,0,0,0,0,0,0,0,"- ","- ",37.061580657958984,-120.81770324707031,MERCED,"LOS BANOS",-120.81751251220703,37.062549591064453
91422773,2021,2021-03-08,9460,2021-03-06,1708,019918,,6,2,9,2400,0,3,5,,2,040,"SHAFFER RD","EUCALYPTUS AVE",0.00,,Y,A,-,N,,,,,,,,,,Y,4,0,1,2,A,-,05,21460,A,N,D,C,A,A,H,-,A,D,0,,,,,Y,,D,22,0,0,1,0,0,0,0,0,0,"- ","- ",37.403938293457031,-120.59500122070312,MERCED,UNINCORPORATED,-120.594970703125,37.403964996337891
91501445,2021,2021-06-21,9461,2021-06-11,1615,020486,,5,2,9,2400,0,1,3,,1,103,"STATE HIGHWAY 33","INTERSTATE 5",0.00,,Y,A,-,Y,,,33,,,,,,,Y,4,0,1,2,A,-,09,21802,A,N,D,C,A,A,H,-,A,A,0,,,,,Y,,D,22,0,0,1,0,0,0,0,0,0,"- ","- ",37.104061126708984,-121.01583099365234,MERCED,UNINCORPORATED,-121.01580047607422,37.104061126708984
9222809,2021,2021-03-18,2406,2021-01-04,1308,129,NORTH,1,5,5,2406,0,0,0,,0,010,"PARK AV","COLLEGE GREEN DR",0.00,,Y,B,-,N,,,,,,,,,,Y,4,0,1,2,A,-,09,21802,A,N,D,C,A,A,H,-,A,A,0,,,,,Y,,A,01,0,0,1,0,0,0,0,0,0,"- ","- ",,,MERCED,MERCED,-120.47305297851562,37.318149566650391
9226179,2021,2021-03-24,2406,2021-02-13,1410,268,1,6,5,5,2406,0,0,0,,0,011,"R ST","NORTH BEAR CREEK DR",0.00,,Y,A,-,N,,,,,,,,,,Y,4,0,2,2,A,-,12,21453,A,N,D,C,A,A,H,-,A,A,0,,,,,Y,,A,07,0,0,2,0,0,0,0,0,0,"- ","- ",,,MERCED,MERCED,-120.48741912841797,37.313713073730469
9293692,2021,2021-09-16,2406,2021-07-15,1313,306,3,4,5,5,2406,0,0,0,,0,031,"V ST","WEST 11TH ST",0.00,,Y,A,-,N,,,,,,,,,,Y,3,0,2,4,A,-,09,21802,A,N,D,C,A,A,H,-,A,D,0,,,,,Y,,A,01,0,1,1,0,0,0,0,0,0,"- ","- ",,,MERCED,MERCED,-120.50202178955078,37.300670623779297
9355279,2021,2021-11-06,2406,2021-10-10,0241,305,,7,5,5,2406,0,0,0,,0,2120,"Q ST","WEST 20TH ST",0.00,,Y,A,-,N,,,,,,,,,,N,3,0,1,2,A,-,12,22450,A,N,D,G,A,A,H,-,C,A,0,,Y,,,Y,,L,04,0,1,0,0,0,0,1,0,0,"- ","- ",,,MERCED,MERCED,-120.48916625976562,37.307197570800781
91400623,2021,2021-02-02,9461,2021-01-27,2130,020486,,3,2,9,2400,0,1,1,,2,205,"INTERSTATE 5","NESS AVENUE",5280.00,N,N,C,-,Y,,,5,,,,,,,Y,4,0,1,2,A,-,03,22350,,N,C,C,A,B,H,-,D,D,0,,,,,Y,,A,01,0,0,1,0,0,0,0,0,0,"- ","- ",36.869518280029297,-120.78694915771484,MERCED,UNINCORPORATED,-120.78696441650391,36.869510650634766
91551468,2021,2021-08-23,9461,2021-07-09,1419,021854,,5,2,9,2400,0,3,5,,2,010,"VOLTA ROAD","RAMOS ROAD",2112.00,N,N,A,-,N,,,,,,,,,,Y,1,1,1,2,A,-,11,21954,A,N,G,B,E,A,H,-,A,D,0,Y,,,Y,Y,,N,60,0,1,0,1,0,0,0,0,0,"- ","- ",37.077091217041016,-120.92606353759766,MERCED,UNINCORPORATED,-120.92597961425781,37.076457977294922
91571976,2021,2021-09-16,9460,2021-09-10,1756,018292,,5,2,9,2400,0,1,3,,2,002,"SR-99 NORTHBOUND","ATWATER MERCED EXPY",750.00,N,N,A,-,Y,,,,,,,,,,Y,4,0,1,2,A,-,03,22350,,N,C,C,A,A,H,-,A,D,0,,,,,Y,,A,01,0,0,1,0,0,0,0,0,0,"- ","- ",37.333091735839844,-120.57067108154297,MERCED,UNINCORPORATED,-120.56947326660156,37.332901000976562
9273650,2021,2021-06-21,2406,2021-05-28,1214,256,2,5,5,5,2406,0,0,0,,0,020,"WEST 21ST ST","K ST",0.00,,Y,A,-,N,,,,,,,,,,Y,3,0,1,2,A,-,09,21802,A,N,D,C,A,A,H,-,A,A,0,,,,,Y,,A,01,0,1,0,0,0,0,0,0,0,"- ","- ",,,MERCED,MERCED,-120.47954559326172,37.304882049560547
9361325,2021,2021-12-01,2401,2021-10-29,1011,733,3,5,5,3,2401,0,0,0,,0,003,"BROADWAY AV","SHAFFER RD",0.00,,Y,A,-,N,,,,,,,,,,N,4,0,1,2,A,-,12,22450,A,M,D,C,A,A,H,-,A,A,0,,,,,Y,,A,01,0,0,1,0,0,0,0,0,0,"- ","- ",37.342311859130859,-120.59591674804688,MERCED,ATWATER,-120.59593963623047,37.342315673828125
9380024,2021,2022-02-18,2405,2021-06-03,1930,PD45,1,4,5,3,2405,0,0,0,,0,0B1,"H ST","2N ST",14.00,E,N,A,-,N,,,,,,,,,,N,3,0,1,2,A,-,10,21950,A,N,G,B,B,A,H,-,A,A,0,Y,,,,Y,,A,01,0,1,0,0,1,0,0,0,0,"- ","- ",37.063720703125,-120.85312652587891,MERCED,"LOS BANOS",-120.8529052734375,37.064437866210938