CASE_ID,ACCIDENT_YEAR,PROC_DATE,JURIS,COLLISION_DATE,COLLISION_TIME,OFFICER_ID,REPORTING_DISTRICT,DAY_OF_WEEK,CHP_SHIFT,POPULATION,CNTY_CITY_LOC,SPECIAL_COND,BEAT_TYPE,CHP_BEAT_TYPE,CITY_DIVISION_LAPD,CHP_BEAT_CLASS,BEAT_NUMBER,PRIMARY_RD,SECONDARY_RD,DISTANCE,DIRECTION,INTERSECTION,WEATHER_1,WEATHER_2,STATE_HWY_IND,CALTRANS_COUNTY,CALTRANS_DISTRICT,STATE_ROUTE,ROUTE_SUFFIX,POSTMILE_PREFIX,POSTMILE,LOCATION_TYPE,RAMP_INTERSECTION,SIDE_OF_HWY,TOW_AWAY,COLLISION_SEVERITY,NUMBER_KILLED,NUMBER_INJURED,PARTY_COUNT,PRIMARY_COLL_FACTOR,PCF_CODE_OF_VIOL,PCF_VIOL_CATEGORY,PCF_VIOLATION,PCF_VIOL_SUBSECTION,HIT_AND_RUN,TYPE_OF_COLLISION,MVIW,PED_ACTION,ROAD_SURFACE,ROAD_COND_1,ROAD_COND_2,LIGHTING,CONTROL_DEVICE,CHP_ROAD_TYPE,PEDESTRIAN_ACCIDENT,BICYCLE_ACCIDENT,MOTORCYCLE_ACCIDENT,TRUCK_ACCIDENT,NOT_PRIVATE_PROPERTY,ALCOHOL_INVOLVED,STWD_VEHTYPE_AT_FAULT,CHP_VEHTYPE_AT_FAULT,COUNT_SEVERE_INJ,COUNT_VISIBLE_INJ,COUNT_COMPLAINT_PAIN,COUNT_PED_KILLED,COUNT_PED_INJURED,COUNT_BICYCLIST_KILLED,COUNT_BICYCLIST_INJURED,COUNT_MC_KILLED,COUNT_MC_INJURED,PRIMARY_RAMP,SECONDARY_RAMP,LATITUDE,LONGITUDE,COUNTY,CITY,POINT_X,POINT_Y
9405953,2021,2022-02-18,2405,2021-07-13,2333,PD21,,2,5,3,2405,0,0,0,,0,0B4,"NANTES AV","VINEYARD DR",0.00,,Y,A,-,N,,,,,,,,,,Y,3,0,1,2,A,-,09,21802,,N,B,C,A,A,H,-,C,D,0,,,,,Y,,D,22,0,1,0,0,0,0,0,0,0,"- ","- ",37.082630157470703,-120.85328674316406,MERCED,"LOS BANOS",-120.85331726074219,37.082672119140625
91440982,2021,2021-04-01,9461,2021-03-23,1226,017183,,2,1,3,2405,0,1,3,,1,152,"SR-152 E/B","SANTA CLARA COUNTY",3168.00,E,N,A,-,Y,,,,,,,,,,Y,4,0,1,1,A,-,08,22107,,N,F,A,A,A,H,-,A,D,0,,,,,Y,,A,07,0,0,1,0,0,0,0,0,0,"- ","- ",37.075939178466797,-121.20839691162109,MERCED,"LOS BANOS",,
91500282,2021,2021-06-18,9460,2021-06-07,1724,018292,,1,2,9,2400,0,3,5,,2,100,"WHITE CRANE ROAD","ROBIN AVENUE",39.00,N,N,A,G,N,,,,,,,,,,Y,3,0,1,1,A,-,01,23152,A,N,E,I,A,A,H,-,A,D,0,,,,,Y,Y,A,01,0,1,0,0,0,0,0,0,0,"- ","- ",37.316738128662109,-120.74205017089844,MERCED,UNINCORPORATED,-120.74217987060547,37.316768646240234
91531019,2021,2021-07-28,9460,2021-07-17,1035,019286,,6,1,9,2400,0,1,3,,1,165,SR-165,"BLOSS AVENUE",160.00,N,N,A,-,Y,,,165,,,,,,,N,4,0,1,2,A,-,09,21804,A,F,B,C,A,A,H,-,A,D,0,,,,,Y,,-,99,0,0,1,0,0,0,0,0,0,"- ","- ",37.404739379882812,-120.85012817382812,MERCED,UNINCORPORATED,-120.85012817382812,37.404739379882812
91587091,2021,2021-10-04,9460,2021-09-22,0135,021320,,3,3,5,2406,0,1,3,,2,003,"SR-99 S/B","O STREET",100.00,S,N,A,-,Y,,,99,,,,,,S,Y,3,0,1,1,A,-,01,23152,F,N,E,I,A,A,H,-,D,D,0,,,,,Y,,A,01,0,1,0,0,0,0,0,0,0,"- ","- ",37.300701141357422,-120.49433898925781,MERCED,MERCED,-120.49432373046875,37.300754547119141
9214108,2021,2021-03-18,2406,2021-01-11,1800,256,2,1,5,5,2406,0,0,0,,0,021,"WEST 15TH ST","M ST",110.00,W,N,A,-,N,,,,,,,,,,Y,3,0,2,3,A,-,01,23153,,N,C,E,E,A,H,-,C,D,0,Y,,,,Y,Y,A,07,0,2,0,0,1,0,0,0,0,"- ","- ",,,MERCED,MERCED,-120.48649597167969,37.299816131591797
9403293,2021,2022-03-21,2405,2021-08-02,2336,PD47,2,1,5,3,2405,0,0,0,,0,0B2,"PALERMO DR","CASTELLANA ST",8.00,N,N,A,-,N,,,,,,,,,,Y,4,0,1,2,A,-,01,23152,A,N,D,E,A,A,H,-,C,A,0,,,,,Y,Y,A,01,0,0,1,0,0,0,0,0,0,"- ","- ",37.069190979003906,-120.81938934326172,MERCED,"LOS BANOS",-120.81941986083984,37.069198608398438
91389191,2021,2021-01-22,9461,2021-01-14,0354,020385,,4,3,9,2400,0,1,3,,1,152,"SR-152 W/B","LOWER COTTONWOOD ROAD",0.00,,Y,A,-,Y,,,152,,,,,,W,Y,2,0,1,1,A,-,08,22107,,N,E,I,A,A,H,-,D,D,0,,,,,Y,,A,01,1,0,0,0,0,0,0,0,0,"- ","- ",37.099411010742188,-121.12284851074219,MERCED,UNINCORPORATED,-121.12202453613281,37.099742889404297
91466447,2021,2021-05-05,9461,2021-04-29,0719,017183,,4,1,9,2400,0,2,4,,1,410,"TURNER ISLAND ROAD SB","HENRY MILLER AVENUE",3168.00,N,N,A,-,N,,,,,,,,,,Y,2,0,1,1,A,-,08,22107,,N,E,I,A,A,H,-,A,D,0,,,,,Y,,D,22,1,0,0,0,0,0,0,0,0,"- ","- ",37.107089996337891,-120.70751953125,MERCED,UNINCORPORATED,-120.70747375488281,37.106647491455078
91552090,2021,2021-08-23,9461,2021-08-17,1650,021056,,2,2,9,2400,0,1,1,,2,105,"I-5 S/B",SR-152,7920.00,N,N,A,-,Y,,,5,,,,,,S,Y,3,0,1,1,A,-,08,22107,,N,F,A,A,A,H,-,A,D,0,,,,Y,Y,,G,27,0,1,0,0,0,0,0,0,0,"- ","- ",37.069431304931641,-120.98211669921875,MERCED,UNINCORPORATED,-120.98223876953125,37.069316864013672
9274477,2021,2021-07-30,2406,2021-06-08,0821,265,2,2,5,5,2406,0,0,0,,0,020,"EAST 21ST ST","UNION AV",12.00,W,N,A,-,N,,,,,,,,,,N,4,0,1,2,A,-,03,22350,,N,C,C,A,A,H,-,A,A,0,,,,,Y,,A,01,0,0,1,0,0,0,0,0,0,"- ","- ",,,MERCED,MERCED,-120.46054077148438,37.297882080078125
9293406,2021,2021-08-18,2406,2021-07-12,1547,129,CENTR,1,5,5,2406,0,0,0,,0,021,"WEST 19TH ST","R ST",2.00,E,N,A,-,N,,,,,,,,,,N,3,0,1,2,A,-,10,21950,A,N,G,B,B,A,H,-,A,A,0,Y,,,,Y,,A,01,0,1,0,0,1,0,0,0,0,"- ","- ",,,MERCED,MERCED,-120.49126434326172,37.306758880615234
9300234,2021,2021-10-13,2405,2021-01-28,1333,PD55,3,4,5,3,2405,0,0,0,,0,0B3,"ORTIGALITA RD","CARDOZA RD",0.00,,Y,B,C,N,,,,,,,,,,Y,2,0,4,2,A,-,12,22450,A,N,D,C,A,B,H,-,A,A,0,,,,,Y,,D,22,1,1,2,0,0,0,0,0,0,"- ","- ",37.049339294433594,-120.87201690673828,MERCED,"LOS BANOS",-120.87201690673828,37.049346923828125
9372412,2021,2021-12-09,2406,2021-10-29,1229,252,2,5,5,5,2406,0,0,0,,0,002,"R ST","WEST MAIN ST",180.00,N,N,A,-,N,,,,,,,,,,N,4,0,1,2,A,-,09,21804,A,N,D,C,A,A,H,-,A,A,0,,,,,Y,,A,07,0,0,1,0,0,0,0,0,0,"- ","- ",,,MERCED,MERCED,-120.49217224121094,37.305210113525391
9402556,2021,2022-02-10,2406,2021-12-12,2249,222,1,7,5,5,2406,0,0,0,,0,010,"MAUDEVILLE LN","TOLMAN WY",0.00,,Y,C,G,N,,,,,,,,,,Y,3,0,1,2,A,-,01,23152,A,N,D,C,A,B,H,-,C,D,0,,,,,Y,Y,A,01,0,1,0,0,0,0,0,0,0,"- ","- ",,,MERCED,MERCED,-120.47093200683594,37.357955932617188
91382233,2021,2021-03-02,9460,2021-01-03,1025,016917,,7,1,9,2400,0,3,5,,2,040,"OAKDALE RD","AMSTERDAM RD",25.00,W,N,B,-,N,,,,,,,,,,Y,4,0,3,2,A,-,05,21460,A,N,B,C,A,A,H,-,A,D,0,,,,,Y,,D,22,0,0,3,0,0,0,0,0,0,"- ","- ",37.430320739746094,-120.54186248779297,MERCED,UNINCORPORATED,-120.54183197021484,37.430301666259766
91455311,2021,2021-04-21,9460,2021-04-17,1139,018951,,6,1,9,2400,0,1,3,,2,002,"STATE ROUTE 99 N/B","APPLEGATE ROAD",528.00,S,N,A,-,Y,,,,,,,,,,Y,4,0,4,3,A,-,04,21703,,N,C,C,A,A,D,-,A,D,0,,,,,Y,,A,01,0,0,4,0,0,0,0,0,0,"- ","- ",37.34381103515625,-120.61083221435547,MERCED,UNINCORPORATED,-120.61156463623047,37.344085693359375
91599600,2021,2021-10-18,9460,2021-10-12,0736,016476,,2,1,9,2400,0,1,3,,2,001,"SR-99 N/B","COLLIER RD",2640.00,S,N,A,-,Y,,,99,,,,,,N,N,4,0,1,2,A,-,04,21703,,N,C,C,A,A,D,-,A,D,0,,,,,Y,,A,01,0,0,1,0,0,0,0,0,0,"- ","- ",37.409030914306641,-120.75077819824219,MERCED,UNINCORPORATED,-120.75129699707031,37.408405303955078
9428897,2021,2022-04-04,2406,2021-08-26,1315,129,CENTR,4,5,5,2406,0,0,0,,0,021,"R ST","WEST MAIN ST",0.00,,Y,A,-,N,,,,,,,,,,Y,4,0,1,2,A,-,12,21453,A,N,A,C,A,A,H,-,A,A,0,,,,,Y,,D,22,0,0,1,0,0,0,0,0,0,"- ","- ",,,MERCED,MERCED,-120.492431640625,37.304756164550781
91504607,2021,2021-06-23,9460,2021-06-20,1510,018292,,7,2,9,2400,0,3,5,,2,100,"RIVER RD","KELLEY RD",35.00,E,N,A,-,N,,,,,,,,,,N,4,0,1,2,A,-,03,22350,,N,C,C,A,A,H,-,A,D,0,,,,,Y,,A,01,0,0,1,0,0,0,0,0,0,"- ","- ",37.350730895996094,-120.96298217773438,MERCED,UNINCORPORATED,-120.96296691894531,37.350715637207031
91647355,2021,2021-12-09,9460,2021-11-28,1410,018778,,7,2,9,2400,0,3,5,,2,050,"VINCENT ROAD","LINWOOD AVE",125.00,N,N,A,-,N,,,,,,,,,,N,4,0,2,1,A,-,08,22107,,N,E,I,A,A,H,-,A,D,0,,,,,Y,,A,01,0,0,2,0,0,0,0,0,0,"- ","- ",37.478191375732422,-120.77619171142578,MERCED,UNINCORPORATED,-120.77600860595703,37.478141784667969
91647533,2021,2021-12-09,9460,2021-11-26,1810,021468,,5,2,9,2400,0,1,3,,2,002,"SR-99 N/B","E. ATWATER BOULEVARD",200.00,N,N,A,-,Y,,,99,,,,,,N,Y,3,0,1,3,A,-,03,22350,,N,C,C,A,A,D,-,D,D,0,,,,,Y,,A,01,0,1,0,0,0,0,0,0,0,"- ","- ",37.340320587158203,-120.59516906738281,MERCED,UNINCORPORATED,-120.59516906738281,37.340278625488281
91652711,2021,2021-12-15,9461,2021-10-10,0600,020486,,7,1,9,2400,0,1,3,,1,153,"STATE HIGHWAY 152","VOLTA ROAD",0.00,,Y,A,-,Y,,,152,,,,,,,Y,1,2,0,2,A,-,09,21802,A,N,D,C,A,A,H,-,D,A,0,,,,Y,Y,,A,01,0,0,0,0,0,0,0,0,0,"- ","- ",37.056438446044922,-120.92655181884766,MERCED,UNINCORPORATED,-120.92655181884766,37.056461334228516
91653296,2021,2021-12-15,9460,2021-12-07,1455,021468,,2,2,9,2400,0,1,3,,1,590,SR-59,"BELCHER AVE",1056.00,S,N,B,-,Y,,,59,,,,,,,Y,4,0,4,3,A,-,03,22350,,N,C,C,A,A,H,-,A,D,0,,,,,Y,,A,01,0,0,4,0,0,0,0,0,0,"- ","- ",37.337478637695312,-120.50438690185547,MERCED,UNINCORPORATED,-120.50440216064453,37.337478637695312
9206189,2021,2021-10-06,2405,2021-01-17,1556,PD57,2,7,5,3,2405,0,0,0,,0,0B2,"H ST","7TH ST",0.00,,Y,A,-,N,,,,,,,,,,Y,2,0,3,2,A,-,12,21453,A,N,D,C,A,A,H,-,A,A,0,,,,,Y,,A,01,1,1,1,0,0,0,0,0,0,"- ","- ",37.061241149902344,-120.84578704833984,MERCED,"LOS BANOS",-120.84577941894531,37.061225891113281
9255956,2021,2021-05-25,2406,2021-05-03,1417,183,1,1,5,5,2406,0,0,0,,0,011,"WEST OLIVE AV",LOUGHBOROUGH,0.00,,Y,A,-,N,,,,,,,,,,Y,4,0,1,4,A,-,12,21453,A,N,D,C,A,A,H,-,A,A,0,,,,,Y,,D,22,0,0,1,0,0,0,0,0,0,"- ","- ",,,MERCED,MERCED,-120.49980163574219,37.319049835205078
9349946,2021,2021-11-10,2406,2021-09-25,1531,307,1,6,5,5,2406,0,0,0,,0,010,"VERNAL AV","E DONNA DR",12.00,S,N,A,-,N,,,,,,,,,,Y,4,0,1,2,A,-,08,22107,,N,D,C,A,A,H,-,A,A,0,,,,,Y,,D,22,0,0,1,0,0,0,0,0,0,"- ","- ",,,MERCED,MERCED,-120.45828247070312,37.328475952148438
9380707,2021,2022-01-26,2406,2021-12-29,1618,283,3,3,5,5,2406,0,0,0,,0,031,"R ST","WEST 14TH ST",40.00,S,N,C,-,N,,,,,,,,,,N,4,0,3,2,A,-,03,22350,,N,C,C,A,B,H,-,A,A,0,,,,,Y,,A,01,0,0,3,0,0,0,0,0,0,"- ","- ",,,MERCED,MERCED,-120.49434661865234,37.30133056640625
91543322,2021,2021-08-12,9460,2021-08-04,1705,019806,,3,2,9,2400,0,3,5,,2,090,"APPLEGATE RD","MORAN RD",1300.00,N,N,A,-,N,,,,,,,,,,Y,4,0,1,2,A,-,09,21801,A,N,A,C,A,A,H,-,A,D,0,,,,,Y,,D,22,0,0,1,0,0,0,0,0,0,"- ","- ",37.313121795654297,-120.61463165283203,MERCED,UNINCORPORATED,-120.61465454101562,37.312957763671875
91604624,2021,2021-10-25,9460,2021-10-16,0032,020967,,6,3,9,2400,0,1,3,,2,003,"SR-99 N/B","LE GRAND ROAD",10560.00,N,N,A,-,Y,,,99,,,,,,N,N,3,0,2,2,A,-,01,23152,A,N,C,C,A,A,H,-,D,D,0,,,,,Y,Y,A,01,0,1,1,0,0,0,0,0,0,"- ","- ",37.247871398925781,-120.40680694580078,MERCED,UNINCORPORATED,-120.40709686279297,37.24749755859375
91383706,2021,2021-01-07,9460,2021-01-01,1543,019838,,5,2,9,2400,0,3,5,,2,090,"LONGVIEW AVE","BERT CRANE RD",1056.00,W,N,A,-,N,,,,,,,,,,Y,4,0,1,1,A,-,08,22107,,N,E,I,A,A,H,-,A,D,0,,,,,Y,,A,01,0,0,1,0,0,0,0,0,0,"- ","- ",37.353000640869141,-120.6365966796875,MERCED,UNINCORPORATED,-120.63619232177734,37.353031158447266
91387435,2021,2021-01-14,9461,2021-01-06,1410,020486,,3,2,9,2400,0,1,3,,1,152,"STATE HIGHWAY 152","UPPER COTTONWOOD ROAD",2112.00,E,N,A,-,Y,,,152,,,,,,,Y,3,0,2,2,A,-,08,22107,,N,B,C,A,A,H,-,A,D,0,,,,,Y,,A,01,0,1,1,0,0,0,0,0,0,"- ","- ",37.087009429931641,-121.17289733886719,MERCED,UNINCORPORATED,-121.17289733886719,37.087039947509766
91387537,2021,2021-01-14,9460,2021-01-11,0645,015398,,1,1,9,2400,0,3,5,,2,040,"TURLOCK RD.","DRY CREEK RD.",6706.00,W,N,E,-,N,,,,,,,,,,Y,4,0,1,1,A,-,08,22107,,N,E,I,A,B,H,-,A,D,0,,,,,Y,,A,07,0,0,1,0,0,0,0,0,0,"- ","- ",37.474891662597656,-120.60581970214844,MERCED,UNINCORPORATED,-120.60651397705078,37.47540283203125
91389488,2021,2021-01-18,9460,2021-01-14,0735,019286,,4,1,9,2400,0,1,3,,2,002,"SR-99 S/B TO LIBERTY AVENUE","LIBERTY AVENUE",0.00,,Y,B,-,Y,,,99,,,,R,,S,Y,4,0,1,2,A,-,12,22450,A,N,D,C,A,A,H,-,A,A,0,,,,,Y,,A,07,0,0,1,0,0,0,0,0,0,"- ","- ",37.373218536376953,-120.68314361572266,MERCED,UNINCORPORATED,-120.68314361572266,37.373218536376953
91389501,2021,2021-01-18,9460,2021-01-14,1835,018922,,4,2,9,2400,0,3,5,,2,080,"HENRY ROAD","MISSION AVENUE",1584.00,S,N,B,-,N,,,,,,,,,,Y,4,0,2,1,A,-,06,21751,,N,E,I,A,A,H,-,D,D,0,,,,,Y,,A,01,0,0,2,0,0,0,0,0,0,"- ","- ",37.269649505615234,-120.45162963867188,MERCED,UNINCORPORATED,-120.45162963867188,37.269050598144531
91389508,2021,2021-01-18,9460,2021-01-14,1620,018422,,4,2,9,2400,0,3,5,,2,020,"GOLDEN STATE BLVD.","GRIFFITH RD.",1056.00,S,N,A,-,N,,,,,,,,,,Y,3,0,1,1,A,-,08,22107,,N,F,A,A,A,H,-,A,D,0,,,,,Y,,A,07,0,1,0,0,0,0,0,0,0,"- ","- ",37.460739135742188,-120.80943298339844,MERCED,UNINCORPORATED,-120.80921936035156,37.460918426513672
91390442,2021,2021-01-19,9460,2021-01-08,1407,021468,,5,2,9,2400,0,1,3,,2,002,"SR-99 S/B","ATWATER-MERCED EXPRESSWAY",1056.00,N,N,B,-,Y,,,99,,,,,,S,Y,4,0,1,5,A,-,03,22350,,N,C,C,A,A,D,-,A,D,0,,,,,Y,,A,01,0,0,1,0,0,0,0,0,0,"- ","- ",37.332988739013672,-120.57192993164062,MERCED,UNINCORPORATED,-120.57219696044922,37.332252502441406
91390703,2021,2021-01-19,9460,2021-01-17,1247,015398,,7,1,9,2400,0,1,3,,2,001,"SR-99 S/B","SHANKS RD.",1690.00,N,N,A,-,Y,,,99,,,,,,S,Y,4,0,2,1,A,-,08,22107,,N,F,A,A,A,H,-,A,D,0,,,,,Y,,A,07,0,0,2,0,0,0,0,0,0,"- ","- ",37.440650939941406,-120.78732299804688,MERCED,UNINCORPORATED,-120.787353515625,37.440616607666016
91391324,2021,2021-01-20,9460,2021-01-12,1645,019838,,2,2,9,2400,0,1,3,,2,002,"SR-99 S/B","APPLEGATE ROAD",5280.00,S,N,A,-,Y,,,,,,,,,,Y,4,0,2,5,A,-,07,21658,A,F,C,C,A,A,D,-,A,D,0,,,,,Y,,A,07,0,0,2,0,0,0,0,0,0,"- ","- ",37.340000152587891,-121.59339904785156,MERCED,UNINCORPORATED,-120.59636688232422,37.339988708496094
91392341,2021,2021-01-21,9461,2021-01-12,1355,021056,,2,1,9,2400,0,2,4,,1,115,"HENRY MILLER AVE W/B","WILSON RD",528.00,W,N,A,-,N,,,,,,,,,,Y,4,0,1,3,A,-,08,22107,,N,B,C,A,A,H,-,A,D,0,,,,Y,Y,,A,01,0,0,1,0,0,0,0,0,0,"- ","- ",37.099960327148438,-120.87477111816406,MERCED,UNINCORPORATED,-120.87300872802734,37.099941253662109
91393678,2021,2021-01-25,9460,2021-01-13,1554,021511,,3,2,9,2400,0,1,3,,2,002,"SR-99 S/B","W. ATWATER BLVD.",250.00,S,N,A,-,Y,,,99,,,,,,S,Y,4,0,1,5,A,-,03,22350,,N,C,C,A,A,H,-,A,D,0,,,,,Y,,A,07,0,0,1,0,0,0,0,0,0,"- ","- ",37.34027099609375,-120.59272766113281,MERCED,UNINCORPORATED,-120.59272766113281,37.34027099609375
91393739,2021,2021-01-25,9450,2021-01-05,0906,017827,,2,1,9,2400,0,3,5,,2,020,"ROAD 24","AVENUE 18",0.00,,Y,A,-,N,,,,,,,,,,Y,3,0,1,2,A,-,05,21752,D,N,D,C,A,A,A,-,A,D,0,,,,Y,Y,,F,25,0,1,0,0,0,0,0,0,0,"- ","- ",37.010990142822266,-120.11055755615234,MERCED,UNINCORPORATED,-120.11052703857422,37.010932922363281
91393897,2021,2021-01-25,9460,2021-01-16,1238,019286,,6,1,9,2400,0,2,4,,1,042,"SANTA FE DRIVE","CHESTNUT LANE",1056.00,E,N,A,-,N,,,,,,,,,,Y,3,0,2,2,A,-,16,24002,A,N,A,C,A,A,H,-,A,D,0,,,,,Y,,B,07,0,2,0,0,0,0,0,0,0,"- ","- ",37.377540588378906,-120.60022735595703,MERCED,UNINCORPORATED,-120.60169982910156,37.378414154052734
91394905,2021,2021-01-27,9460,2021-01-17,1305,016323,,7,1,9,2400,0,1,3,,1,143,"STATE ROUTE 140","ARBOLEDA DRIVE",0.00,,Y,A,-,Y,,,140,,,,,,,Y,3,0,1,2,A,-,09,21800,A,N,D,C,A,A,H,-,A,A,0,,,Y,,Y,,-,"- ",0,1,0,0,0,0,0,0,1,"- ","- ",37.296051025390625,-120.3790283203125,MERCED,UNINCORPORATED,-120.3790283203125,37.296024322509766
91396060,2021,2021-02-08,9461,2021-01-08,0900,014933,,5,1,9,2400,0,1,3,,1,452,"STATE ROUTE 152 WESTBOUND","SAN JUAN ROAD",708.00,E,N,E,-,Y,,,152,,,,,,W,Y,1,1,0,1,A,-,08,22107,,N,E,I,A,A,H,-,A,D,0,,,,,Y,,A,01,0,0,0,0,0,0,0,0,0,"- ","- ",37.054519653320312,-120.65115356445312,MERCED,UNINCORPORATED,-120.65115356445312,37.054439544677734
91398472,2021,2021-01-29,9460,2021-01-22,1504,019918,,5,2,9,2400,0,1,3,,2,002,"SR-99 S/B","ATWATER BLVD",120.00,S,N,B,-,Y,,,99,,,,,,S,Y,4,0,1,3,A,-,03,22350,,N,C,C,A,B,D,-,A,D,0,,,,,Y,,A,01,0,0,1,0,0,0,0,0,0,"- ","- ",37.340229034423828,-120.59322357177734,MERCED,UNINCORPORATED,-120.59322357177734,37.340240478515625
91398641,2021,2021-01-29,9460,2021-01-24,0435,021150,,7,3,9,2400,0,1,3,,2,001,"SR-99 N/B","BRADBURY RD",140.00,S,N,A,-,Y,,,99,,,,,,N,Y,3,0,1,1,A,-,01,23152,A,N,E,I,A,A,H,-,C,D,0,,,,,Y,Y,A,01,0,1,0,0,0,0,0,0,0,"- ","- ",37.448371887207031,-120.79659271240234,MERCED,UNINCORPORATED,-120.79663848876953,37.448318481445312
91399675,2021,2021-02-01,9460,2021-01-21,0001,019005,,4,3,9,2400,0,1,3,,2,002,"SR-99 S/B","FRANKLIN RD",2640.00,S,N,A,-,Y,,,99,,,,,,S,Y,2,0,1,1,A,-,08,22107,,N,E,I,A,A,H,-,D,D,0,,,,,Y,,A,07,1,0,0,0,0,0,0,0,0,"- ","- ",37.317840576171875,-120.53392028808594,MERCED,UNINCORPORATED,-120.53379821777344,37.318172454833984
91400905,2021,2021-02-02,9460,2021-01-25,2150,020156,,1,2,9,2400,0,1,3,,1,165,"SR-165 N/B","WESTSIDE BLVD",528.00,S,N,A,-,Y,,,165,,,,,,N,Y,4,0,1,1,A,-,08,22107,,N,F,A,A,A,H,-,D,D,0,,,,,Y,,A,01,0,0,1,0,0,0,0,0,0,"- ","- ",37.359031677246094,-120.84954833984375,MERCED,UNINCORPORATED,-120.85033416748047,37.359024047851562
91401184,2021,2021-02-02,9461,2021-01-26,1800,017029,,2,2,9,2400,0,3,5,,2,020,"PIONEER RD","ORTIGALITA RD",0.00,,Y,B,-,N,,,,,,,,,,Y,3,0,3,2,A,-,09,21802,A,N,D,C,A,A,H,-,C,A,0,,,,,Y,,A,01,0,1,2,0,0,0,0,0,0,"- ","- ",37.042140960693359,-120.87223815917969,MERCED,UNINCORPORATED,-120.87223052978516,37.042182922363281
91402055,2021,2021-02-03,9460,2021-01-09,1615,018778,,6,2,9,2400,0,1,3,,1,143,SR-140,"N. ORCHARD DR",260.00,W,N,A,-,Y,,,140,,,,,,,Y,3,0,1,1,A,-,01,23152,A,N,F,A,A,A,H,-,A,D,0,,,,,Y,Y,A,07,0,1,0,0,0,0,0,0,0,"- ","- ",37.295509338378906,-120.39829254150391,MERCED,UNINCORPORATED,-120.39829254150391,37.29547119140625
91402510,2021,2021-02-04,9460,2021-01-10,1330,018778,,7,1,9,2400,0,3,5,,2,070,"S. ARBOLEDA DRIVE","LE GRAND RD",0.00,,Y,A,-,N,,,,,,,,,,Y,4,0,3,2,A,-,12,22450,A,N,D,C,A,A,H,-,A,A,0,,,,,Y,,A,01,0,0,3,0,0,0,0,0,0,"- ","- ",37.227718353271484,-120.37251281738281,MERCED,UNINCORPORATED,-120.37249755859375,37.227752685546875
91404065,2021,2021-02-08,9460,2021-01-27,0455,018951,,3,3,9,2400,0,1,3,,2,002,"SR-99 N/B","WESTSIDE BLVD",528.00,N,N,B,C,Y,,,99,,,,,,N,Y,4,0,2,2,A,-,03,22350,,N,D,C,A,B,H,-,C,D,0,,,,,Y,,A,01,0,0,2,0,0,0,0,0,0,"- ","- ",37.362701416015625,-120.65286254882812,MERCED,UNINCORPORATED,-120.65284729003906,37.362785339355469
91404406,2021,2021-02-08,9460,2021-01-23,1751,021407,,6,2,9,2400,0,3,5,,2,020,"SYCAMORE STREET","BLOSS AVENUE",2640.00,N,N,A,-,N,,,,,,,,,,Y,3,0,1,2,A,-,06,21751,,F,B,C,A,A,H,-,D,D,0,,,,,Y,,A,07,0,1,0,0,0,0,0,0,0,"- ","- ",37.412601470947266,-120.7593994140625,MERCED,UNINCORPORATED,-120.75925445556641,37.412109375
91404660,2021,2021-04-21,9461,2021-02-05,1242,018586,,5,1,9,2400,0,1,1,,2,105,"I-5 N/B",SR-33,1584.00,N,N,A,-,Y,,,5,,,,,,N,Y,3,0,1,2,A,-,07,21658,A,N,B,C,A,A,H,-,A,D,0,,,,Y,Y,,A,01,0,1,0,0,0,0,0,0,0,"- ","- ",37.110958099365234,-121.01949310302734,MERCED,UNINCORPORATED,-121.0194091796875,37.111026763916016
91405512,2021,2021-02-09,9460,2021-02-03,1535,018778,,3,2,9,2400,0,1,3,,2,002,"SR-99 N/B","HAMMATT AVE",1048.00,S,N,A,-,Y,,,99,,,,,,N,Y,4,0,1,1,A,-,07,21658,A,N,E,I,A,A,H,-,A,D,0,,,,,Y,,A,01,0,0,1,0,0,0,0,0,0,"- ","- ",37.38323974609375,-120.70947265625,MERCED,UNINCORPORATED,-120.70948028564453,37.383224487304688