CASE_ID,ACCIDENT_YEAR,PROC_DATE,JURIS,COLLISION_DATE,COLLISION_TIME,OFFICER_ID,REPORTING_DISTRICT,DAY_OF_WEEK,CHP_SHIFT,POPULATION,CNTY_CITY_LOC,SPECIAL_COND,BEAT_TYPE,CHP_BEAT_TYPE,CITY_DIVISION_LAPD,CHP_BEAT_CLASS,BEAT_NUMBER,PRIMARY_RD,SECONDARY_RD,DISTANCE,DIRECTION,INTERSECTION,WEATHER_1,WEATHER_2,STATE_HWY_IND,CALTRANS_COUNTY,CALTRANS_DISTRICT,STATE_ROUTE,ROUTE_SUFFIX,POSTMILE_PREFIX,POSTMILE,LOCATION_TYPE,RAMP_INTERSECTION,SIDE_OF_HWY,TOW_AWAY,COLLISION_SEVERITY,NUMBER_KILLED,NUMBER_INJURED,PARTY_COUNT,PRIMARY_COLL_FACTOR,PCF_CODE_OF_VIOL,PCF_VIOL_CATEGORY,PCF_VIOLATION,PCF_VIOL_SUBSECTION,HIT_AND_RUN,TYPE_OF_COLLISION,MVIW,PED_ACTION,ROAD_SURFACE,ROAD_COND_1,ROAD_COND_2,LIGHTING,CONTROL_DEVICE,CHP_ROAD_TYPE,PEDESTRIAN_ACCIDENT,BICYCLE_ACCIDENT,MOTORCYCLE_ACCIDENT,TRUCK_ACCIDENT,NOT_PRIVATE_PROPERTY,ALCOHOL_INVOLVED,STWD_VEHTYPE_AT_FAULT,CHP_VEHTYPE_AT_FAULT,COUNT_SEVERE_INJ,COUNT_VISIBLE_INJ,COUNT_COMPLAINT_PAIN,COUNT_PED_KILLED,COUNT_PED_INJURED,COUNT_BICYCLIST_KILLED,COUNT_BICYCLIST_INJURED,COUNT_MC_KILLED,COUNT_MC_INJURED,PRIMARY_RAMP,SECONDARY_RAMP,LATITUDE,LONGITUDE,COUNTY,CITY,POINT_X,POINT_Y
91405926,2021,2021-02-10,9460,2021-02-08,1235,015305,,1,1,9,2400,0,3,5,,2,070,"HARVEY PETTIT ROAD","PLAINSBURG ROAD",7920.00,E,N,B,-,N,,,,,,,,,,Y,4,0,1,1,A,-,08,22107,,N,F,A,A,A,H,-,A,D,0,,,,,Y,,A,01,0,0,1,0,0,0,0,0,0,"- ","- ",37.174308776855469,-120.31282806396484,MERCED,UNINCORPORATED,-120.31270599365234,37.174148559570312
91406898,2021,2021-02-11,9460,2021-02-09,1405,019005,,2,2,9,2400,0,3,5,,2,090,"SUNSET DR","ARENA WAY",0.00,,Y,B,-,N,,,,,,,,,,Y,4,0,2,2,A,-,09,21802,A,N,D,C,A,A,H,-,A,A,0,,,,,Y,,A,01,0,0,2,0,0,0,0,0,0,"- ","- ",37.338569641113281,-120.67797088623047,MERCED,UNINCORPORATED,-120.67795562744141,37.338569641113281
91406914,2021,2021-02-11,9460,2021-02-01,1440,019838,,1,2,9,2400,0,1,3,,2,002,"SR-99 N/B","FRANKLIN ROAD",6864.00,S,N,A,-,Y,,,,,,,,,,N,3,0,1,2,A,-,08,22107,,N,H,A,A,A,H,-,A,D,0,,,,Y,Y,,G,27,0,1,0,0,0,0,0,0,0,"- ","- ",37.373401641845703,-120.51840209960938,MERCED,UNINCORPORATED,-120.52190399169922,37.314064025878906
91407583,2021,2021-02-12,9460,2021-02-10,0600,015398,,3,1,9,2400,0,3,5,,2,040,"OAKDALE RD.","LOONEY RD.",5280.00,E,N,A,-,N,,,,,,,,,,N,4,0,1,1,A,-,08,22107,,N,E,I,A,A,H,-,D,D,0,,,,,Y,,A,01,0,0,1,0,0,0,0,0,0,"- ","- ",37.460441589355469,-120.61502075195312,MERCED,UNINCORPORATED,-120.61595153808594,37.460601806640625
91407838,2021,2021-02-12,9460,2021-02-02,1400,019838,,2,2,9,2400,0,1,3,,2,002,"SR-99 S/B","BELLEVUE RD",2640.00,N,N,B,C,Y,,,99,,,,,,S,Y,3,0,1,2,A,-,08,22107,,N,B,C,A,B,H,-,A,D,0,,,,Y,Y,,A,01,0,1,0,0,0,0,0,0,0,"- ","- ",37.363700866699219,-120.65760040283203,MERCED,UNINCORPORATED,-120.65761566162109,37.363651275634766
91407866,2021,2021-02-12,9460,2021-02-06,1538,018778,,6,2,9,2400,0,3,5,,2,060,"DULCINEA STREET","SARAGOSA AVE",40.00,W,N,A,-,N,,,,,,,,,,N,3,0,1,2,A,-,11,21954,A,N,G,B,D,A,H,-,A,D,0,Y,,,,Y,,N,60,0,1,0,0,1,0,0,0,0,"- ","- ",37.291130065917969,-120.30835723876953,MERCED,UNINCORPORATED,-120.30828857421875,37.291149139404297
91407938,2021,2021-02-12,9460,2021-02-01,0950,014541,,1,1,9,2400,0,1,3,,2,002,"STATE ROUTE 99 N/B","APPLEGATE ROAD",1004.00,S,N,A,-,Y,,,,,,,,,,Y,4,0,2,2,A,-,07,21658,A,N,B,C,A,A,H,-,A,D,0,,,,,Y,,A,01,0,0,2,0,0,0,0,0,0,"- ","- ",37.343399047851562,-120.61013031005859,MERCED,UNINCORPORATED,-120.61007690429688,37.343544006347656
91408357,2021,2021-02-15,9460,2021-02-12,1355,018778,,5,1,3,2401,0,1,3,,2,002,"SR-99 N/B","APPLEGATE RD",700.00,N,N,A,-,Y,,,99,,,,,,N,Y,4,0,2,2,A,-,03,22350,,N,C,C,A,A,D,-,A,D,0,,,,,Y,,A,01,0,0,2,0,0,0,0,0,0,"- ","- ",37.345420837402344,-120.61518096923828,MERCED,ATWATER,-120.61517333984375,37.345428466796875
91408391,2021,2021-02-15,9460,2021-02-08,0200,015305,,1,3,9,2400,0,3,5,,2,060,"PLAINSBURG ROAD","SANTA FE AVENUE",0.00,,Y,A,-,N,,,,,,,,,,N,3,0,1,3,A,-,08,22107,,N,D,E,A,A,H,-,D,D,0,,,,Y,Y,,A,01,0,1,0,0,0,0,0,0,0,"- ","- ",37.292709350585938,-120.32473754882812,MERCED,UNINCORPORATED,-120.32483673095703,37.292903900146484
91410125,2021,2021-02-17,9461,2021-02-10,1754,020351,,3,2,9,2400,0,1,3,,1,452,"SR-152 W/B","DELTA ROAD",0.00,,Y,A,-,Y,,,152,,,,,,W,Y,4,0,2,2,A,-,09,21802,A,N,D,C,A,A,H,-,D,A,0,,,,,Y,,A,07,0,0,2,0,0,0,0,0,0,"- ","- ",37.055648803710938,-120.76219940185547,MERCED,UNINCORPORATED,-120.76219940185547,37.055633544921875
91410257,2021,2021-02-17,9461,2021-02-13,0101,021387,,6,3,9,2400,0,1,3,,1,152,"SR-152 E/B","ROCK BRIDGE",3696.00,W,N,A,-,Y,,,152,,,,,,E,Y,3,0,3,1,A,-,08,22107,,N,E,I,A,A,H,-,D,D,0,,,,,Y,,A,01,0,3,0,0,0,0,0,0,0,"- ","- ",37.097278594970703,-121.15064239501953,MERCED,UNINCORPORATED,-121.15062713623047,37.097255706787109
91410301,2021,2021-02-17,9461,2021-02-14,1935,021378,,7,2,9,2400,0,1,3,,1,152,"SR-152 E/B","DINOSAUR POINT RD",5280.00,E,N,A,-,Y,,,152,,,,,,E,Y,3,0,1,1,A,-,08,22107,,N,F,A,A,A,H,-,D,D,0,,,,,Y,,E,22,0,1,0,0,0,0,0,0,0,"- ","- ",37.075920104980469,-121.20841217041016,MERCED,UNINCORPORATED,-121.20842742919922,37.075939178466797
91411213,2021,2021-02-18,9460,2021-02-17,1703,019005,,3,2,9,2400,0,2,4,,1,042,"SANTA FE DR","SHAFFER RD",770.00,W,N,A,-,N,,,,,,,,,,N,4,0,1,2,A,-,05,21460,A,N,B,C,A,A,H,-,A,D,0,,,,,Y,,A,01,0,0,1,0,0,0,0,0,0,"- ","- ",37.375961303710938,-120.59770202636719,MERCED,UNINCORPORATED,-120.59763336181641,37.375888824462891
91411243,2021,2021-02-18,9460,2021-02-12,1748,019005,,5,2,9,2400,0,3,5,,2,090,"ATWATER JORDAN RD.","SULTANA DR.",1584.00,E,N,A,-,N,,,,,,,,,,Y,3,0,1,1,A,-,01,23152,A,N,E,I,A,A,H,-,D,D,0,,,,,Y,Y,A,07,0,1,0,0,0,0,0,0,0,"- ","- ",37.331199645996094,-120.68090057373047,MERCED,UNINCORPORATED,-120.68170166015625,37.331325531005859
91411752,2021,2021-03-18,9461,2021-02-12,1530,020486,,5,2,9,2400,0,1,3,,1,103,"STATE HIGHWAY 33","STATE HIGHWAY 152",0.00,,Y,A,-,Y,,,33,,,,,,,N,4,0,1,2,A,-,09,21802,A,N,D,C,A,A,H,-,A,D,0,,,,,Y,,A,08,0,0,1,0,0,0,0,0,0,"- ","- ",37.056388854980469,-121.01627349853516,MERCED,UNINCORPORATED,-121.01627349853516,37.056873321533203
91412900,2021,2021-02-22,9461,2021-02-13,0315,018910,,6,3,9,2400,0,1,1,,2,205,"INTERSTATE 5 NORTHBOUND","CANYON ROAD",2112.00,S,N,A,-,Y,,,5,,,,,,N,Y,1,1,0,1,A,-,08,22107,,N,F,A,A,A,H,-,D,D,0,,,,,Y,Y,A,01,0,0,0,0,0,0,0,0,0,"- ","- ",36.985908508300781,-120.90248107910156,MERCED,UNINCORPORATED,-120.90251159667969,36.985885620117188
91412953,2021,2021-02-22,9460,2021-02-11,1103,016323,,4,1,9,2400,0,3,5,,2,020,"WALNUT AVENUE","SULTANA AVENUE",640.00,W,N,B,-,N,,,,,,,,,,Y,3,0,1,1,A,-,08,22107,,N,E,J,A,A,H,-,A,D,0,,,,,Y,,A,01,0,1,0,0,0,0,0,0,0,"- ","- ",37.389511108398438,-120.68856811523438,MERCED,UNINCORPORATED,-120.68851470947266,37.3895263671875
91413494,2021,2021-02-23,9460,2021-02-16,0745,019286,,2,1,9,2400,0,1,3,,1,165,SR-165,"AMERICAN AVENUE",528.00,N,N,A,-,Y,,,165,,,,,,,N,4,0,1,2,A,-,09,21804,A,N,D,C,A,A,H,-,A,D,0,,,,Y,Y,,A,08,0,0,1,0,0,0,0,0,0,"- ","- ",37.415531158447266,-120.84996795654297,MERCED,UNINCORPORATED,-120.85001373291016,37.415531158447266
91413849,2021,2021-02-23,9461,2021-02-22,1815,020351,,1,2,9,2400,0,1,3,,1,452,"SR-152 W/B","DELTA ROAD",0.00,,Y,A,-,Y,,,152,,,,,,W,Y,2,0,2,2,A,-,09,21802,A,F,D,C,A,A,H,-,D,A,0,,,,,Y,Y,D,22,1,1,0,0,0,0,0,0,0,"- ","- ",37.055591583251953,-120.76223754882812,MERCED,UNINCORPORATED,-120.76223754882812,37.055637359619141
91413863,2021,2021-02-23,9461,2021-01-02,2500,017080,,6,4,9,2400,0,3,5,,2,020,"ALMOND DRIVE","ORTIGALITA ROAD",390.00,W,N,A,-,N,,,,,,,,,,Y,1,2,0,1,A,-,08,22107,,N,E,I,A,A,H,-,A,D,0,,,,,Y,,A,01,0,0,0,0,0,0,0,0,0,"- ","- ",36.998138427734375,-120.87454986572266,MERCED,UNINCORPORATED,-120.87477111816406,36.99127197265625
91415155,2021,2021-02-25,9461,2021-02-15,1250,017329,,1,1,9,2400,0,1,1,,2,105,"I-5 N/B",SR-33,1979.00,N,N,B,-,Y,,,5,,,,,,N,Y,3,0,2,3,A,-,07,21658,A,N,F,A,A,A,H,-,A,D,0,,,,Y,Y,,D,22,0,2,0,0,0,0,0,0,0,"- ","- ",37.111068725585938,-121.01953125,MERCED,UNINCORPORATED,-121.01947784423828,37.111110687255859
91417226,2021,2021-02-26,9460,2021-02-19,1805,020822,,5,2,9,2400,0,1,3,,1,165,SR-165,"RIVER RD",1584.00,N,N,A,-,Y,,,165,,,,,,,Y,3,0,1,2,A,-,05,21460,A,N,A,C,A,A,H,-,B,D,0,,,,Y,Y,,A,01,0,1,0,0,0,0,0,0,0,"- ","- ",37.365299224853516,-120.85444641113281,MERCED,UNINCORPORATED,-120.85443115234375,37.365303039550781
91417818,2021,2021-03-01,9460,2021-02-15,1857,021407,,1,2,9,2400,0,3,5,,2,020,"SANTA FE DRIVE","EL CAPITAN WAY",25.00,S,N,A,-,N,,,,,,,,,,Y,4,0,1,2,A,-,03,22350,,N,C,C,A,A,H,-,D,A,0,,,,,Y,,D,22,0,0,1,0,0,0,0,0,0,"- ","- ",37.433799743652344,-120.67559814453125,MERCED,UNINCORPORATED,-120.67560577392578,37.433605194091797
91418145,2021,2021-03-01,9460,2021-02-24,2300,020840,,3,3,5,2406,0,1,3,,2,003,"SR-99 N/B","MISSION AVE",3168.00,N,N,A,-,Y,,,99,,,,,,N,Y,2,0,2,2,A,-,01,23152,A,N,C,C,A,A,H,-,D,D,0,,,,,Y,Y,A,01,1,0,1,0,0,0,0,0,0,"- ","- ",37.280559539794922,-120.4473876953125,MERCED,MERCED,-120.44729614257812,37.280673980712891
91419212,2021,2021-03-02,9461,2021-02-22,0054,020385,,1,3,9,2400,0,1,3,,2,453,"SR-152 E/B",SR-59,760.00,W,N,A,-,Y,,,152,,,,,,E,Y,4,0,2,2,A,-,03,22350,,N,C,C,A,A,H,-,C,D,0,,,,,Y,Y,A,01,0,0,2,0,0,0,0,0,0,"- ","- ",37.080989837646484,-120.49890899658203,MERCED,UNINCORPORATED,-120.4989013671875,37.080970764160156
91420010,2021,2021-03-03,9461,2021-02-25,1700,021536,,4,2,9,2400,0,3,5,,2,010,"VOLTA RD.",SR-152,1163.00,N,N,A,-,N,,,,,,,,,,Y,2,0,1,1,A,-,08,22107,,N,E,I,A,A,H,-,A,D,0,,,,,Y,,A,01,1,0,0,0,0,0,0,0,0,"- ","- ",37.057968139648438,-120.92642211914062,MERCED,UNINCORPORATED,-120.92646026611328,37.059654235839844
91420021,2021,2021-03-03,9461,2021-02-28,1625,021378,,7,2,9,2400,0,1,1,,2,205,"I-5 N/B","VOLTA RD",2640.00,N,N,A,-,Y,,,5,,,,,,N,Y,3,0,1,3,A,-,08,22107,,M,D,C,A,A,H,-,A,D,0,,,,,Y,,-,99,0,1,0,0,0,0,0,0,0,"- ","- ",37.016410827636719,-120.93047332763672,MERCED,UNINCORPORATED,-120.93051910400391,37.016365051269531
91420125,2021,2021-03-03,9461,2021-02-28,0230,021280,,7,3,9,2400,0,2,4,,1,110,"INGOMAR GRADE","FAHEY RD.",200.00,S,N,A,-,N,,,,,,,,,,N,4,0,1,1,C,-,18,,,N,E,H,A,A,H,-,D,D,0,,,,,Y,,-,"- ",0,0,1,0,0,0,0,0,0,"- ","- ",37.121490478515625,-120.94567108154297,MERCED,UNINCORPORATED,-120.9456787109375,37.121452331542969
91420133,2021,2021-03-17,9460,2021-02-20,0610,019286,,6,1,9,2400,0,1,3,,2,003,"SR-99 N/B","PLAINSBURG ROAD",6336.00,S,N,B,-,Y,,,,,,,,,,Y,3,0,1,4,A,-,08,22107,,N,B,C,A,B,H,-,B,D,0,,,,Y,Y,,A,07,0,1,0,0,0,0,0,0,0,"- ","- ",37.171100616455078,-120.3101806640625,MERCED,UNINCORPORATED,-120.31666564941406,37.176876068115234
91420165,2021,2021-03-03,9460,2021-02-22,1303,016323,,1,1,9,2400,0,3,5,,2,090,"ATWATER BOULEVARD","BERT CRANE ROAD",53.00,S,N,A,-,N,,,,,,,,,,Y,4,0,1,2,A,-,05,21460,A,N,A,C,A,A,H,-,A,A,0,,,,,Y,,A,01,0,0,1,0,0,0,0,0,0,"- ","- ",37.354080200195312,-120.63192749023438,MERCED,UNINCORPORATED,-120.63222503662109,37.354038238525391
91420920,2021,2021-03-04,9460,2021-02-23,1906,019806,,2,2,9,2400,0,2,4,,1,041,"BEACHWOOD DR","SANTA FE DR",0.00,,Y,A,-,N,,,,,,,,,,Y,4,0,2,2,A,-,01,23152,A,F,D,C,A,A,H,-,C,A,0,,,,,Y,Y,A,01,0,0,2,0,0,0,0,0,0,"- ","- ",37.332378387451172,-120.52765655517578,MERCED,UNINCORPORATED,-120.52763366699219,37.332279205322266
91422310,2021,2021-03-08,9461,2021-03-04,1935,021280,,4,2,9,2400,0,1,3,,1,503,SR-33,"ARROYO CANAL",20.00,S,N,A,-,Y,,,33,,,,,,,N,3,0,1,2,A,-,03,22350,,N,C,C,A,A,H,-,D,D,0,,,,,Y,,A,01,0,1,0,0,0,0,0,0,0,"- ","- ",37.035888671875,-120.63558197021484,MERCED,UNINCORPORATED,-120.63557434082031,37.035888671875
91422487,2021,2021-03-08,9460,2021-02-25,1620,019806,,4,2,9,2400,0,3,5,,2,090,"DWIGHT WAY","MAGNOLIA AVE",0.00,,Y,A,-,N,,,,,,,,,,Y,4,0,2,2,A,-,09,21802,A,N,D,C,A,A,H,-,A,A,0,,,,,Y,,A,08,0,0,2,0,0,0,0,0,0,"- ","- ",37.367771148681641,-120.70542144775391,MERCED,UNINCORPORATED,-120.70542144775391,37.367782592773438
91423149,2021,2021-03-09,9460,2021-03-02,1735,019806,,2,2,9,2400,0,3,5,,2,040,"PALM AVE","SANTA FE DR",0.00,,Y,A,-,N,,,,,,,,,,Y,2,0,1,2,A,-,09,21802,A,N,D,C,A,A,H,-,B,A,0,,,Y,,Y,,A,07,1,0,0,0,0,0,0,0,1,"- ","- ",37.418418884277344,-120.66531372070312,MERCED,UNINCORPORATED,-120.66535949707031,37.418426513671875
91424060,2021,2021-03-10,9461,2021-03-06,0150,021126,,6,3,9,2400,0,1,1,,2,105,"I-5 N/B",SR-140,2112.00,S,N,B,C,Y,,,5,,,,,,N,Y,2,0,1,2,A,-,07,21658,A,N,B,C,A,B,H,-,D,D,0,,,,Y,Y,,A,01,1,0,0,0,0,0,0,0,0,"- ","- ",37.240779876708984,-121.08711242675781,MERCED,UNINCORPORATED,-121.08733367919922,37.24072265625
91424097,2021,2021-03-10,9460,2021-03-01,0510,021511,,1,3,9,2400,0,2,4,,1,041,"SANTA FE DRIVE","BUSINESS PARK WAY",920.00,E,N,A,-,N,,,,,,,,,,Y,3,0,2,2,A,-,03,22350,,N,C,C,A,A,H,-,C,D,0,,,,,Y,,A,07,0,2,0,0,0,0,0,0,0,"- ","- ",37.32720947265625,-120.51930236816406,MERCED,UNINCORPORATED,-120.519287109375,37.327095031738281
91424596,2021,2021-03-10,9461,2021-03-03,1554,017029,,3,2,9,2400,0,3,5,,2,020,"PHILIPS RD","WARD RD",1584.00,W,N,B,-,N,,,,,,,,,,Y,3,0,2,1,A,-,08,22107,,N,E,J,A,A,H,-,A,D,0,,,,,Y,,D,22,0,2,0,0,0,0,0,0,0,"- ","- ",37.034889221191406,-120.82421875,MERCED,UNINCORPORATED,-120.82360076904297,37.034877777099609
91424601,2021,2021-03-10,9460,2021-02-28,1145,016323,,7,1,3,2401,0,1,3,,2,002,"STATE ROUTE 99 NORTHBOUND","APPLEGATE ROAD",2640.00,S,N,A,-,Y,,,99,,,,,,N,N,3,0,2,1,A,-,03,22350,,N,F,A,A,A,D,-,A,D,0,,,Y,,Y,,C,02,0,2,0,0,0,0,0,0,2,"- ","- ",37.342361450195312,-120.60672760009766,MERCED,ATWATER,-120.60674285888672,37.342330932617188
91424688,2021,2021-03-10,9460,2021-03-05,2310,020840,,5,3,9,2400,0,1,3,,2,001,"SR-99 S/B","SOUTH AVE",2640.00,S,N,A,-,Y,,,99,,,,,,S,Y,3,0,2,1,A,-,08,22107,,N,F,A,A,A,H,-,D,D,0,,,,,Y,,D,22,0,1,1,0,0,0,0,0,0,"- ","- ",37.420818328857422,-120.7640380859375,MERCED,UNINCORPORATED,-120.76424407958984,37.420589447021484
91426025,2021,2021-03-12,9460,2021-03-10,1325,017343,,3,1,9,2400,0,1,3,,1,143,SR-140,"PLAINSBURG ROAD",0.00,,Y,B,C,Y,,,140,,,,,,,Y,4,0,1,2,A,-,12,22450,A,N,D,C,A,B,H,-,A,A,0,,,,,Y,,A,01,0,0,1,0,0,0,0,0,0,"- ","- ",37.295391082763672,-120.3248291015625,MERCED,UNINCORPORATED,-120.3248291015625,37.295383453369141
91429256,2021,2021-03-17,9461,2021-03-09,2158,019052,,2,2,9,2400,0,1,1,,2,206,"I-5 S/B","LAGUNA SECA RD",70.00,N,N,B,-,Y,,,5,,,,,,S,Y,4,0,1,1,A,-,08,22107,,N,E,I,A,A,H,-,D,D,0,,,,Y,Y,,G,25,0,0,1,0,0,0,0,0,0,"- ","- ",36.891281127929688,-120.80307769775391,MERCED,UNINCORPORATED,-120.80294799804688,36.891395568847656
91429475,2021,2021-03-17,9461,2021-03-13,2235,021056,,6,3,9,2400,0,1,3,,2,453,"SR-152 W/B","HARMON RD",2112.00,W,N,A,-,Y,,,152,,,,,,W,Y,3,0,1,1,A,-,08,22107,,N,E,I,A,A,H,-,D,D,0,,,,,Y,,A,01,0,1,0,0,0,0,0,0,0,"- ","- ",37.061431884765625,-120.54415130615234,MERCED,UNINCORPORATED,-120.54413604736328,37.061416625976562
91430177,2021,2021-03-18,9460,2021-03-14,0535,017343,,7,3,9,2400,0,1,3,,2,002,"SR-99 S/B","BLACK RASCAL CREEK",718.00,N,N,A,-,Y,,,99,,,,,,S,Y,4,0,1,1,A,-,03,22350,,N,E,I,A,A,H,-,C,D,0,,,,,Y,,A,01,0,0,1,0,0,0,0,0,0,"- ","- ",37.313419342041016,-120.52072143554688,MERCED,UNINCORPORATED,-120.52070617675781,37.313499450683594
91430509,2021,2021-03-18,9460,2021-03-09,0840,015305,,2,1,5,2406,0,1,3,,2,003,"STATE ROUTE 99 (SOUTHBOUND)","SR-140 (YOSEMITE PKWY.)",750.00,N,N,A,-,Y,,,99,,,,,,,Y,3,0,2,1,A,-,08,22107,,N,E,I,A,A,H,-,A,D,0,,,,,Y,,A,01,0,2,0,0,0,0,0,0,0,"- ","- ",37.295581817626953,-120.47068023681641,MERCED,MERCED,-120.47068023681641,37.295578002929688
91430858,2021,2021-03-19,9460,2021-03-10,1325,021407,,3,1,9,2400,0,1,3,,2,002,"SR-99 N/B","FRANKLIN RD",180.00,N,N,B,C,Y,,,99,,,,,,N,Y,4,0,1,2,A,-,07,21658,A,N,B,C,A,B,H,-,A,D,0,,,,Y,Y,,A,07,0,0,1,0,0,0,0,0,0,"- ","- ",37.321701049804688,-120.54270172119141,MERCED,UNINCORPORATED,-120.54271697998047,37.3216552734375
91431082,2021,2021-03-19,9460,2021-03-16,2345,020857,,2,3,9,2400,0,3,5,,2,020,"HILLSIDE RD","SASSAFRAS DR",282.00,S,N,A,-,N,,,,,,,,,,Y,3,0,1,2,A,-,01,23152,A,N,A,E,A,A,H,-,C,D,0,,,,,Y,Y,A,01,0,1,0,0,0,0,0,0,0,"- ","- ",37.252780914306641,-120.46259307861328,MERCED,UNINCORPORATED,-120.77383422851562,37.424457550048828
91432065,2021,2021-03-22,9460,2021-03-13,2330,021530,,6,3,9,2400,0,1,3,,2,002,"SR-99 N/B","FRANKLIN RD",600.00,N,N,A,-,Y,,,99,,,,,,N,Y,3,0,2,1,A,-,01,23152,A,N,F,A,A,A,H,-,D,D,0,,,,,Y,Y,A,01,0,1,1,0,0,0,0,0,0,"- ","- ",37.321170806884766,-120.54290008544922,MERCED,UNINCORPORATED,-120.542724609375,37.3216552734375
91432147,2021,2021-03-22,9460,2021-03-11,0635,018673,,4,1,9,2400,0,3,5,,2,070,"ARBOLEDA DR","MISSION AVE",528.00,S,N,A,-,N,,,,,,,,,,Y,3,0,4,1,A,-,08,22107,,N,F,A,A,A,H,-,A,D,0,,,,,Y,,A,01,0,1,3,0,0,0,0,0,0,"- ","- ",37.272560119628906,-120.37911224365234,MERCED,UNINCORPORATED,-120.37908935546875,37.272758483886719
91433038,2021,2021-03-23,9461,2021-03-19,1422,021280,,5,2,9,2400,0,1,3,,1,503,SR-33,"EUCALYPTUS RD.",2640.00,N,N,C,-,N,,,33,,,,,,,Y,2,0,2,2,A,-,01,23152,A,N,A,C,A,B,H,-,A,D,0,,,,,Y,Y,A,01,1,1,0,0,0,0,0,0,0,"- ","- ",37.015998840332031,-120.63564300537109,MERCED,UNINCORPORATED,-120.63561248779297,37.015998840332031
91433529,2021,2021-03-23,9460,2021-03-12,0005,020967,,5,3,9,2400,0,3,5,,2,020,"OAK ST","HINTON AVE",1056.00,W,N,A,-,N,,,,,,,,,,Y,3,0,3,2,A,-,05,21650,,N,A,C,A,A,H,-,D,D,0,,,,,Y,,A,01,0,1,2,0,0,0,0,0,0,"- ","- ",37.394748687744141,-120.78318786621094,MERCED,UNINCORPORATED,-120.78143310546875,37.394855499267578
91434300,2021,2021-03-24,9460,2021-03-22,1250,016917,,1,1,9,2400,0,1,3,,1,165,SR-165,"BRADBURY RD",290.00,N,N,A,-,Y,,,165,,,,,,,N,4,0,2,2,A,-,03,22350,,N,C,C,A,A,H,-,A,D,0,,,,,Y,,E,22,0,0,2,0,0,0,0,0,0,"- ","- ",37.449760437011719,-120.84915161132812,MERCED,UNINCORPORATED,-120.84911346435547,37.449760437011719
91435447,2021,2021-03-25,9460,2021-01-07,2213,018673,,4,3,9,2400,0,2,4,,1,061,"SANTA FE AVENUE","CHILDS AVENUE",0.00,,Y,E,-,N,,,,,,,,,,Y,1,1,0,1,A,-,01,23152,A,N,E,I,A,A,H,-,C,D,0,,,,,Y,Y,A,01,0,0,0,0,0,0,0,0,0,"- ","- ",37.287979125976562,-120.31993103027344,MERCED,UNINCORPORATED,-120.31983184814453,37.287845611572266
91435489,2021,2021-03-25,9460,2021-03-11,1946,018922,,4,2,9,2400,0,3,5,,2,080,"WEST SANDY MUSH ROAD","COMBS ROAD",323.00,W,N,B,-,N,,,,,,,,,,Y,1,1,1,1,A,-,01,23152,A,N,F,A,A,A,H,-,D,D,0,,,,,Y,Y,A,01,0,1,0,0,0,0,0,0,0,"- ","- ",37.185791015625,-120.54733276367188,MERCED,UNINCORPORATED,-120.54734039306641,37.185863494873047
91437288,2021,2021-03-26,9461,2021-03-24,2238,021126,,3,3,9,2400,0,1,1,,2,205,"I-5 S/B",SR-165,5280.00,N,N,A,-,Y,,,5,,,,,,S,Y,3,0,1,1,A,-,08,22107,,N,F,I,A,A,H,-,D,D,0,,,,,Y,,A,01,0,1,0,0,0,0,0,0,0,"- ","- ",36.940658569335938,-120.85331726074219,MERCED,UNINCORPORATED,-120.85333251953125,36.940643310546875
91438071,2021,2021-03-29,9461,2021-03-22,1730,021280,,1,2,9,2400,0,1,3,,1,152,"SR-152 W/B","BASALT RD.",2640.00,E,N,A,-,Y,,,152,,,,,,W,Y,4,0,1,2,A,-,08,22107,,M,B,C,A,A,H,-,A,D,0,,,,,Y,,A,01,0,0,1,0,0,0,0,0,0,"- ","- ",37.058250427246094,-121.05001068115234,MERCED,UNINCORPORATED,-121.05000305175781,37.058277130126953
91438195,2021,2021-03-29,9461,2021-03-25,1415,018910,,4,2,9,2400,0,1,3,,1,103,"STATE ROUTE 33","BAMBAUER ROAD",0.00,,Y,A,-,Y,,,33,,,,,,,Y,3,0,1,3,A,-,09,21802,A,N,D,C,A,A,H,-,A,A,0,,,,,Y,,A,01,0,1,0,0,0,0,0,0,0,"- ","- ",37.274818420410156,-121.00498962402344,MERCED,UNINCORPORATED,-121.00501251220703,37.274810791015625