CASE_ID,ACCIDENT_YEAR,PROC_DATE,JURIS,COLLISION_DATE,COLLISION_TIME,OFFICER_ID,REPORTING_DISTRICT,DAY_OF_WEEK,CHP_SHIFT,POPULATION,CNTY_CITY_LOC,SPECIAL_COND,BEAT_TYPE,CHP_BEAT_TYPE,CITY_DIVISION_LAPD,CHP_BEAT_CLASS,BEAT_NUMBER,PRIMARY_RD,SECONDARY_RD,DISTANCE,DIRECTION,INTERSECTION,WEATHER_1,WEATHER_2,STATE_HWY_IND,CALTRANS_COUNTY,CALTRANS_DISTRICT,STATE_ROUTE,ROUTE_SUFFIX,POSTMILE_PREFIX,POSTMILE,LOCATION_TYPE,RAMP_INTERSECTION,SIDE_OF_HWY,TOW_AWAY,COLLISION_SEVERITY,NUMBER_KILLED,NUMBER_INJURED,PARTY_COUNT,PRIMARY_COLL_FACTOR,PCF_CODE_OF_VIOL,PCF_VIOL_CATEGORY,PCF_VIOLATION,PCF_VIOL_SUBSECTION,HIT_AND_RUN,TYPE_OF_COLLISION,MVIW,PED_ACTION,ROAD_SURFACE,ROAD_COND_1,ROAD_COND_2,LIGHTING,CONTROL_DEVICE,CHP_ROAD_TYPE,PEDESTRIAN_ACCIDENT,BICYCLE_ACCIDENT,MOTORCYCLE_ACCIDENT,TRUCK_ACCIDENT,NOT_PRIVATE_PROPERTY,ALCOHOL_INVOLVED,STWD_VEHTYPE_AT_FAULT,CHP_VEHTYPE_AT_FAULT,COUNT_SEVERE_INJ,COUNT_VISIBLE_INJ,COUNT_COMPLAINT_PAIN,COUNT_PED_KILLED,COUNT_PED_INJURED,COUNT_BICYCLIST_KILLED,COUNT_BICYCLIST_INJURED,COUNT_MC_KILLED,COUNT_MC_INJURED,PRIMARY_RAMP,SECONDARY_RAMP,LATITUDE,LONGITUDE,COUNTY,CITY,POINT_X,POINT_Y
91510295,2021,2021-06-30,9460,2021-06-25,1135,014541,,5,1,9,2400,0,1,3,,2,001,"STATE ROUTE 99 N/B","SOUTH AVENUE",1646.00,N,N,A,-,Y,,,99,,,,,,N,Y,4,0,1,2,A,-,03,22350,,N,C,C,A,A,D,-,A,D,0,,,,,Y,,A,01,0,0,1,0,0,0,0,0,0,"- ","- ",37.429878234863281,-120.77475738525391,MERCED,UNINCORPORATED,-120.77466583251953,37.429962158203125
91510700,2021,2021-07-01,9460,2021-06-01,0835,016323,,2,1,3,2401,0,1,3,,2,002,"STATE ROUTE 99 NORTHBOUND","WEST ATWATER BOULEVARD",885.00,S,N,A,-,Y,,,99,,,,,,N,Y,2,0,1,9,A,-,03,22350,,F,C,C,A,A,D,-,A,D,0,,,,,Y,,A,01,1,0,0,0,0,0,0,0,0,"- ","- ",37.349159240722656,-120.62206268310547,MERCED,ATWATER,-120.62209320068359,37.349132537841797
91511427,2021,2021-07-01,9460,2021-06-28,0718,015398,,1,1,9,2400,0,1,3,,2,001,"SR-99 N/B","SOUTH AVE.",1954.00,N,N,A,-,Y,,,99,,,,,,N,Y,3,0,1,1,C,-,18,,,N,F,A,A,A,A,-,A,D,0,,,Y,,Y,,-,"- ",0,1,0,0,0,0,0,0,1,"- ","- ",37.430728912353516,-120.77472686767578,MERCED,UNINCORPORATED,-120.77506256103516,37.430431365966797
91512368,2021,2021-07-02,9460,2021-06-29,1125,014541,,2,1,9,2400,0,1,3,,1,590,"STATE ROUTE 59","BREEZE AVENUE",402.00,S,N,A,-,Y,,,59,,,,,,,Y,3,0,3,2,A,-,03,22350,,N,C,C,A,A,H,-,A,D,0,,,,,Y,,A,07,0,2,1,0,0,0,0,0,0,"- ","- ",37.367141723632812,-120.50330352783203,MERCED,UNINCORPORATED,-120.50325012207031,37.367137908935547
91512884,2021,2021-07-05,9461,2021-06-27,2032,021854,,7,2,9,2400,0,1,3,,1,153,"SR-152 W/B","VOLTA RD.",115.00,W,N,A,-,Y,,,152,,,,,,W,Y,3,0,1,2,A,-,09,21801,A,F,E,I,A,A,H,-,B,A,0,,,,,Y,,-,99,0,1,0,0,0,0,0,0,0,"- ","- ",37.056678771972656,-120.92764282226562,MERCED,UNINCORPORATED,-120.92764282226562,37.056678771972656
91513958,2021,2021-07-06,9460,2021-06-28,2124,018951,,1,2,9,2400,0,3,5,,2,040,"SANTA FE DRIVE","SHAFFER ROAD",25.00,W,N,A,-,N,,,,,,,,,,Y,4,0,1,2,A,-,03,22350,,N,C,C,A,A,H,-,C,D,0,,,,,Y,,D,22,0,0,1,0,0,0,0,0,0,"- ","- ",37.374698638916016,-120.59581756591797,MERCED,UNINCORPORATED,-120.59561157226562,37.3746337890625
91514834,2021,2021-07-07,9460,2021-06-28,1400,020840,,1,2,9,2400,0,3,5,,2,020,"TURLOCK RD","LOONEY RD",2640.00,E,N,A,-,N,,,,,,,,,,N,4,0,1,2,A,-,16,24002,A,N,H,C,A,A,H,-,A,D,0,,,,Y,Y,,G,25,0,0,1,0,0,0,0,0,0,"- ","- ",37.476890563964844,-120.61614990234375,MERCED,UNINCORPORATED,-120.62169647216797,37.476890563964844
91516190,2021,2021-07-08,9460,2021-06-30,1815,019286,,3,2,9,2400,0,1,3,,1,165,SR-165,"BRADBURY ROAD",900.00,S,N,A,-,Y,,,165,,,,,,,Y,4,0,1,2,A,-,03,22350,,N,C,C,A,A,H,-,A,D,0,,,,,Y,,A,01,0,0,1,0,0,0,0,0,0,"- ","- ",37.446689605712891,-120.84915161132812,MERCED,UNINCORPORATED,-120.84917449951172,37.446689605712891
91517163,2021,2021-07-09,9460,2021-06-27,1800,019918,,7,2,3,2401,0,1,3,,2,002,"SR-99 S/B","WEST ATWATER BOULEVARD",160.00,S,N,A,-,Y,,,99,,,,,,S,Y,4,0,1,4,A,-,03,22350,,N,C,C,A,A,D,-,A,D,0,,,,,Y,,A,07,0,0,1,0,0,0,0,0,0,"- ","- ",37.35076904296875,-120.62361907958984,MERCED,ATWATER,-120.62374877929688,37.350654602050781
91518914,2021,2021-07-13,9461,2021-07-07,0005,021536,,3,3,9,2400,0,3,5,,2,050,"N ST.","5TH ST.",61.00,E,N,A,-,N,,,,,,,,,,Y,4,0,1,2,A,-,08,22107,,N,C,E,A,A,H,-,C,D,0,,,,,Y,,D,22,0,0,1,0,0,0,0,0,0,"- ","- ",36.963699340820312,-120.65500640869141,MERCED,UNINCORPORATED,-120.65503692626953,36.963760375976562
91519013,2021,2021-07-13,9460,2021-07-07,1500,018603,,3,2,9,2400,0,1,3,,1,165,SR-165,"CRANE AVE",0.00,,Y,A,-,Y,,,165,,,,,,,Y,4,0,2,2,A,-,12,22450,A,N,D,C,A,A,H,-,A,A,0,,,,,Y,,A,01,0,0,2,0,0,0,0,0,0,"- ","- ",37.382541656494141,-120.85050201416016,MERCED,UNINCORPORATED,-120.85048675537109,37.382537841796875
91520160,2021,2021-07-14,9460,2021-07-03,0640,019838,,6,1,9,2400,0,3,5,,2,070,"MCNAMARA RD",SR-59,6864.00,E,N,A,-,N,,,,,,,,,,N,3,0,1,1,A,-,08,22107,,N,E,J,A,A,H,-,A,D,0,,,,,Y,,D,22,0,1,0,0,0,0,0,0,0,"- ","- ",37.228599548339844,-120.4635009765625,MERCED,UNINCORPORATED,-120.46445465087891,37.228668212890625
91520714,2021,2021-07-15,9460,2021-07-07,1350,018922,,3,1,9,2400,0,1,3,,2,002,"SR-99 S/B","FRANKLIN ROAD",1584.00,N,N,A,-,Y,,,,,,,,,,Y,4,0,2,2,A,-,08,22107,,N,B,2,A,A,H,-,A,D,0,,,,Y,Y,,D,22,0,0,2,0,0,0,0,0,0,"- ","- ",,,MERCED,UNINCORPORATED,-120.54732513427734,37.323131561279297
91520717,2021,2021-07-15,9460,2021-07-07,1700,018922,,3,2,9,2400,0,2,4,,1,041,"SANTA FE DRIVE","AVENUE 2",265.00,E,N,A,-,N,,,,,,,,,,Y,4,0,2,2,A,-,07,21658,A,N,C,C,A,A,H,-,A,D,0,,,,,Y,,A,07,0,0,2,0,0,0,0,0,0,"- ","- ",37.349269866943359,-120.55483245849609,MERCED,UNINCORPORATED,-120.55471038818359,37.349231719970703
91520727,2021,2021-07-15,9460,2021-07-08,1855,018922,,4,2,9,2400,0,2,4,,1,041,"SANTA FE DRIVE","BEACHWOOD DRIVE",0.00,,Y,A,-,N,,,,,,,,,,Y,4,0,2,2,A,-,12,21453,A,N,A,C,A,A,H,-,A,A,0,,,,,Y,,D,22,0,0,2,0,0,0,0,0,0,"- ","- ",37.332260131835938,-120.527587890625,MERCED,UNINCORPORATED,-120.52763366699219,37.332279205322266
91520758,2021,2021-07-15,9460,2021-07-07,2120,018673,,3,2,9,2400,0,3,5,,2,060,"STRETCH ROAD","MCKEE ROAD",0.00,,Y,A,-,N,,,,,,,,,,N,4,0,1,2,A,-,09,21802,A,N,D,C,A,A,H,-,D,A,0,,,,,Y,,A,01,0,0,1,0,0,0,0,0,0,"- ","- ",37.300319671630859,-120.44509887695312,MERCED,UNINCORPORATED,-120.44506072998047,37.300319671630859
91521085,2021,2021-07-15,9460,2021-07-14,1225,015305,,3,1,9,2400,0,3,5,,2,080,"WASHINGTON ROAD","STATE ROUTE 59",14784.00,W,N,A,-,N,,,,,,,,,,N,3,0,1,1,A,-,08,22107,,N,F,A,A,A,H,-,A,D,0,,,,Y,Y,,G,25,0,1,0,0,0,0,0,0,0,"- ","- ",37.113189697265625,-120.54344177246094,MERCED,UNINCORPORATED,-120.54294586181641,37.113231658935547
91521429,2021,2021-07-15,9461,2021-07-13,0520,021280,,2,3,9,2400,0,1,3,,1,152,"SR-152 E/B","UPPER COTTONWOOD CREEK WILDLIFE AREA",9504.00,E,N,A,-,Y,,,152,,,,,,E,Y,4,0,1,1,A,-,08,22107,,N,E,I,A,A,H,-,D,D,0,,,,,Y,,A,01,0,0,1,0,0,0,0,0,0,"- ","- ",37.097301483154297,-121.15057373046875,MERCED,UNINCORPORATED,-121.15056610107422,37.097282409667969
91522463,2021,2021-07-16,9460,2021-07-11,1540,020822,,7,2,9,2400,0,3,5,,2,020,"GOLDEN STATE BLVD","GRIFFITH AVE",1056.00,S,N,A,-,N,,,,,,,,,,Y,4,0,1,1,A,-,08,22107,,N,E,I,A,A,H,-,A,D,0,,,,,Y,,A,01,0,0,1,0,0,0,0,0,0,"- ","- ",37.460369110107422,-120.80861663818359,MERCED,UNINCORPORATED,-120.80921936035156,37.460918426513672
91523697,2021,2021-07-19,9460,2021-07-03,0950,018422,,6,1,9,2400,0,3,5,,2,040,"TURLOCK RD.","LOONEY RD.",6864.00,E,N,B,-,N,,,,,,,,,,Y,1,1,1,1,A,-,08,22107,,N,F,A,A,A,H,-,A,D,0,,,,,Y,,A,01,0,0,1,0,0,0,0,0,0,"- ","- ",37.474849700927734,-120.60575866699219,MERCED,UNINCORPORATED,-120.60728454589844,37.475723266601562
91524423,2021,2021-07-20,9461,2021-07-13,1257,021280,,2,1,9,2400,0,1,3,,1,103,SR-33,"BAMBAUER RD.",1056.00,S,N,A,-,N,,,33,,,,,,,Y,3,0,1,2,A,-,08,22107,,N,B,C,A,A,H,-,A,D,0,,,,,Y,,A,01,0,1,0,0,0,0,0,0,0,"- ","- ",37.263351440429688,-121.00074005126953,MERCED,UNINCORPORATED,-121.00077819824219,37.263347625732422
91524905,2021,2021-07-20,9460,2021-07-12,1805,020822,,1,2,9,2400,0,3,5,,2,040,"KEYES RD","SILVER RIDGE RD.",2112.00,W,N,A,-,N,,,,,,,,,,N,3,0,1,1,A,-,08,22107,,N,F,A,A,A,H,-,A,D,0,,,Y,,Y,,C,02,0,1,0,0,0,0,0,0,1,"- ","- ",37.551189422607422,-120.57691955566406,MERCED,UNINCORPORATED,-120.57576751708984,37.551654815673828
91525661,2021,2021-07-21,9460,2021-05-10,0113,019106,,1,3,9,2400,0,3,5,,2,030,"ASHBY ROAD","COOPER AVENUE",3696.00,E,N,A,-,N,,,,,,,,,,N,2,0,1,2,D,-,00,,,F,G,B,E,A,H,-,D,D,0,Y,,,,Y,,-,"- ",1,0,0,0,1,0,0,0,0,"- ","- ",37.310428619384766,-120.51139068603516,MERCED,UNINCORPORATED,-120.50904083251953,37.309139251708984
91528689,2021,2021-07-26,9460,2021-06-16,2240,020099,,3,3,5,2406,0,1,3,,2,003,"SR-99 N/B","V STEET",528.00,S,N,A,-,Y,,,99,,,,,,N,Y,1,1,0,2,A,-,01,23152,F,N,C,C,A,A,H,-,D,D,0,,,,Y,Y,,A,01,0,0,0,0,0,0,0,0,0,"- ","- ",37.302528381347656,-120.49855804443359,MERCED,MERCED,-120.49856567382812,37.302524566650391
91528759,2021,2021-07-26,9460,2021-07-21,2035,018922,,3,2,9,2400,0,3,5,,2,080,"GURR ROAD","JERRY COLLINS AVENUE",1584.00,S,N,A,-,N,,,,,,,,,,Y,3,0,1,1,A,-,08,22107,,N,F,A,A,A,H,-,B,D,0,,,,,Y,,A,01,0,1,0,0,0,0,0,0,0,"- ","- ",37.253829956054688,-120.56046295166016,MERCED,UNINCORPORATED,-120.56046295166016,37.261482238769531
91528764,2021,2021-07-26,9461,2021-07-16,1725,021378,,5,2,9,2400,0,2,4,,1,115,"HENRY MILLER AVE","NANTES AVE",0.00,,Y,A,-,N,,,,,,,,,,Y,3,0,1,2,A,-,12,22450,A,N,D,C,A,A,H,-,A,D,0,,,,,Y,,A,07,0,1,0,0,0,0,0,0,0,"- ","- ",37.099899291992188,-120.85298919677734,MERCED,UNINCORPORATED,-120.85300445556641,37.099979400634766
91529651,2021,2021-07-27,9461,2021-07-24,0105,020385,,6,3,9,2400,0,3,5,,2,010,"CANAL SCHOOL ROAD","BRAZO ROAD",1056.00,N,N,A,-,Y,,,,,,,,,,Y,3,0,1,1,A,-,01,23152,A,N,E,I,A,A,H,-,D,D,0,,,,,Y,Y,A,01,0,1,0,0,0,0,0,0,0,"- ","- ",37.306678771972656,-121.00821685791016,MERCED,UNINCORPORATED,-121.00827026367188,37.306690216064453
91531623,2021,2021-07-29,9461,2021-07-20,1700,021056,,2,2,9,2400,0,1,3,,1,153,"SR-152 E/B","VOLTA RD",0.00,,Y,A,-,Y,,,152,,,,,,E,Y,2,0,2,3,A,-,09,21804,A,N,D,C,A,A,H,-,A,D,0,,,,,Y,,A,01,1,1,0,0,0,0,0,0,0,"- ","- ",37.056449890136719,-120.92653656005859,MERCED,UNINCORPORATED,-120.92653656005859,37.056461334228516
91531769,2021,2021-07-29,9460,2021-07-23,0640,019286,,5,1,9,2400,0,3,5,,2,020,"EL CAPITAN WAY","CORTEZ AVENUE",0.00,,Y,A,-,N,,,,,,,,,,Y,4,0,3,2,A,-,09,21802,A,N,D,C,A,A,H,-,A,A,0,,,,,Y,,A,07,0,0,3,0,0,0,0,0,0,"- ","- ",37.433788299560547,-120.74031066894531,MERCED,UNINCORPORATED,-120.74027252197266,37.433788299560547
91531792,2021,2021-07-29,9461,2021-07-19,1952,021854,,1,2,9,2400,0,1,3,,1,103,SR-33,"PLAZA DR.",700.00,S,N,A,-,Y,,,33,,,,,,,N,3,0,1,2,A,-,11,21954,A,N,G,B,E,A,H,-,B,D,0,Y,,,,Y,,N,60,0,1,0,0,1,0,0,0,0,"- ","- ",37.109989166259766,-121.01570129394531,MERCED,UNINCORPORATED,-121.01575469970703,37.109989166259766
91535093,2021,2021-08-02,9461,2021-07-24,1708,021854,,6,2,9,2400,0,1,3,,1,103,SR-33,"HULEN RD.",2112.00,S,N,A,-,Y,,,33,,,,,,,Y,3,0,2,1,A,-,08,22107,,N,F,A,A,A,H,-,A,D,0,,,,,Y,,A,01,0,2,0,0,0,0,0,0,0,"- ","- ",37.145679473876953,-121.01444244384766,MERCED,UNINCORPORATED,-121.01441192626953,37.145679473876953
91535795,2021,2021-08-03,9460,2021-07-24,1145,019838,,6,1,9,2400,0,3,5,,2,040,"WINTON WAY","PARK AVENUE",105.00,N,N,A,-,N,,,,,,,,,,Y,3,0,1,2,A,-,08,22107,,N,C,E,A,A,H,-,A,D,0,,,,,Y,,A,01,0,1,0,0,0,0,0,0,0,"- ","- ",37.387378692626953,-120.61344146728516,MERCED,UNINCORPORATED,-120.61347961425781,37.387348175048828
91535825,2021,2021-08-03,9460,2021-07-25,1055,019806,,7,1,9,2400,0,1,3,,1,590,SR-59,"MONTGOMERY ST",95.00,S,N,A,-,Y,,,59,,,,,,,N,4,0,4,2,A,-,03,22350,,N,C,C,A,A,H,-,A,D,0,,,,,Y,,A,07,0,0,4,0,0,0,0,0,0,"- ","- ",37.518939971923828,-120.44052124023438,MERCED,UNINCORPORATED,-120.44052124023438,37.518917083740234
91537988,2021,2021-08-05,9460,2021-07-29,1510,019918,,4,2,9,2400,0,1,3,,2,002,"SR-99 S/B FROM ATWATER MERCED EXPRESSWAY","ATWATER MERCED EXPRESSWAY",66.00,S,N,A,-,Y,,,99,,,,R,,S,N,4,0,2,1,A,-,03,22350,,N,E,I,A,A,H,-,A,D,0,,,,,Y,,A,01,0,0,2,0,0,0,0,0,0,"- ","- ",37.331020355224609,-120.56828308105469,MERCED,UNINCORPORATED,-120.56828308105469,37.331020355224609
91538786,2021,2021-08-06,9461,2021-07-25,1855,021854,,7,2,9,2400,0,1,3,,1,103,SR-33,"HENRY MILLER AVE.",203.00,S,N,A,-,Y,,,33,,,,,,,N,4,0,2,2,A,-,09,21801,A,N,A,C,A,A,H,-,A,D,0,,,,,Y,,A,07,0,0,2,0,0,0,0,0,0,"- ","- ",37.100090026855469,-121.01583099365234,MERCED,UNINCORPORATED,-121.01585388183594,37.100090026855469
91538942,2021,2021-08-06,9461,2021-08-05,0740,020486,,4,1,9,2400,0,1,1,,2,105,"INTERSTATE 5","HENRY MILLER ROAD",9504.00,S,N,A,-,Y,,,5,,,,,,,Y,4,0,1,1,A,-,08,22107,,N,E,I,A,A,D,-,A,D,0,,,,,Y,,A,01,0,0,1,0,0,0,0,0,0,"- ","- ",37.079479217529297,-120.99210357666016,MERCED,UNINCORPORATED,-120.99209594726562,37.079483032226562
91538986,2021,2021-08-06,9460,2021-08-06,0540,018922,,5,3,9,2400,0,1,3,,2,003,"SR-99 N/B","V STREET",1584.00,N,N,A,-,Y,,,,,,,,,,Y,4,0,1,2,A,-,08,22107,,N,E,8,A,A,H,-,B,D,0,,,,,Y,,A,01,0,0,1,0,0,0,0,0,0,"- ","- ",37.306179046630859,-120.50811004638672,MERCED,UNINCORPORATED,-120.50048828125,37.303352355957031
91539014,2021,2021-08-06,9461,2021-08-05,1125,020486,,4,1,9,2400,0,1,3,,1,503,"STATE HIGHWAY 33","DENTON ROAD",212.00,S,N,A,-,Y,,,33,,,,,,,N,4,0,2,4,A,-,03,22350,,N,C,C,A,A,D,-,A,D,0,,,,,Y,,A,07,0,0,2,0,0,0,0,0,0,"- ","- ",37.039279937744141,-120.63561248779297,MERCED,UNINCORPORATED,-120.63556671142578,37.039279937744141
91539065,2021,2021-08-06,9460,2021-07-30,1437,018603,,5,2,3,2401,0,1,3,,2,002,"SR-99 N/B","EAST ATWATER BLVD.",250.00,N,N,A,-,Y,,,99,,,,,,N,Y,4,0,3,4,A,-,03,22350,,N,C,C,A,A,D,-,A,D,0,,,,Y,Y,,G,27,0,0,3,0,0,0,0,0,0,"- ","- ",37.340301513671875,-120.59490966796875,MERCED,ATWATER,-120.59490966796875,37.340297698974609
91539098,2021,2021-08-06,9460,2021-07-25,2200,021468,,7,3,9,2400,0,1,3,,2,001,"SR-99 S/B","WINTON PARKWAY",3168.00,N,N,A,-,Y,,,99,,,,,,S,N,4,0,1,2,A,-,09,21804,A,M,B,C,A,A,H,-,D,D,0,,,,,Y,,-,99,0,0,1,0,0,0,0,0,0,"- ","- ",37.397689819335938,-120.74176025390625,MERCED,UNINCORPORATED,-120.74175262451172,37.397697448730469
91540024,2021,2021-08-09,9461,2021-08-01,1610,021056,,7,2,9,2400,0,1,1,,2,205,"I-5 S/B","CANYON RD",528.00,S,N,A,-,Y,,,5,,,,,,S,Y,3,0,1,2,A,-,03,22350,,N,C,C,A,A,H,-,A,D,0,,,,,Y,,A,01,0,1,0,0,0,0,0,0,0,"- ","- ",36.990879058837891,-120.90738677978516,MERCED,UNINCORPORATED,-120.90737915039062,36.990894317626953
91541641,2021,2021-08-10,9461,2021-08-03,2058,017029,,2,2,9,2400,0,3,5,,2,020,"ORTIGALITA RD","MERVEL AVE.",23.00,N,N,A,-,N,,,,,,,,,,Y,4,0,2,2,A,-,03,22350,,N,C,C,A,A,H,-,D,A,0,,,,,Y,,A,01,0,0,2,0,0,0,0,0,0,"- ","- ",36.969589233398438,-120.87361907958984,MERCED,UNINCORPORATED,-120.87364196777344,36.969532012939453
91542491,2021,2021-08-11,9461,2021-05-30,2222,021536,,7,3,9,2400,0,1,1,,2,205,"INTERSTATE 5","VOLTA ROAD UNDERCROSSING",721.00,S,N,A,-,Y,,,5,,,,,,,Y,1,1,0,2,A,-,11,21954,A,N,G,B,E,A,H,-,D,D,0,Y,,,,Y,,N,60,0,0,0,1,0,0,0,0,0,"- ","- ",37.012599945068359,-120.92732238769531,MERCED,UNINCORPORATED,-120.92733764648438,37.012584686279297
91542569,2021,2021-08-11,9460,2021-07-31,0055,021468,,6,3,9,2400,0,1,3,,2,001,"SR-99 N/B","BRADBURY RD",700.00,S,N,A,-,Y,,,99,,,,,,N,Y,4,0,1,1,A,-,01,23152,A,N,E,I,A,A,H,-,D,D,0,,,,,Y,Y,A,01,0,0,1,0,0,0,0,0,0,"- ","- ",37.447391510009766,-120.7952880859375,MERCED,UNINCORPORATED,-120.79534149169922,37.447315216064453
91542587,2021,2021-08-11,9460,2021-08-06,1450,018603,,5,2,9,2400,0,3,5,,2,100,"BELL DR","LINCOLN BLVD",1900.00,W,N,A,-,N,,,,,,,,,,Y,4,0,1,2,A,-,08,22107,,N,E,I,A,A,H,-,A,D,0,,,,,Y,,A,08,0,0,1,0,0,0,0,0,0,"- ","- ",37.346031188964844,-120.7335205078125,MERCED,UNINCORPORATED,-120.73026275634766,37.346012115478516
91543458,2021,2021-08-12,9460,2021-08-05,0800,016476,,4,1,9,2400,0,3,5,,2,020,"DARREN LANE","MERCED AVENUE",0.00,,Y,A,-,N,,,,,,,,,,Y,4,0,2,2,A,-,09,21802,A,N,D,C,A,A,H,-,A,A,0,,,,,Y,,A,01,0,0,2,0,0,0,0,0,0,"- ","- ",37.430931091308594,-120.79528045654297,MERCED,UNINCORPORATED,-120.79513549804688,37.430839538574219
91543475,2021,2021-08-12,9460,2021-08-04,0745,016917,,3,1,9,2400,0,2,4,,1,042,"SANTA FE DR","FRANKLIN RD",628.00,W,N,A,-,N,,,,,,,,,,Y,3,0,2,3,A,-,03,22350,,N,C,C,A,A,H,-,A,D,0,,,,,Y,,A,08,0,1,1,0,0,0,0,0,0,"- ","- ",37.341331481933594,-120.54225158691406,MERCED,UNINCORPORATED,-120.54207611083984,37.34136962890625
91544311,2021,2021-08-13,9460,2021-08-03,1615,018673,,2,2,9,2400,0,3,5,,2,070,"HEALY ROAD","MARIPOSA WAY",1584.00,S,N,A,-,N,,,,,,,,,,N,3,0,1,2,D,-,00,,,N,D,C,A,A,H,-,A,D,0,,,,,Y,,-,"- ",0,1,0,0,0,0,0,0,0,"- ","- ",37.246330261230469,-120.43418884277344,MERCED,UNINCORPORATED,-120.43421173095703,37.246330261230469
91545716,2021,2021-08-16,9460,2021-08-06,1933,021022,,5,2,9,2400,0,1,3,,2,001,"SR-99 SOUTHBOUND","BRADBURY ROAD",50.00,N,N,A,-,Y,,,99,,,,,,S,Y,4,0,1,2,A,-,08,22107,,N,C,C,A,A,H,-,A,D,0,,,,,Y,,A,01,0,0,1,0,0,0,0,0,0,"- ","- ",37.450180053710938,-120.7989501953125,MERCED,UNINCORPORATED,-120.79891204833984,37.450206756591797
91547142,2021,2021-08-17,9460,2021-08-12,0020,021150,,4,3,9,2400,0,3,5,,2,090,"PEACH AVE","SHEESLEY RD.",200.00,W,N,A,-,N,,,,,,,,,,N,3,0,1,1,A,-,08,22107,,N,F,A,A,A,H,-,C,D,0,,,,,Y,,A,01,0,1,0,0,0,0,0,0,0,"- ","- ",37.374900817871094,-120.69193267822266,MERCED,UNINCORPORATED,-120.69168090820312,37.374923706054688
91547224,2021,2021-08-17,9461,2021-08-07,0308,021854,,6,3,9,2400,0,2,4,,1,410,"TURNER ISLAND RD.","HENRY MILLER AVE.",30.00,N,N,A,-,N,,,,,,,,,,Y,4,0,1,2,A,-,01,23152,A,N,C,C,A,A,H,-,D,A,0,,,,,Y,Y,A,01,0,0,1,0,0,0,0,0,0,"- ","- ",37.097938537597656,-120.70761871337891,MERCED,UNINCORPORATED,-120.70758819580078,37.098033905029297
91547255,2021,2021-08-17,9460,2021-08-10,0805,015305,,2,1,9,2400,0,3,5,,2,080,"S. ARBOR WAY","E. ROOSEVELT ROAD",0.00,,Y,A,-,N,,,,,,,,,,Y,2,0,2,2,A,-,12,22450,A,N,D,C,A,A,H,-,A,A,0,,,,,Y,,M,46,1,0,1,0,0,0,0,0,0,"- ","- ",37.141941070556641,-120.45481109619141,MERCED,UNINCORPORATED,-120.45536041259766,37.141891479492188
91547282,2021,2021-08-17,9461,2021-08-07,0528,021280,,6,3,9,2400,0,2,4,,1,110,"INGOMAR GRD.","FAHEY RD.",1056.00,S,N,A,-,N,,,,,,,,,,Y,3,0,1,2,A,-,09,21804,A,N,D,C,A,A,H,-,B,A,0,,,,,Y,,A,01,0,1,0,0,0,0,0,0,0,"- ","- ",37.114528656005859,-120.94306945800781,MERCED,UNINCORPORATED,,
91547958,2021,2021-08-18,9461,2021-08-10,0458,021280,,2,3,9,2400,0,1,1,,2,205,"I-5 S/B","ARBURUA RD.",2112.00,S,N,A,-,Y,,,5,,,,,,S,Y,3,0,2,2,A,-,03,22350,,N,C,C,A,A,H,-,D,D,0,,,,Y,Y,,F,26,0,1,1,0,0,0,0,0,0,"- ","- ",36.959079742431641,-120.87544250488281,MERCED,UNINCORPORATED,-120.87560272216797,36.958877563476562
91548906,2021,2021-08-19,9461,2021-08-09,1650,021056,,1,2,9,2400,0,1,3,,1,103,"SR-33 S/B","PLAZA DRIVE",4224.00,S,N,A,-,Y,,,33,,,,,,S,N,4,0,1,2,A,-,21,22106,,N,C,C,A,A,H,-,A,A,0,,,,,Y,,A,07,0,0,1,0,0,0,0,0,0,"- ","- ",37.108711242675781,-121.01582336425781,MERCED,UNINCORPORATED,-121.01576995849609,37.108707427978516
91549005,2021,2021-08-19,9461,2021-08-11,2050,019052,,3,2,9,2400,0,1,3,,1,152,"SR-152 E/B","UPPER COTTONWOOD",2640.00,E,N,A,-,Y,,,152,,,,,,E,Y,3,0,1,1,A,-,08,22107,,N,E,I,A,A,H,-,D,D,0,,,,,Y,,A,07,0,1,0,0,0,0,0,0,0,"- ","- ",37.086780548095703,-121.16963195800781,MERCED,UNINCORPORATED,-121.16962432861328,37.086822509765625