CASE_ID,ACCIDENT_YEAR,PROC_DATE,JURIS,COLLISION_DATE,COLLISION_TIME,OFFICER_ID,REPORTING_DISTRICT,DAY_OF_WEEK,CHP_SHIFT,POPULATION,CNTY_CITY_LOC,SPECIAL_COND,BEAT_TYPE,CHP_BEAT_TYPE,CITY_DIVISION_LAPD,CHP_BEAT_CLASS,BEAT_NUMBER,PRIMARY_RD,SECONDARY_RD,DISTANCE,DIRECTION,INTERSECTION,WEATHER_1,WEATHER_2,STATE_HWY_IND,CALTRANS_COUNTY,CALTRANS_DISTRICT,STATE_ROUTE,ROUTE_SUFFIX,POSTMILE_PREFIX,POSTMILE,LOCATION_TYPE,RAMP_INTERSECTION,SIDE_OF_HWY,TOW_AWAY,COLLISION_SEVERITY,NUMBER_KILLED,NUMBER_INJURED,PARTY_COUNT,PRIMARY_COLL_FACTOR,PCF_CODE_OF_VIOL,PCF_VIOL_CATEGORY,PCF_VIOLATION,PCF_VIOL_SUBSECTION,HIT_AND_RUN,TYPE_OF_COLLISION,MVIW,PED_ACTION,ROAD_SURFACE,ROAD_COND_1,ROAD_COND_2,LIGHTING,CONTROL_DEVICE,CHP_ROAD_TYPE,PEDESTRIAN_ACCIDENT,BICYCLE_ACCIDENT,MOTORCYCLE_ACCIDENT,TRUCK_ACCIDENT,NOT_PRIVATE_PROPERTY,ALCOHOL_INVOLVED,STWD_VEHTYPE_AT_FAULT,CHP_VEHTYPE_AT_FAULT,COUNT_SEVERE_INJ,COUNT_VISIBLE_INJ,COUNT_COMPLAINT_PAIN,COUNT_PED_KILLED,COUNT_PED_INJURED,COUNT_BICYCLIST_KILLED,COUNT_BICYCLIST_INJURED,COUNT_MC_KILLED,COUNT_MC_INJURED,PRIMARY_RAMP,SECONDARY_RAMP,LATITUDE,LONGITUDE,COUNTY,CITY,POINT_X,POINT_Y
91549720,2021,2021-08-19,9460,2021-08-09,2142,021320,,1,2,9,2400,0,1,3,,1,165,"LONGVIEW ROAD","ARENA WAY",0.00,,Y,A,-,N,,,,,,,,,,N,4,0,1,2,A,-,09,21802,A,N,D,C,A,A,H,-,D,A,0,,,,,Y,,D,22,0,0,1,0,0,0,0,0,0,"- ","- ",37.353359222412109,-120.67778015136719,MERCED,UNINCORPORATED,-120.67771911621094,37.353061676025391
91550247,2021,2021-08-20,9460,2021-08-10,0730,016323,,2,1,9,2400,0,1,3,,2,002,"STATE ROUTE 99 NORTHBOUND","APPLEGATE ROAD",1100.00,S,N,A,-,Y,,,,,,,,,,Y,4,0,1,4,A,-,03,22350,,N,C,C,A,A,D,-,A,A,0,,,,,Y,,A,01,0,0,1,0,0,0,0,0,0,"- ","- ",37.344711303710938,-120.61318206787109,MERCED,UNINCORPORATED,-120.60977172851562,37.343437194824219
91550888,2021,2021-08-23,9460,2021-08-19,2020,020822,,4,2,9,2400,0,3,5,,2,020,"HINTON AVENUE","BLOSS AVE",1513.00,S,N,A,-,N,,,,,,,,,,Y,4,0,1,1,A,-,03,22350,,N,E,I,A,A,H,-,D,D,0,,,,,Y,,A,01,0,0,1,0,0,0,0,0,0,"- ","- ",37.402481079101562,-120.77774047851562,MERCED,UNINCORPORATED,-120.7777099609375,37.400856018066406
91552670,2021,2021-08-24,9461,2021-08-18,0255,021126,,3,3,9,2400,0,1,1,,2,206,I-5,SR-165,15840.00,S,N,B,-,Y,,,5,,,,,,,Y,3,0,1,1,A,-,08,22107,,N,F,8,A,A,H,-,D,D,0,,,,,Y,,A,01,0,1,0,0,0,0,0,0,0,"- ","- ",36.897430419921875,-120.80821990966797,MERCED,UNINCORPORATED,-120.80821990966797,36.897430419921875
91553909,2021,2021-08-25,9460,2021-05-12,0445,021320,,3,3,9,2400,0,3,5,,2,030,"OLIVE AVE.","ARENA WAY",528.00,N,N,A,-,N,,,,,,,,,,Y,1,1,0,2,A,-,11,21954,A,N,G,B,D,A,H,-,D,D,0,Y,,,,Y,,N,60,0,0,0,1,0,0,0,0,0,"- ","- ",37.370700836181641,-120.67505645751953,MERCED,UNINCORPORATED,-120.67713928222656,37.396690368652344
91554253,2021,2021-08-25,9460,2021-08-13,1305,019286,,5,1,9,2400,0,3,5,,2,020,"BLOSS AVENUE","SYCAMORE STREET",51.00,W,N,A,-,N,,,,,,,,,,Y,3,0,2,2,A,-,01,23152,A,N,C,C,A,A,H,-,A,D,0,,,,,Y,Y,D,22,0,2,0,0,0,0,0,0,0,"- ","- ",37.404869079589844,-120.75965881347656,MERCED,UNINCORPORATED,-120.75961303710938,37.404861450195312
91554834,2021,2021-08-26,9460,2021-08-15,1745,019838,,7,2,9,2400,0,3,5,,2,010,"GOLF LINK RD","JOHNSON AVENUE",700.00,N,N,A,-,N,,,,,,,,,,Y,3,0,1,2,A,-,06,21750,A,N,D,C,A,A,H,-,A,D,0,,,,,Y,,D,22,0,1,0,0,0,0,0,0,0,"- ","- ",37.435718536376953,-120.83129119873047,MERCED,UNINCORPORATED,-120.83136749267578,37.435031890869141
91554851,2021,2021-08-26,9460,2021-08-16,1645,019838,,1,2,9,2400,0,1,3,,1,165,SR-165,"OSLO RD",528.00,S,N,A,-,N,,,165,,,,,,,Y,3,0,1,2,A,-,09,21804,A,N,D,C,A,A,H,-,A,D,0,,,,Y,Y,,A,07,0,1,0,0,0,0,0,0,0,"- ","- ",37.425930023193359,-120.84976196289062,MERCED,UNINCORPORATED,-120.84983825683594,37.425930023193359
91555267,2021,2021-08-26,9460,2021-08-14,1615,019918,,6,2,9,2400,0,3,5,,2,030,"GREEN SANDS ROAD","ATWATER MERCED EXPRESSWAY",260.00,W,N,A,-,N,,,,,,,,,,Y,2,0,1,1,A,-,08,22107,,N,F,A,A,A,H,-,A,D,0,,,Y,,Y,Y,C,02,1,0,0,0,0,0,0,0,1,"- ","- ",37.338699340820312,-120.5653076171875,MERCED,UNINCORPORATED,-120.56528472900391,37.338798522949219
91555273,2021,2021-08-26,9460,2021-08-20,0745,019005,,5,1,9,2400,0,3,5,,2,090,"WESTSIDE BLVD.","LINCOLN BLVD",528.00,E,N,A,-,N,,,,,,,,,,Y,4,0,1,1,A,-,08,22107,,N,E,I,A,A,H,-,A,D,0,,,,,Y,,A,01,0,0,1,0,0,0,0,0,0,"- ","- ",37.360481262207031,-120.71888732910156,MERCED,UNINCORPORATED,-120.72198486328125,37.360462188720703
91555386,2021,2021-08-26,9460,2021-08-08,1038,019286,,7,1,9,2400,0,3,5,,2,020,"BRADBURY ROAD","MERCED AVENUE",625.00,E,N,A,-,N,,,,,,,,,,Y,2,0,1,1,A,-,01,23152,A,M,E,I,A,A,H,-,A,D,0,,,,,Y,Y,A,07,1,0,0,0,0,0,0,0,0,"- ","- ",37.448661804199219,-120.78888702392578,MERCED,UNINCORPORATED,-120.78895568847656,37.448661804199219
91558625,2021,2021-08-30,9461,2021-08-23,1655,019052,,1,2,9,2400,0,2,4,,1,415,"HENRY MILLER AVE","BOX CAR RD",1056.00,W,N,A,-,N,,,,,,,,,,Y,4,0,2,2,A,-,03,22350,,N,C,C,A,A,H,-,A,D,0,,,,Y,Y,,F,26,0,0,2,0,0,0,0,0,0,"- ","- ",37.098400115966797,-120.73912048339844,MERCED,UNINCORPORATED,-120.73863983154297,37.098423004150391
91560220,2021,2021-09-01,9460,2021-08-20,0640,019286,,5,1,3,2404,0,1,3,,2,001,"SR-99 N/B","MAIN STREET",450.00,S,N,A,-,Y,,,99,,,,,,N,Y,4,0,1,2,A,-,03,22350,,N,B,2,A,A,D,-,A,D,0,,,,,Y,,E,22,0,0,1,0,0,0,0,0,0,"- ","- ",37.387630462646484,-120.72074127197266,MERCED,LIVINGSTON,-120.72076416015625,37.387580871582031
91560625,2021,2021-09-01,9460,2021-08-28,0710,018922,,6,1,9,2400,0,1,3,,1,143,SR-140,"ORCHARD DRIVE",2112.00,E,N,A,-,Y,,,140,,,,,,,Y,4,0,1,2,A,-,03,22350,,N,C,C,A,A,H,-,A,D,0,,,,Y,Y,,G,25,0,0,1,0,0,0,0,0,0,"- ","- ",37.295688629150391,-120.39048004150391,MERCED,UNINCORPORATED,-120.39048004150391,37.295696258544922
91561085,2021,2021-09-02,9460,2021-08-24,2204,020365,,2,3,9,2400,0,1,3,,1,165,"CAMPBELL ST",SR-165,201.00,E,N,A,-,N,,,,,,,,,,Y,2,0,1,1,A,-,01,23152,A,N,E,I,A,A,H,-,C,D,0,,,Y,,Y,Y,C,02,1,0,0,0,0,0,0,0,1,"- ","- ",37.402141571044922,-120.84935760498047,MERCED,UNINCORPORATED,-120.84947967529297,37.402072906494141
91561128,2021,2021-09-02,9460,2021-08-25,1428,019838,,3,2,9,2400,0,1,3,,2,002,"SR-99 SOUTHBOUND","BUHACH ROAD",1056.00,N,N,A,-,Y,,,99,,,,,,S,Y,4,0,4,2,A,-,03,22350,,N,E,I,A,A,D,-,A,D,0,,,,Y,Y,,G,27,0,0,4,0,0,0,0,0,0,"- ","- ",37.334800720214844,-120.57939910888672,MERCED,UNINCORPORATED,-120.57936859130859,37.334877014160156
91561166,2021,2021-09-02,9460,2021-08-23,1640,019838,,1,2,9,2400,0,1,3,,2,003,"SR-99 NORTHBOUND","PLAINSBURG ROAD",2640.00,S,N,A,-,Y,,,,,,,,,,Y,3,0,1,1,C,-,18,,,N,E,J,A,A,H,-,A,D,0,,,Y,,Y,,-,"- ",0,1,0,0,0,0,0,0,1,"- ","- ",37.181400299072266,-120.32209777832031,MERCED,UNINCORPORATED,-120.32544708251953,37.184200286865234
91564632,2021,2021-09-07,9460,2021-08-26,1602,019918,,4,2,9,2400,0,3,5,,2,040,"SR-99 S/B","APPLEGATE RD",230.00,N,N,A,-,Y,,,,,,,,,,Y,4,0,1,4,A,-,03,22350,,N,C,C,A,A,D,-,A,D,0,,,,Y,Y,,G,25,0,0,1,0,0,0,0,0,0,"- ","- ",37.344829559326172,-120.61409759521484,MERCED,UNINCORPORATED,-120.61402893066406,37.344799041748047
91565581,2021,2021-09-08,9460,2021-08-20,1550,017343,,5,2,9,2400,0,3,5,,2,040,"MERCED FALLS ROAD","HORNITOS ROAD",5280.00,W,N,A,-,N,,,,,,,,,,Y,2,0,1,1,A,-,08,22107,,N,E,I,A,A,H,-,A,D,0,,,,,Y,,A,01,1,0,0,0,0,0,0,0,0,"- ","- ",37.535568237304688,-120.32807922363281,MERCED,UNINCORPORATED,-120.32965850830078,37.524921417236328
91565622,2021,2021-09-08,9461,2021-09-03,1410,018910,,5,2,9,2400,0,1,3,,1,103,"STATE ROUTE 33","INTERSTATE 5 NORTHBOUND ENTRANCE/EXIT",528.00,N,N,A,-,Y,,,33,,,,,,,Y,3,0,1,2,A,-,09,21801,A,N,D,C,A,A,H,-,A,D,0,,,,,Y,,D,22,0,1,0,0,0,0,0,0,0,"- ","- ",37.109951019287109,-121.01579284667969,MERCED,UNINCORPORATED,-121.01575469970703,37.109951019287109
91566689,2021,2021-09-09,9461,2021-09-03,2010,018910,,5,2,9,2400,0,2,4,,1,115,"HENRY MILLER AVENUE","HIGHLINE CANAL",100.00,E,N,A,-,N,,,,,,,,,,N,4,0,1,1,D,-,00,,,N,E,J,A,A,H,-,D,D,0,,,,,Y,,-,"- ",0,0,1,0,0,0,0,0,0,"- ","- ",37.100410461425781,-121.00517272949219,MERCED,UNINCORPORATED,,
91568633,2021,2021-09-13,9460,2021-08-31,2102,020008,,2,2,9,2400,0,1,3,,2,002,"SR-99 S/B","FRANKLIN RD",1848.00,S,N,A,-,Y,,,99,,,,,,S,Y,3,0,2,2,A,-,03,22350,,N,B,C,A,A,H,-,D,D,0,,,,,Y,,A,01,0,2,0,0,0,0,0,0,0,"- ","- ",37.319438934326172,-120.53721618652344,MERCED,UNINCORPORATED,-120.53722381591797,37.319427490234375
91568902,2021,2021-09-13,9460,2021-09-02,0850,016323,,4,1,9,2400,0,3,5,,2,030,"WALNUT AVENUE","GRAPE AVENUE",50.00,W,N,A,-,N,,,,,,,,,,N,4,0,1,2,A,-,03,22350,,N,C,C,A,A,H,-,A,D,0,,,,,Y,,A,01,0,0,1,0,0,0,0,0,0,"- ","- ",37.389358520507812,-120.63011169433594,MERCED,UNINCORPORATED,-120.63008117675781,37.389358520507812
91569792,2021,2021-09-14,9460,2021-09-03,1619,018922,,5,2,9,2400,0,1,3,,1,591,SR-59,"CONE AVENUE",330.00,S,N,A,-,Y,,,59,,,,,,,Y,4,0,1,2,A,-,09,21801,A,N,B,2,A,A,H,-,A,D,0,,,,,Y,,A,01,0,0,1,0,0,0,0,0,0,"- ","- ",37.283679962158203,-120.48764038085938,MERCED,UNINCORPORATED,-120.48760223388672,37.283679962158203
91569836,2021,2021-09-14,9460,2021-09-03,2019,019806,,5,2,9,2400,0,3,5,,2,040,"OLIVE AVE","WINTON WAY",254.00,W,N,A,-,N,,,,,,,,,,Y,4,0,1,2,A,-,09,21801,A,N,D,C,A,A,H,-,B,D,0,,,,,Y,,A,01,0,0,1,0,0,0,0,0,0,"- ","- ",37.396629333496094,-120.61430358886719,MERCED,UNINCORPORATED,-120.61348724365234,37.348503112792969
91569994,2021,2021-09-14,9461,2021-09-10,1550,021387,,5,2,9,2400,0,1,3,,1,452,"SR-152 WB","S/B TURNER ISLAND RD",10.00,W,N,A,-,Y,,,152,,,,,,W,Y,3,0,1,2,A,-,12,22450,A,N,D,C,A,A,H,-,A,A,0,,,,,Y,,A,01,0,1,0,0,0,0,0,0,0,"- ","- ",37.054641723632812,-120.70578002929688,MERCED,UNINCORPORATED,-120.70578002929688,37.054634094238281
91571085,2021,2021-09-15,9460,2021-09-07,0720,015398,,2,1,9,2400,0,3,5,,2,100,"VINEWOOD AVE.","ROBIN AVE.",1531.00,W,N,A,-,N,,,,,,,,,,N,2,0,1,2,A,-,03,22350,,N,C,G,A,A,H,-,A,D,0,,Y,,Y,Y,,F,26,1,0,0,0,0,0,1,0,0,"- ","- ",37.385791778564453,-120.74669647216797,MERCED,UNINCORPORATED,-120.74669647216797,37.385810852050781
91571345,2021,2021-09-15,9460,2021-09-09,2330,020857,,4,3,9,2400,0,1,3,,2,001,"OFF RAMP:  SR-99 S/B TO SHANKS RD","SHANKS RD",0.00,,Y,B,-,Y,,,,,,,,,,N,4,0,1,2,A,-,12,22450,A,N,D,2,A,A,H,-,C,A,0,,,,,Y,,A,01,0,0,1,0,0,0,0,0,0,"- ","- ",37.436649322509766,-120.78424835205078,MERCED,UNINCORPORATED,,
91572139,2021,2021-09-16,9460,2021-09-03,0730,019286,,5,1,9,2400,0,2,4,,1,101,"WESTSIDE BOULVARD","WASHINGTON BOULEVARD",150.00,E,N,A,-,N,,,,,,,,,,Y,3,0,1,1,A,-,08,22107,,N,E,I,A,A,H,-,A,D,0,,,,,Y,,A,01,0,1,0,0,0,0,0,0,0,"- ","- ",37.360420227050781,-120.75956726074219,MERCED,UNINCORPORATED,-120.759521484375,37.360458374023438
91572979,2021,2021-09-17,9460,2021-09-03,0508,019005,,5,3,9,2400,0,3,5,,2,030,"ATWATER MERCED EXPRESSWAY","SR-99 N/B",530.00,E,N,A,-,N,,,,,,,,,,Y,4,0,2,2,A,-,03,22350,,N,C,C,A,A,H,-,D,D,0,,,,,Y,,A,01,0,0,2,0,0,0,0,0,0,"- ","- ",37.333759307861328,-120.56697845458984,MERCED,UNINCORPORATED,-120.56743621826172,37.333057403564453
91574166,2021,2021-09-20,9461,2021-09-12,1850,021387,,7,2,9,2400,0,1,3,,1,153,"SR-152 W/B","VOLTA RD",0.00,,Y,A,-,Y,,,152,,,,,,W,Y,3,0,2,2,A,-,09,21802,A,N,D,C,A,A,H,-,A,A,0,,,,,Y,,A,01,0,2,0,0,0,0,0,0,0,"- ","- ",37.05670166015625,-120.92655181884766,MERCED,UNINCORPORATED,-120.92655181884766,37.056686401367188
91574472,2021,2021-09-20,9461,2021-09-14,1850,021387,,2,2,9,2400,0,2,4,,1,115,"HENRY MILLER AVE","MONROE AVENUE",5808.00,W,N,A,-,N,,,,,,,,,,Y,3,0,2,3,A,-,03,22350,,N,C,C,A,A,H,-,A,D,0,,,,,Y,,A,01,0,2,0,0,0,0,0,0,0,"- ","- ",37.100028991699219,-120.9005126953125,MERCED,UNINCORPORATED,-120.90016174316406,37.100028991699219
91574856,2021,2021-09-20,9460,2021-09-11,1439,019918,,6,2,9,2400,0,1,3,,2,002,"SR-99 SOUTHBOUND","TRINDADE RD",470.00,N,N,A,-,Y,,,99,,,,,,S,N,4,0,1,3,A,-,03,22350,,N,B,C,A,A,H,-,A,D,0,,,,,Y,,A,01,0,0,1,0,0,0,0,0,0,"- ","- ",37.324901580810547,-120.55161285400391,MERCED,UNINCORPORATED,-120.55167388916016,37.324726104736328
91575496,2021,2021-09-21,9460,2021-09-12,1640,018778,,7,2,9,2400,0,1,3,,2,003,"SR-99 N/B","MISSION AVE",2640.00,N,N,A,-,Y,,,99,,,,,,N,Y,3,0,2,2,A,-,07,21658,A,N,B,C,A,A,H,-,A,D,0,,,,,Y,,A,01,0,2,0,0,0,0,0,0,0,"- ","- ",37.280288696289062,-120.44673919677734,MERCED,UNINCORPORATED,-120.44676208496094,37.280261993408203
91575996,2021,2021-09-21,9460,2021-09-12,1645,018922,,7,2,9,2400,0,1,3,,1,143,SR-140,"CUNNINGHAM ROAD",8976.00,W,N,A,-,Y,,,140,,,,,,,Y,3,0,1,1,A,-,08,22107,,N,E,I,A,A,H,-,A,D,0,,,Y,,Y,,C,02,0,1,0,0,0,0,0,0,1,"- ","- ",37.315311431884766,-120.27778625488281,MERCED,UNINCORPORATED,-120.27779388427734,37.315315246582031
91577163,2021,2021-09-22,9461,2021-09-18,1924,021387,,6,2,9,2400,0,2,4,,1,325,"INGOMAR GRADE","VOLTA ROAD",0.00,,Y,A,-,N,,,,,,,,,,Y,3,0,1,2,A,-,01,23152,A,N,B,C,A,A,H,-,B,A,0,,,,Y,Y,Y,A,01,0,1,0,0,0,0,0,0,0,"- ","- ",37.097648620605469,-120.92459106445312,MERCED,UNINCORPORATED,-120.92539978027344,37.097179412841797
91577174,2021,2021-09-22,9460,2021-09-11,2304,021150,,6,3,5,2406,0,1,3,,2,003,"SR-99 S/B TO SR-140",SR-140,0.00,,Y,A,-,Y,,,99,,,,R,,S,Y,4,0,2,1,A,-,03,22350,,N,E,I,A,A,H,-,C,A,0,,,,,Y,,D,22,0,0,2,0,0,0,0,0,0,"- ","- ",37.294681549072266,-120.46852111816406,MERCED,MERCED,-120.46852111816406,37.294681549072266
91578134,2021,2021-09-23,9460,2021-08-31,2009,020840,,2,2,3,2401,0,1,3,,2,002,"SR 99 N/B","EAST ATWATER BOULEVARD OVERHEAD",990.00,S,N,A,-,Y,,,99,,,,,,N,N,4,0,1,2,A,-,08,22107,,F,E,I,A,A,D,-,C,C,0,,,,,Y,,A,01,0,0,1,0,0,0,0,0,0,"- ","- ",37.340389251708984,-120.59053802490234,MERCED,ATWATER,-120.59054565429688,37.340366363525391
91578261,2021,2021-09-23,9460,2021-09-16,1337,018603,,4,1,3,2401,0,1,3,,2,002,"SR-99 S/B","APPLEGATE RD",1000.00,S,N,A,-,Y,,,99,,,,,,S,Y,4,0,1,3,A,-,03,22350,,N,C,C,A,A,D,-,A,D,0,,,,Y,Y,,G,27,0,0,1,0,0,0,0,0,0,"- ","- ",37.342838287353516,-120.60870361328125,MERCED,ATWATER,-120.60870361328125,37.342830657958984
91579791,2021,2021-09-27,9461,2021-09-19,1355,018910,,7,1,9,2400,0,3,5,,2,010,"BADGER FLAT ROAD","WEST H STREET",1584.00,S,N,A,-,N,,,,,,,,,,Y,4,0,1,2,D,-,00,,,N,C,C,A,A,H,-,A,D,0,,,,,Y,,-,"- ",0,0,1,0,0,0,0,0,0,"- ","- ",37.066619873046875,-120.87721252441406,MERCED,UNINCORPORATED,,
91579806,2021,2021-09-27,9461,2021-09-17,0625,020486,,5,1,9,2400,0,2,4,,2,100,"STATE HIGHWAY 140","N MUD SLOUGH",236.00,E,N,A,-,Y,,,140,,,,,,,Y,4,0,1,3,A,-,03,22350,,N,C,2,A,A,H,-,B,D,0,,,,,Y,,D,22,0,0,1,0,0,0,0,0,0,"- ","- ",37.304969787597656,-120.93453216552734,MERCED,UNINCORPORATED,-120.93449401855469,37.304950714111328
91581544,2021,2021-09-28,9460,2021-09-16,1423,021568,,4,2,9,2400,0,1,3,,2,002,"STATE ROUTE 99 S/B","WESTSIDE BOULEVARD",3960.00,S,N,A,-,Y,,,99,,,,,,S,N,4,0,2,2,A,-,03,22350,,N,C,C,A,A,H,-,A,D,0,,,,Y,Y,,G,26,0,0,2,0,0,0,0,0,0,"- ","- ",37.355960845947266,-120.6365966796875,MERCED,UNINCORPORATED,-120.63661956787109,37.355915069580078
91582583,2021,2021-09-29,9460,2021-09-23,1915,018603,,4,2,9,2400,0,1,3,,2,001,"SR-99 N/B","COLLIER RD",300.00,S,N,A,-,Y,,,99,,,,,,N,Y,4,0,2,2,A,-,07,21658,A,N,B,C,A,A,H,-,D,D,0,,,,Y,Y,,G,27,0,0,2,0,0,0,0,0,0,"- ","- ",37.407730102539062,-120.75051116943359,MERCED,UNINCORPORATED,-120.75049591064453,37.407745361328125
91583036,2021,2021-09-29,9460,2021-09-24,1444,019918,,5,2,9,2400,0,3,5,,2,060,"CHILDS AVENUE","SANTA FE AVE",23.00,E,N,A,-,N,,,,,,,,,,Y,4,0,1,1,A,-,08,22107,,N,E,I,A,A,H,-,A,D,0,,,,,Y,,A,07,0,0,1,0,0,0,0,0,0,"- ","- ",37.287891387939453,-120.31968688964844,MERCED,UNINCORPORATED,-120.31977081298828,37.287887573242188
91587145,2021,2021-10-04,9460,2021-09-24,1742,018292,,5,2,9,2400,0,1,3,,1,141,SR-140,SR-165,365.00,E,N,A,-,Y,,,140,,,,,,,N,4,0,1,2,A,-,03,22350,,N,C,C,A,A,H,-,A,D,0,,,,,Y,,A,01,0,0,1,0,0,0,0,0,0,"- ","- ",37.313201904296875,-120.84992980957031,MERCED,UNINCORPORATED,-120.84992980957031,37.313152313232422
91587437,2021,2021-10-04,9460,2021-09-24,1515,018673,,5,2,9,2400,0,3,5,,2,030,"SANTA FE ROAD","BEACHWOOD DRIVE",0.00,,Y,A,-,N,,,,,,,,,,N,4,0,1,2,A,-,09,21802,A,N,D,C,A,A,H,-,A,A,0,,,,,Y,,A,01,0,0,1,0,0,0,0,0,0,"- ","- ",37.331748962402344,-120.52796173095703,MERCED,UNINCORPORATED,-120.52793121337891,37.331737518310547
91588726,2021,2021-10-05,9460,2021-09-27,0655,018966,,1,1,3,2401,0,1,3,,2,002,"SR-99 S/B","APPLEGATE RD",1056.00,S,N,A,-,Y,,,99,,,,,,S,N,4,0,1,2,A,-,03,22350,,N,C,C,A,A,D,-,B,D,0,,,,,Y,,A,01,0,0,1,0,0,0,0,0,0,"- ","- ",37.343238830566406,-120.60993194580078,MERCED,ATWATER,-120.60991668701172,37.343276977539062
91588780,2021,2021-10-05,9460,2021-09-29,0645,014541,,3,1,9,2400,0,2,4,,1,041,"SANTA FE DRIVE","CENTER STREET",198.00,W,N,A,-,N,,,,,,,,,,Y,3,0,2,2,A,-,03,22350,,N,C,C,A,A,H,-,A,D,0,,,,,Y,,A,01,0,1,1,0,0,0,0,0,0,"- ","- ",37.387378692626953,-120.61546325683594,MERCED,UNINCORPORATED,-120.61547088623047,37.387363433837891
91589783,2021,2021-10-06,9460,2021-10-02,1920,018603,,6,2,9,2400,0,2,4,,1,101,"WESTSIDE BLVD.","ROBIN AVE",1000.00,E,N,A,-,N,,,,,,,,,,Y,4,0,2,2,A,-,21,22106,,N,B,C,A,A,H,-,D,D,0,,,,,Y,,A,01,0,0,2,0,0,0,0,0,0,"- ","- ",37.360469818115234,-120.73828125,MERCED,UNINCORPORATED,-120.73847198486328,37.360458374023438
91590721,2021,2021-10-07,9460,2021-10-03,1934,018966,,7,2,9,2400,0,2,4,,1,042,"SANTA FE DR","WINTON WAY",150.00,W,N,A,-,N,,,,,,,,,,Y,4,0,1,2,A,-,09,21801,A,N,A,C,A,A,H,-,C,D,0,,,,,Y,,A,01,0,0,1,0,0,0,0,0,0,"- ","- ",37.386318206787109,-120.61389923095703,MERCED,UNINCORPORATED,-120.61373901367188,37.386142730712891
91590745,2021,2021-10-07,9460,2021-09-09,0845,016323,,4,1,9,2400,0,3,5,,2,030,"GERTRUDE AVENUE","WINTON WAY",20.00,W,N,A,-,N,,,,,,,,,,N,4,0,1,2,A,-,21,22106,,N,C,C,A,A,H,-,A,A,0,,,,,Y,,A,01,0,0,1,0,0,0,0,0,0,"- ","- ",37.389369964599609,-120.63002014160156,MERCED,UNINCORPORATED,-120.61374664306641,37.374969482421875
91591869,2021,2021-10-08,9465,2021-09-30,0230,021239,,4,3,9,2400,0,3,5,,2,020,SR-108,"KENNEDY ROAD",1795.00,E,N,A,-,N,,,,,,,,,,Y,4,0,4,2,A,-,08,22107,,N,A,C,A,A,H,-,D,D,0,,,,,Y,,A,07,0,0,4,0,0,0,0,0,0,"- ","- ",37.806079864501953,-120.67032623291016,MERCED,UNINCORPORATED,-120.66112518310547,37.812580108642578
91592812,2021,2021-10-11,9460,2021-09-20,2203,021511,,1,3,9,2400,0,1,3,,2,003,SR-59,"MISSION AVE",0.00,,Y,A,-,N,,,59,,,,,,,Y,4,0,1,2,A,-,12,22450,A,N,C,C,A,A,H,-,D,A,0,,,,,Y,Y,A,01,0,0,1,0,0,0,0,0,0,"- ","- ",37.273818969726562,-120.48780822753906,MERCED,UNINCORPORATED,-120.48783874511719,37.273818969726562
91592880,2021,2021-10-11,9460,2021-10-03,1312,018922,,7,1,9,2400,0,1,3,,2,002,"SR-99 S/B","APPLEGATE ROAD",500.00,S,N,A,-,Y,,,,,,,,,,Y,4,0,5,4,A,-,03,22350,,N,C,C,A,A,D,-,A,D,0,,,,,Y,,A,07,0,0,5,0,0,0,0,0,0,"- ","- ",37.344070434570312,-120.61161804199219,MERCED,UNINCORPORATED,-120.61176300048828,37.343944549560547
91593380,2021,2021-10-11,9461,2021-10-05,1105,014933,,2,1,9,2400,0,1,3,,1,465,SR-165,"CORRAL RD.",200.00,N,N,A,-,Y,,,165,,,,,,,Y,3,0,1,1,A,-,08,22107,,N,F,A,A,A,H,-,A,D,0,,,,,Y,,A,07,0,1,0,0,0,0,0,0,0,"- ","- ",37.215950012207031,-120.85175323486328,MERCED,UNINCORPORATED,-120.8516845703125,37.215980529785156