CASE_ID,ACCIDENT_YEAR,PROC_DATE,JURIS,COLLISION_DATE,COLLISION_TIME,OFFICER_ID,REPORTING_DISTRICT,DAY_OF_WEEK,CHP_SHIFT,POPULATION,CNTY_CITY_LOC,SPECIAL_COND,BEAT_TYPE,CHP_BEAT_TYPE,CITY_DIVISION_LAPD,CHP_BEAT_CLASS,BEAT_NUMBER,PRIMARY_RD,SECONDARY_RD,DISTANCE,DIRECTION,INTERSECTION,WEATHER_1,WEATHER_2,STATE_HWY_IND,CALTRANS_COUNTY,CALTRANS_DISTRICT,STATE_ROUTE,ROUTE_SUFFIX,POSTMILE_PREFIX,POSTMILE,LOCATION_TYPE,RAMP_INTERSECTION,SIDE_OF_HWY,TOW_AWAY,COLLISION_SEVERITY,NUMBER_KILLED,NUMBER_INJURED,PARTY_COUNT,PRIMARY_COLL_FACTOR,PCF_CODE_OF_VIOL,PCF_VIOL_CATEGORY,PCF_VIOLATION,PCF_VIOL_SUBSECTION,HIT_AND_RUN,TYPE_OF_COLLISION,MVIW,PED_ACTION,ROAD_SURFACE,ROAD_COND_1,ROAD_COND_2,LIGHTING,CONTROL_DEVICE,CHP_ROAD_TYPE,PEDESTRIAN_ACCIDENT,BICYCLE_ACCIDENT,MOTORCYCLE_ACCIDENT,TRUCK_ACCIDENT,NOT_PRIVATE_PROPERTY,ALCOHOL_INVOLVED,STWD_VEHTYPE_AT_FAULT,CHP_VEHTYPE_AT_FAULT,COUNT_SEVERE_INJ,COUNT_VISIBLE_INJ,COUNT_COMPLAINT_PAIN,COUNT_PED_KILLED,COUNT_PED_INJURED,COUNT_BICYCLIST_KILLED,COUNT_BICYCLIST_INJURED,COUNT_MC_KILLED,COUNT_MC_INJURED,PRIMARY_RAMP,SECONDARY_RAMP,LATITUDE,LONGITUDE,COUNTY,CITY,POINT_X,POINT_Y
91594035,2021,2021-10-12,9460,2021-10-04,1340,018778,,1,1,3,2404,1,4,S,,2,901,"F ST","BARCELONA DR",0.00,,Y,A,-,N,,,,,,,,,,N,4,0,2,2,A,-,06,21755,A,N,B,C,A,A,H,-,A,A,0,,,,,Y,,A,01,0,0,2,0,0,0,0,0,0,"- ","- ",37.382221221923828,-120.73979949951172,MERCED,LIVINGSTON,-120.73970031738281,37.382308959960938
91594291,2021,2021-10-12,9460,2021-10-05,2019,019806,,2,2,9,2400,0,3,5,,2,020,"SYCAMORE ST","HOSKINS ST",0.00,,Y,A,-,N,,,,,,,,,,Y,4,0,1,2,A,-,09,21801,A,N,A,C,A,A,H,-,C,D,0,,,,,Y,,A,01,0,0,1,0,0,0,0,0,0,"- ","- ",37.400341033935547,-120.75953674316406,MERCED,UNINCORPORATED,-120.75952911376953,37.400344848632812
91594424,2021,2021-10-12,9460,2021-10-04,1700,019806,,1,2,9,2400,0,1,3,,2,002,"SR-99 S/B","APPLEGATE RD",1056.00,S,N,A,-,Y,,,,,,,,,,Y,4,0,3,2,A,-,07,21658,A,N,B,2,A,A,D,-,A,D,0,,,,Y,Y,,A,07,0,0,3,0,0,0,0,0,0,"- ","- ",37.343009948730469,-120.60923004150391,MERCED,UNINCORPORATED,-120.61001586914062,37.343315124511719
91594510,2021,2021-10-12,9460,2021-10-03,1637,018966,,7,2,9,2400,0,3,5,,2,040,"TURLOCK RD","LOONEY RD",6864.00,E,N,A,-,N,,,,,,,,,,Y,3,0,4,2,A,-,03,22350,,N,A,C,A,A,H,-,A,D,0,,,Y,,Y,,C,02,0,1,3,0,0,0,0,0,1,"- ","- ",37.475601196289062,-120.60700988769531,MERCED,UNINCORPORATED,-120.60728454589844,37.475723266601562
91595167,2021,2021-10-13,9460,2021-09-29,2225,020099,,3,3,9,2400,0,3,5,,2,020,"PALM STREET","BRADBURY RD",0.00,,Y,A,-,N,,,,,,,,,,Y,3,0,1,2,A,-,12,22450,A,N,D,C,A,A,B,-,D,A,0,,,,Y,Y,,A,01,0,1,0,0,0,0,0,0,0,"- ","- ",37.448539733886719,-120.76735687255859,MERCED,UNINCORPORATED,-120.7672119140625,37.448497772216797
91596357,2021,2021-10-14,9460,2021-10-08,0920,016476,,5,1,9,2400,0,1,3,,2,002,"SR-99 N/B","FRANKLIN RD",5280.00,S,N,B,-,Y,,,99,,,,,,N,Y,4,0,1,2,A,-,03,22350,,N,C,C,A,A,H,-,A,D,0,,,,,Y,,A,01,0,0,1,0,0,0,0,0,0,"- ","- ",37.314899444580078,-120.52358245849609,MERCED,UNINCORPORATED,-120.52365112304688,37.314697265625
91596783,2021,2021-10-14,9461,2021-10-08,0800,020486,,5,1,9,2400,0,3,5,,2,010,"STATE ROUTE 33","HENRY MILLER AVENUE",528.00,N,N,A,-,Y,,,33,,,,,,,Y,4,0,1,2,A,-,09,21801,A,N,D,C,A,A,H,-,A,D,0,,,,Y,Y,,D,22,0,0,1,0,0,0,0,0,0,"- ","- ",37.102680206298828,-121.01584625244141,MERCED,UNINCORPORATED,-121.01582336425781,37.102680206298828
91596794,2021,2021-10-14,9461,2021-10-08,1014,020486,,5,1,9,2400,0,1,1,,2,105,"INTERSTATE 5","HENRY MILER AVENUE",528.00,S,N,A,-,Y,,,5,,,,,,,N,4,0,2,2,A,-,03,22350,,N,C,C,A,A,H,-,A,A,0,,,,,Y,,A,01,0,0,2,0,0,0,0,0,0,"- ","- ",37.098690032958984,-121.00978851318359,MERCED,UNINCORPORATED,-121.00980377197266,37.098678588867188
91596826,2021,2021-10-14,9460,2021-10-08,1755,020822,,5,2,9,2400,0,3,5,,2,010,"AUGUST AVE",SR-165,0.00,,Y,A,-,Y,,,,,,,,,,Y,4,0,1,2,A,-,17,21451,A,N,A,C,A,A,H,-,B,A,0,,,,,Y,,A,01,0,0,1,0,0,0,0,0,0,"- ","- ",37.418739318847656,-120.85001373291016,MERCED,UNINCORPORATED,-120.84996795654297,37.418750762939453
91597403,2021,2021-10-15,9460,2021-10-09,1633,018778,,6,2,9,2400,0,3,5,,2,070,"MADISON ST","WASHINGTON ST",0.00,,Y,A,-,N,,,,,,,,,,N,4,0,1,2,A,-,12,22450,A,N,D,C,A,A,H,-,A,A,0,,,,,Y,,A,01,0,0,1,0,0,0,0,0,0,"- ","- ",37.229118347167969,-120.24906158447266,MERCED,UNINCORPORATED,-120.24903106689453,37.229057312011719
91597620,2021,2021-10-15,9460,2021-10-09,1230,016917,,6,1,9,2400,0,3,5,,2,040,"TURLOCK RD","DRY CREEK",618.00,W,N,A,-,N,,,,,,,,,,N,2,0,1,1,A,-,08,22107,,N,F,A,A,A,H,-,A,D,0,,,Y,,Y,,C,02,1,0,0,0,0,0,0,0,1,"- ","- ",37.475120544433594,-120.6060791015625,MERCED,UNINCORPORATED,-120.5870361328125,37.477008819580078
91599038,2021,2021-10-18,9461,2021-10-11,2347,021280,,1,3,9,2400,0,2,4,,1,110,"INGOMAR GRD.","MALTA RD.",415.00,S,N,A,G,N,,,,,,,,,,Y,4,0,1,1,A,-,08,22107,,N,E,I,A,A,H,-,D,D,0,,,,,Y,,A,01,0,0,1,0,0,0,0,0,0,"- ","- ",37.142288208007812,-120.95279693603516,MERCED,UNINCORPORATED,,
91600083,2021,2021-10-19,9460,2021-10-15,1927,018778,,5,2,9,2400,0,1,3,,2,003,"SR-99 N/B","R STREET",400.00,S,N,A,-,Y,,,,,,,,,,Y,4,0,2,2,A,-,03,22350,,N,C,C,A,A,H,-,D,D,0,,,,,Y,,A,01,0,0,2,0,0,0,0,0,0,"- ","- ",37.300529479980469,-120.49317169189453,MERCED,UNINCORPORATED,-120.49325561523438,37.300567626953125
91600565,2021,2021-10-19,9460,2021-10-09,1700,019838,,6,2,9,2400,0,1,3,,1,165,SR-165,"DAYTON AVENUE",175.00,N,N,A,-,N,,,165,,,,,,,Y,4,0,2,2,A,-,03,22350,,N,C,C,A,A,H,-,A,D,0,,,,,Y,,A,01,0,0,2,0,0,0,0,0,0,"- ","- ",37.398601531982422,-120.85009765625,MERCED,UNINCORPORATED,-120.85019683837891,37.398601531982422
91601456,2021,2021-10-20,9461,2021-10-10,1950,021312,,7,2,9,2400,0,1,3,,1,152,"SR-152 E/B","DINOSAUR POINT ROAD",6336.00,E,N,A,G,Y,,,152,,,,,,E,Y,4,0,2,1,A,-,08,22107,,N,F,A,A,A,H,-,D,D,0,,,,,Y,Y,B,07,0,0,2,0,0,0,0,0,0,"- ","- ",37.077220916748047,-121.20327758789062,MERCED,UNINCORPORATED,-121.20327758789062,37.07720947265625
91603062,2021,2021-10-21,9460,2021-10-11,0750,016323,,1,1,9,2400,1,2,4,,1,031,"WINTON WAY","FRUITLAND DRIVE",100.00,N,N,A,-,N,,,,,,,,,,N,4,0,1,2,A,-,07,21658,A,N,B,C,A,A,H,-,A,D,0,,,,,Y,,A,01,0,0,1,0,0,0,0,0,0,"- ","- ",37.36444091796875,-120.614013671875,MERCED,UNINCORPORATED,-120.61390686035156,37.362384796142578
91604621,2021,2021-10-25,9460,2021-10-17,2224,020840,,7,3,3,2401,0,1,3,,2,002,"SR-99 S/B","BUHACH RD",80.00,S,N,A,-,Y,,,,,,,,,,N,4,0,1,1,A,-,01,23152,A,N,E,I,A,A,D,-,D,D,0,,,,,Y,Y,D,22,0,0,1,0,0,0,0,0,0,"- ","- ",37.333671569824219,-120.575927734375,MERCED,ATWATER,-120.576171875,37.333751678466797
91605108,2021,2021-10-25,9461,2021-10-18,2110,021378,,1,2,9,2400,0,1,1,,2,105,"I-5 S/B","COTTONWOOD RD",2112.00,N,N,A,-,Y,,,5,,,,,,S,Y,3,0,2,2,A,-,03,22350,,N,C,2,A,A,H,-,D,D,0,,,,Y,Y,,A,01,0,2,0,0,0,0,0,0,0,"- ","- ",37.193618774414062,-121.07404327392578,MERCED,UNINCORPORATED,-121.07405853271484,37.193607330322266
91605226,2021,2021-10-25,9460,2021-10-16,0905,019918,,6,1,9,2400,0,1,3,,2,002,"SR-99 S/B","WEST ATWATER BOULEVARD",590.00,N,N,A,-,Y,,,99,,,,,,S,Y,4,0,1,4,A,-,03,22350,,N,C,2,A,A,H,-,A,D,0,,,,,Y,,D,22,0,0,1,0,0,0,0,0,0,"- ","- ",37.352069854736328,-120.62478637695312,MERCED,UNINCORPORATED,-120.62491607666016,37.351963043212891
91606055,2021,2021-10-26,9460,2021-10-16,2215,021530,,6,3,9,2400,0,3,5,,2,030,"BALSAM WAY","TUPLEDO DRIVE",50.00,S,N,A,-,N,,,,,,,,,,N,3,0,1,1,A,-,01,23152,A,N,F,A,A,A,H,-,C,D,0,,,Y,,Y,Y,C,02,0,1,0,0,0,0,0,0,1,"- ","- ",37.330951690673828,-120.54489898681641,MERCED,UNINCORPORATED,,
91607969,2021,2021-10-27,9461,2021-10-25,0550,017329,,1,3,9,2400,0,1,3,,1,152,"SR-152 E/B","MERCED/SANTA CLARA COUNTY LINE",4224.00,E,N,B,C,Y,,,152,,,,,,E,Y,3,0,1,1,A,-,03,22350,,N,E,I,A,B,H,-,D,D,0,,,,,Y,,D,22,0,1,0,0,0,0,0,0,0,"- ","- ",37.076141357421875,-121.20806884765625,MERCED,UNINCORPORATED,-121.20810699462891,37.076187133789062
91608178,2021,2021-10-28,9460,2021-10-26,0100,020967,,2,3,9,2400,0,1,3,,2,002,"SR-99 N/B","LIBERTY AVENUE",4224.00,N,N,A,-,Y,,,99,,,,,,N,Y,3,0,1,1,A,-,01,23152,A,N,E,J,A,A,D,-,D,A,0,,,,,Y,Y,A,01,0,1,0,0,0,0,0,0,0,"- ","- ",37.378108978271484,-120.69557952880859,MERCED,UNINCORPORATED,-120.6956787109375,37.377845764160156
91608491,2021,2021-10-28,9461,2021-10-22,0405,020385,,5,3,9,2400,0,1,3,,1,152,SR-152,"ROMERO'S VISITORS CENTER",4224.00,E,N,A,-,Y,,,152,,,,,,,Y,3,0,1,2,A,-,03,22350,,N,C,C,A,A,H,-,D,D,0,,,,,Y,,A,01,0,1,0,0,0,0,0,0,0,"- ","- ",37.078281402587891,-121.08744812011719,MERCED,UNINCORPORATED,-121.08742523193359,37.078319549560547
91608764,2021,2021-10-28,9461,2021-10-26,2149,021280,,2,2,9,2400,0,1,3,,1,152,"SR-152 E/B","DINOSAUR POINT RD.",7920.00,E,N,A,-,Y,,,152,,,,,,E,Y,4,0,1,1,A,-,08,22107,,N,E,I,A,A,H,-,D,D,0,,,,,Y,,A,01,0,0,1,0,0,0,0,0,0,"- ","- ",37.077861785888672,-121.19862365722656,MERCED,UNINCORPORATED,-121.19857788085938,37.077774047851562
91608891,2021,2021-10-28,9460,2021-10-21,1040,018673,,4,1,9,2400,0,1,3,,1,591,SR-59,"MCNAMARA RD",2640.00,N,N,A,-,Y,,,59,,,,,,,N,4,0,3,1,A,-,08,22107,,N,F,A,A,A,H,-,A,D,0,,,,,Y,,A,01,0,0,3,0,0,0,0,0,0,"- ","- ",37.236579895019531,-120.488037109375,MERCED,UNINCORPORATED,-120.488037109375,37.236579895019531
91609044,2021,2021-10-28,9460,2021-10-23,2046,018292,,6,2,9,2400,0,3,5,,2,010,"TURNER AVE","KELLEY RD.",3854.00,E,N,B,-,N,,,,,,,,,,N,3,0,1,1,A,-,08,22107,,N,F,A,A,D,H,-,D,D,0,,,,,Y,,A,07,0,1,0,0,0,0,0,0,0,"- ","- ",37.372371673583984,-120.94148254394531,MERCED,UNINCORPORATED,-120.94197082519531,37.372268676757812
91609206,2021,2021-10-28,9460,2021-10-24,1742,018292,,7,2,9,2400,0,1,3,,1,140,SR-165,SR-140,0.00,,Y,B,G,Y,,,165,,,,,,,Y,4,0,2,2,A,-,12,22450,A,N,D,C,A,A,H,-,D,A,0,,,,,Y,,A,07,0,0,2,0,0,0,0,0,0,"- ","- ",37.313148498535156,-120.85125732421875,MERCED,UNINCORPORATED,-120.85124206542969,37.313152313232422
91610680,2021,2021-10-29,9460,2021-10-21,1830,020822,,4,2,9,2400,0,3,5,,2,020,"TURLOCK RD","OAKDALE RD",0.00,,Y,A,-,N,,,,,,,,,,Y,4,0,1,2,A,-,09,21802,A,N,D,C,A,A,H,-,B,A,0,,,,Y,Y,,G,25,0,0,1,0,0,0,0,0,0,"- ","- ",37.476951599121094,-120.64462280273438,MERCED,UNINCORPORATED,-120.64462280273438,37.476970672607422
91610722,2021,2021-10-29,9461,2021-10-26,1854,019052,,2,2,9,2400,0,1,3,,1,452,"SR-152 W/B","DELTA RD",894.00,W,N,A,-,Y,,,152,,,,,,W,Y,2,0,3,2,A,-,03,22350,,N,C,C,A,A,H,-,D,D,0,,,,,Y,,A,01,3,0,0,0,0,0,0,0,0,"- ","- ",37.055690765380859,-120.76516723632812,MERCED,UNINCORPORATED,-120.76516723632812,37.055667877197266
91610789,2021,2021-10-29,9460,2021-10-23,1400,020822,,6,2,9,2400,0,1,3,,2,001,"SR-99 N/B","SHANKS RD",100.00,N,N,A,-,Y,,,99,,,,,,N,Y,4,0,1,2,A,-,03,22350,,N,C,C,A,A,H,-,A,D,0,,,,,Y,,A,01,0,0,1,0,0,0,0,0,0,"- ","- ",37.437801361083984,-120.78392028808594,MERCED,UNINCORPORATED,-120.78396606445312,37.437744140625
91610833,2021,2021-10-29,9460,2021-10-25,0902,018922,,1,1,9,2400,0,1,3,,2,003,"SR-99 S/B","LE GRAND ROAD",4752.00,N,N,C,-,Y,,,99,,,,,,S,Y,4,0,1,2,A,-,03,22350,,N,B,C,A,B,H,-,A,D,0,,,,Y,Y,,A,01,0,0,1,0,0,0,0,0,0,"- ","- ",37.233280181884766,-120.38883972167969,MERCED,UNINCORPORATED,-120.38923645019531,37.232791900634766
91612531,2021,2021-11-01,9460,2021-10-27,0625,016476,,3,1,9,2400,0,1,3,,2,002,"SR-99 N/B","SULTANA DR",3168.00,S,N,A,-,Y,,,99,,,,,,N,Y,4,0,1,1,A,-,08,22107,,N,E,I,A,A,H,-,D,D,0,,,,,Y,,A,01,0,0,1,0,0,0,0,0,0,"- ","- ",37.369731903076172,-120.67208862304688,MERCED,UNINCORPORATED,-120.67223358154297,37.369266510009766
91614464,2021,2021-11-03,9460,2021-10-25,1135,020365,,1,1,9,2400,0,3,5,,2,090,"SOUTHERN PACIFIC AVE","FRANKLIN ROAD",1056.00,W,N,B,-,N,,,,,,,,,,Y,2,0,2,2,A,-,05,21460,A,N,A,C,A,B,H,-,A,D,0,,,,,Y,,-,"- ",1,1,0,0,0,0,0,0,0,"- ","- ",37.322139739990234,-120.5460205078125,MERCED,UNINCORPORATED,,
91614879,2021,2021-11-03,9460,2021-10-22,0925,015305,,5,1,9,2400,0,1,3,,2,003,"STATE ROUTE 99 NORTHBOUND","PLAINSBURG ROAD",900.00,N,N,C,-,Y,,,,,,,,,,Y,2,0,5,5,A,-,08,22107,,N,G,B,E,B,H,-,A,D,0,Y,,,,Y,,A,01,4,1,0,0,4,0,0,0,0,"- ","- ",37.191909790039062,-120.33567047119141,MERCED,UNINCORPORATED,-120.33173370361328,37.189418792724609
91615199,2021,2021-11-03,9460,2021-10-29,0710,015398,,5,1,9,2400,0,3,5,,2,010,"WILLIAMS AVE.","WASHINGTON RD.",833.00,E,N,E,-,N,,,,,,,,,,Y,4,0,1,2,A,-,08,22107,,N,A,C,A,A,H,-,B,D,0,,,,,Y,,A,01,0,0,1,0,0,0,0,0,0,"- ","- ",37.390098571777344,-120.90203094482422,MERCED,UNINCORPORATED,-120.90208435058594,37.390113830566406
91616606,2021,2021-11-04,9460,2021-10-29,0230,020967,,5,3,9,2400,0,2,4,,1,051,"SNELLING ROAD","LA PALOMA RD",26400.00,N,N,A,-,N,,,,,,,,,,N,3,0,2,1,A,-,08,22107,,N,E,I,A,A,H,-,D,D,0,,,,,Y,,A,01,0,2,0,0,0,0,0,0,0,"- ","- ",37.457168579101562,-120.43575286865234,MERCED,UNINCORPORATED,-120.43770599365234,37.462112426757812
91617241,2021,2021-12-16,9460,2021-10-29,1840,018603,,5,2,9,2400,0,1,3,,2,001,"SR-99 N/B","HAMMATT AVE",1500.00,N,N,A,-,Y,,,,,,,,,,Y,4,0,3,2,A,-,03,22350,,N,C,2,A,A,H,-,D,D,0,,,,,Y,,A,07,0,0,3,0,0,0,0,0,0,"- ","- ",37.389011383056641,-120.72640991210938,MERCED,UNINCORPORATED,-120.7161865234375,37.385948181152344
91617246,2021,2021-11-05,9460,2021-10-20,2220,020099,,3,3,9,2400,0,1,3,,2,001,"SR-99 N/B","SOUTH AVE",2112.00,S,N,A,-,Y,,,99,,,,,,N,Y,4,0,2,2,A,-,03,22350,,N,C,C,A,A,D,-,D,D,0,,,,,Y,,A,01,0,0,2,0,0,0,0,0,0,"- ","- ",37.403678894042969,-120.74662780761719,MERCED,UNINCORPORATED,-120.74638366699219,37.403888702392578
91617732,2021,2021-11-05,9460,2021-11-04,1740,018292,,4,2,9,2400,0,1,3,,2,001,"SR-99 S/B","BRADBURY RD.",3168.00,S,N,A,-,Y,,,99,,,,,,S,N,4,0,2,2,A,-,03,22350,,N,C,C,A,A,H,-,A,A,0,,,,,Y,,A,01,0,0,2,0,0,0,0,0,0,"- ","- ",37.442440032958984,-120.78891754150391,MERCED,UNINCORPORATED,-120.78900146484375,37.442363739013672
91619186,2021,2021-11-08,9460,2021-10-01,1550,020575,,5,2,9,2400,0,2,S,,2,904,"PALM AVENUE","SHAFFER ROAD",0.00,,Y,A,-,N,,,,,,,,,,Y,4,0,2,2,A,-,09,21802,A,N,D,C,A,A,H,-,A,A,0,,,,Y,Y,,F,26,0,0,2,0,0,0,0,0,0,"- ","- ",37.418418884277344,-120.59471130371094,MERCED,UNINCORPORATED,-120.59469604492188,37.418426513671875
91619967,2021,2021-11-15,9460,2021-10-23,0100,020099,,6,3,9,2400,0,3,5,,2,030,"SANTA FE DR.","OLIVE AVE (NORTH)",143.00,W,N,A,-,N,,,,,,,,,,Y,3,0,3,3,A,-,01,23152,A,N,C,C,A,A,H,-,D,A,0,,,,,Y,Y,A,01,0,3,0,0,0,0,0,0,0,"- ","- ",37.396991729736328,-120.63146209716797,MERCED,UNINCORPORATED,-120.63172912597656,37.397144317626953
91620331,2021,2021-11-09,9460,2021-11-05,1247,018922,,5,1,9,2400,0,1,3,,2,003,"SR-99 S/B","V STREET",1584.00,N,N,A,-,Y,,,,,,,,,,Y,2,0,1,2,C,-,18,,,N,E,J,A,A,D,-,A,D,0,,,Y,,Y,,-,"- ",1,0,0,0,0,0,0,0,1,"- ","- ",37.305370330810547,-120.50672912597656,MERCED,UNINCORPORATED,-120.50052642822266,37.303279876708984
91620623,2021,2021-11-09,9461,2021-11-09,0801,017183,,2,1,9,2400,0,1,1,,2,205,"I-5 S/B","CANYON ROAD",4224.00,S,N,B,-,Y,,,5,,,,,,S,Y,4,0,1,1,A,-,08,22107,,N,E,F,A,A,H,-,A,D,0,,,,,Y,,A,07,0,0,1,0,0,0,0,0,0,"- ","- ",36.98297119140625,-120.90049743652344,MERCED,UNINCORPORATED,-120.90045928955078,36.983009338378906
91620872,2021,2021-11-10,9461,2021-09-29,0615,014933,,3,1,9,2400,0,2,4,,1,410,"TURNER ISLAND ROAD","SALT SLOUGH BRIDGE",0.00,,Y,A,-,N,,,,,,,,,,Y,1,1,0,2,A,-,16,24002,A,N,A,C,A,A,H,-,D,D,0,,,,,Y,,M,46,0,0,0,0,0,0,0,0,0,"- ","- ",37.140918731689453,-120.70709228515625,MERCED,UNINCORPORATED,,
91621463,2021,2021-11-10,9460,2021-11-02,2124,019005,,2,2,9,2400,0,1,3,,2,001,"SR-99 N/B","SOUTH AVENUE",1056.00,N,N,A,-,Y,,,99,,,,,,N,Y,4,0,1,2,A,-,03,22350,,F,C,C,A,A,D,-,D,D,0,,,,,Y,,-,99,0,0,1,0,0,0,0,0,0,"- ","- ",37.330448150634766,-120.56484985351562,MERCED,UNINCORPORATED,-120.56507110595703,37.329845428466797
91625719,2021,2021-11-16,9460,2021-11-05,1616,021320,,5,2,9,2400,0,2,4,,1,042,"SANTA FE DR","BEACHWOOD DR",80.00,W,N,A,-,N,,,,,,,,,,N,4,0,2,2,A,-,03,22350,,N,C,C,A,A,H,-,A,A,0,,,,,Y,,A,01,0,0,2,0,0,0,0,0,0,"- ","- ",37.332401275634766,-120.52797698974609,MERCED,UNINCORPORATED,-120.52784729003906,37.332416534423828
91627229,2021,2021-11-17,9460,2021-10-31,1845,021407,,7,2,9,2400,0,1,3,,1,165,"ECHO STREET",SR-165,0.00,,Y,A,-,Y,,,,,,,,,,N,4,0,1,2,C,-,18,,,N,G,B,B,A,H,-,D,D,0,Y,,,,Y,,-,"- ",0,0,1,0,1,0,0,0,0,"- ","- ",37.400398254394531,-120.85030364990234,MERCED,UNINCORPORATED,-120.85019683837891,37.400203704833984
91627431,2021,2021-11-17,9460,2021-05-13,2230,021530,,4,3,9,2400,0,2,4,,1,042,"SANTA FE DRIVE","CHESTNUT LANE",3.00,E,N,A,-,N,,,,,,,,,,Y,1,1,0,2,A,-,17,21200,,N,C,G,A,A,H,-,C,D,0,,Y,,,Y,,L,04,0,0,0,0,0,1,0,0,0,"- ","- ",37.3802490234375,-120.60452270507812,MERCED,UNINCORPORATED,-120.60455322265625,37.380195617675781
91628360,2021,2021-11-18,9460,2021-11-06,2155,020967,,6,2,9,2400,0,1,3,,1,165,SR-165,"WESTSIDE BOULEVARD",1056.00,S,N,A,-,Y,,,165,,,,,,,Y,3,0,1,1,A,-,01,23152,A,N,F,A,A,A,H,-,D,D,0,,,,,Y,Y,D,22,0,1,0,0,0,0,0,0,0,"- ","- ",37.357421875,-120.85048675537109,MERCED,UNINCORPORATED,-120.85032653808594,37.357421875
91628725,2021,2021-11-18,9461,2021-11-11,1605,021312,,4,2,9,2400,0,1,3,,1,152,"SR-152 E/B","DINOSAUR POINT ROAD",19747.00,E,N,A,-,Y,,,152,,,,,,E,Y,3,0,3,3,A,-,03,22350,,N,C,C,A,A,H,-,A,D,0,,,,,Y,,D,22,0,2,1,0,0,0,0,0,0,"- ","- ",37.089809417724609,-121.15824890136719,MERCED,UNINCORPORATED,-121.15822601318359,37.089790344238281
91628742,2021,2021-11-18,9461,2021-11-15,2124,021280,,1,2,9,2400,0,2,4,,1,115,"HENRY MILLER AVE.","CHEROKEE RD.",5280.00,E,N,E,-,N,,,,,,,,,,Y,4,0,1,1,A,-,08,22107,,N,E,I,A,A,H,-,D,D,0,,,,,Y,,A,01,0,0,1,0,0,0,0,0,0,"- ","- ",37.100379943847656,-120.95709228515625,MERCED,UNINCORPORATED,-120.96045684814453,37.100318908691406
91631688,2021,2021-11-22,9460,2021-11-13,1810,020365,,6,2,9,2400,0,3,5,,2,030,"AVENUE 1","GURR RD",116.00,S,N,B,-,N,,,,,,,,,,Y,3,0,1,1,A,-,12,22450,A,N,E,I,A,A,H,-,D,A,0,,,,,Y,,A,01,0,1,0,0,0,0,0,0,0,"- ","- ",37.342170715332031,-120.55876922607422,MERCED,UNINCORPORATED,-120.55873870849609,37.342411041259766
91631961,2021,2021-11-22,9460,2021-11-15,1702,021407,,1,2,9,2400,0,1,3,,2,001,"SR-99 S/B","SOUTH AVE",3168.00,S,N,A,-,Y,,,99,,,,,,S,Y,3,0,1,1,A,-,08,22107,,N,F,A,A,A,H,-,B,D,0,,,,,Y,,A,07,0,1,0,0,0,0,0,0,0,"- ","- ",37.4208984375,-120.76480102539062,MERCED,UNINCORPORATED,-120.76471710205078,37.420997619628906
91632534,2021,2021-11-22,9461,2021-11-20,2125,021378,,6,2,9,2400,0,1,1,,2,205,"I-5 N/B","CANYON RD",5280.00,N,N,A,-,Y,,,5,,,,,,N,Y,3,0,1,1,A,-,08,22107,,N,E,I,A,A,H,-,D,D,0,,,,,Y,,A,01,0,1,0,0,0,0,0,0,0,"- ","- ",37.000949859619141,-120.91561889648438,MERCED,UNINCORPORATED,-120.91567993164062,37.000892639160156
91633195,2021,2021-11-23,9461,2021-11-20,1142,021387,,6,1,9,2400,0,1,1,,2,206,"INTERSTATE 5 S/B",SR-165,14256.00,S,N,A,-,Y,,,5,,,,,,S,Y,4,0,2,3,A,-,03,22350,,N,C,C,A,A,H,-,A,D,0,,,,,Y,,A,01,0,0,2,0,0,0,0,0,0,"- ","- ",36.899608612060547,-120.80995178222656,MERCED,UNINCORPORATED,-120.81002807617188,36.899539947509766
91635690,2021,2021-11-26,9460,2021-11-13,1207,019806,,6,1,9,2400,0,3,5,,2,020,"AUGUST AVE","HILLSIDE AVE",0.00,,Y,E,-,N,,,,,,,,,,Y,3,0,2,3,A,-,09,21801,A,N,D,C,A,A,H,-,A,D,0,,,,,Y,,A,01,0,2,0,0,0,0,0,0,0,"- ","- ",37.419479370117188,-120.76947021484375,MERCED,UNINCORPORATED,-120.76941680908203,37.419452667236328