CASE_ID,ACCIDENT_YEAR,PROC_DATE,JURIS,COLLISION_DATE,COLLISION_TIME,OFFICER_ID,REPORTING_DISTRICT,DAY_OF_WEEK,CHP_SHIFT,POPULATION,CNTY_CITY_LOC,SPECIAL_COND,BEAT_TYPE,CHP_BEAT_TYPE,CITY_DIVISION_LAPD,CHP_BEAT_CLASS,BEAT_NUMBER,PRIMARY_RD,SECONDARY_RD,DISTANCE,DIRECTION,INTERSECTION,WEATHER_1,WEATHER_2,STATE_HWY_IND,CALTRANS_COUNTY,CALTRANS_DISTRICT,STATE_ROUTE,ROUTE_SUFFIX,POSTMILE_PREFIX,POSTMILE,LOCATION_TYPE,RAMP_INTERSECTION,SIDE_OF_HWY,TOW_AWAY,COLLISION_SEVERITY,NUMBER_KILLED,NUMBER_INJURED,PARTY_COUNT,PRIMARY_COLL_FACTOR,PCF_CODE_OF_VIOL,PCF_VIOL_CATEGORY,PCF_VIOLATION,PCF_VIOL_SUBSECTION,HIT_AND_RUN,TYPE_OF_COLLISION,MVIW,PED_ACTION,ROAD_SURFACE,ROAD_COND_1,ROAD_COND_2,LIGHTING,CONTROL_DEVICE,CHP_ROAD_TYPE,PEDESTRIAN_ACCIDENT,BICYCLE_ACCIDENT,MOTORCYCLE_ACCIDENT,TRUCK_ACCIDENT,NOT_PRIVATE_PROPERTY,ALCOHOL_INVOLVED,STWD_VEHTYPE_AT_FAULT,CHP_VEHTYPE_AT_FAULT,COUNT_SEVERE_INJ,COUNT_VISIBLE_INJ,COUNT_COMPLAINT_PAIN,COUNT_PED_KILLED,COUNT_PED_INJURED,COUNT_BICYCLIST_KILLED,COUNT_BICYCLIST_INJURED,COUNT_MC_KILLED,COUNT_MC_INJURED,PRIMARY_RAMP,SECONDARY_RAMP,LATITUDE,LONGITUDE,COUNTY,CITY,POINT_X,POINT_Y
91636455,2021,2021-11-29,9460,2021-11-17,1850,020365,,3,2,9,2400,0,3,5,,2,090,"SP AVENUE","GURR ROAD",0.00,,Y,A,-,N,,,,,,,,,,Y,3,0,1,2,A,-,09,21801,A,N,A,C,A,A,H,-,D,D,0,,,,,Y,,A,01,0,1,0,0,0,0,0,0,0,"- ","- ",37.326858520507812,-120.55886077880859,MERCED,UNINCORPORATED,-120.55889892578125,37.326877593994141
91640033,2021,2021-12-01,9460,2021-11-24,1855,021468,,3,2,9,2400,0,1,3,,2,001,"SR-99 N/B","WINTON PKY",3168.00,N,N,A,-,Y,,,99,,,,,,N,Y,3,0,2,2,A,-,03,22350,,N,C,C,A,A,D,-,D,D,0,,,,,Y,,A,01,0,1,1,0,0,0,0,0,0,"- ","- ",37.397731781005859,-120.74137115478516,MERCED,UNINCORPORATED,-120.74132537841797,37.397762298583984
91645067,2021,2021-12-07,9461,2021-11-28,0925,018586,,7,1,9,2400,0,1,1,,2,105,I-5,"SR-152 W/B",1056.00,N,N,A,-,Y,,,5,,,,,,,Y,4,0,3,3,A,-,03,22350,,N,C,C,A,A,H,-,A,D,0,,,,,Y,,A,01,0,0,3,0,0,0,0,0,0,"- ","- ",37.059478759765625,-120.97271728515625,MERCED,UNINCORPORATED,-120.97269439697266,37.059501647949219
91645715,2021,2021-12-07,9460,2021-10-12,0138,021511,,2,3,9,2400,0,1,3,,2,003,"SR-99 N/B","PLAINSBURG ROAD",1865.00,N,N,A,-,Y,,,99,,,,,,N,Y,3,0,3,2,A,-,01,23152,A,N,C,C,A,A,H,-,D,D,0,,,,,Y,Y,A,01,0,2,1,0,0,0,0,0,0,"- ","- ",37.202129364013672,-120.34973907470703,MERCED,UNINCORPORATED,-120.35015869140625,37.201736450195312
91646306,2021,2021-12-08,9461,2021-12-03,0745,017329,,5,1,9,2400,0,1,3,,1,503,"SR-33 S/B","EUCALYPTUS RD",300.00,N,N,B,E,Y,,,33,,,,,,S,Y,3,0,3,3,A,-,03,22350,,N,C,C,A,B,H,-,A,D,0,,,,,Y,,A,01,0,1,2,0,0,0,0,0,0,"- ","- ",37.011909484863281,-120.6356201171875,MERCED,UNINCORPORATED,-120.6356201171875,37.011909484863281
91646373,2021,2021-12-08,9461,2021-12-07,0140,021126,,2,3,9,2400,0,1,3,,1,152,"SR-152 E/B","DINOSAUR POINT ROAD",5280.00,E,N,B,C,Y,,,152,,,,,,E,Y,3,0,1,1,A,-,08,22107,,N,F,J,A,B,H,-,D,D,0,,,,,Y,,A,01,0,1,0,0,0,0,0,0,0,"- ","- ",37.076339721679688,-121.20758819580078,MERCED,UNINCORPORATED,-121.20767211914062,37.07647705078125
91646695,2021,2021-12-08,9460,2021-11-24,2054,018778,,3,2,9,2400,0,1,3,,1,142,SR-140,"MASSASSO ST",382.00,W,N,A,-,Y,,,140,,,,,,,Y,4,0,1,2,A,-,03,22350,,N,C,C,A,A,H,-,D,D,0,,,,,Y,,A,01,0,0,1,0,0,0,0,0,0,"- ","- ",37.302719116210938,-120.51521301269531,MERCED,UNINCORPORATED,-120.51521301269531,37.302734375
91646748,2021,2021-12-08,9460,2021-12-01,0940,015305,,3,1,9,2400,0,1,3,,2,002,"STATE ROUTE 99 (SOUTHBOUND)","N. BUHACH ROAD",3168.00,N,N,A,-,Y,,,99,,,,,,,Y,3,0,3,4,A,-,03,22350,,N,C,C,A,A,D,-,A,D,0,,,,,Y,,A,07,0,3,0,0,0,0,0,0,0,"- ","- ",37.337749481201172,-120.58564758300781,MERCED,UNINCORPORATED,-120.58563995361328,37.337764739990234
91646774,2021,2021-12-08,9460,2021-11-24,2030,021468,,3,2,9,2400,0,3,5,,2,040,"BEACHWOOD DR","OAKLAND AVE",380.00,S,N,A,-,N,,,,,,,,,,Y,3,0,1,2,A,-,08,22107,,N,C,E,A,A,H,-,C,D,0,,,,,Y,,A,01,0,1,0,0,0,0,0,0,0,"- ","- ",37.319789886474609,-120.52821350097656,MERCED,UNINCORPORATED,-120.52813720703125,37.319847106933594
91646892,2021,2021-12-08,9460,2021-11-29,1201,016476,,1,1,9,2400,0,1,3,,1,143,SR-140,"PARSONS AVENUE",5.00,E,N,A,-,Y,,,140,,,,,,,N,4,0,1,2,A,-,08,22107,,N,A,C,A,A,H,-,A,A,0,,,,,Y,,A,01,0,0,1,0,0,0,0,0,0,"- ","- ",37.294868469238281,-120.45091247558594,MERCED,UNINCORPORATED,-120.45090484619141,37.295166015625
91647342,2021,2021-12-09,9460,2021-11-26,1013,019838,,5,1,9,2400,0,2,4,,1,031,"WINTON WAY","GERTRUDE AVENUE",20.00,N,N,A,-,N,,,,,,,,,,Y,4,0,1,2,A,-,03,22350,,N,C,C,A,A,H,-,A,A,0,,,,,Y,,A,01,0,0,1,0,0,0,0,0,0,"- ","- ",37.375118255615234,-120.61370086669922,MERCED,UNINCORPORATED,-120.61367797851562,37.375026702880859
91647442,2021,2021-12-09,9461,2021-11-30,1600,021056,,2,2,9,2400,0,3,5,,2,010,"S. HUNT RD N/B","COTTONWOOD RD",3168.00,N,N,A,-,N,,,,,,,,,,N,4,0,1,1,A,-,08,22107,,N,F,A,A,A,H,-,A,D,0,,,,,Y,,A,01,0,0,1,0,0,0,0,0,0,"- ","- ",37.196849822998047,-120.99433898925781,MERCED,UNINCORPORATED,-120.99427795410156,37.196361541748047
91648025,2021,2021-12-09,9461,2021-12-01,1418,017029,,3,2,9,2400,0,1,3,,1,503,"SR-33 N/B","BARCELLOS RD.",528.00,N,N,A,-,Y,,,33,,,,,,N,Y,3,0,2,3,A,-,03,22350,,N,B,C,A,A,H,-,A,D,0,,,,,Y,,D,22,0,1,1,0,0,0,0,0,0,"- ","- ",37.033740997314453,-120.63555908203125,MERCED,UNINCORPORATED,-120.63557434082031,37.033740997314453
91648095,2021,2021-12-09,9460,2021-11-28,1453,021320,,7,2,9,2400,0,1,3,,2,003,"SR-99 N/B","V STREET",528.00,S,N,A,-,Y,,,,,,,,,,Y,4,0,1,2,A,-,03,22350,,N,C,C,A,A,H,-,A,D,0,,,,,Y,,A,08,0,0,1,0,0,0,0,0,0,"- ","- ",37.302600860595703,-120.49883270263672,MERCED,UNINCORPORATED,-120.50048828125,37.303352355957031
91648189,2021,2021-12-09,9460,2021-11-26,1808,021468,,5,2,9,2400,0,1,3,,2,002,"SR-99 N/B","E. ATWATER BOULEVARD",350.00,N,N,A,-,Y,,,99,,,,,,N,Y,4,0,1,2,D,-,00,,,N,B,C,A,A,D,-,D,D,0,,,,,Y,,-,"- ",0,0,1,0,0,0,0,0,0,"- ","- ",37.340171813964844,-120.59658813476562,MERCED,UNINCORPORATED,-120.59658813476562,37.340171813964844
91649213,2021,2021-12-10,9460,2021-11-22,0634,019838,,1,1,9,2400,0,1,3,,2,002,"SR-99 NORTHBOUND","HAMMATT AVENUE",1200.00,S,N,E,-,Y,,,99,,,,,,N,Y,3,0,1,3,A,-,03,22350,,N,C,C,A,A,D,-,B,D,0,,,Y,,Y,,A,01,0,1,0,0,0,0,0,0,1,"- ","- ",37.382621765136719,-120.70839691162109,MERCED,UNINCORPORATED,-120.70838928222656,37.382644653320312
91650436,2021,2021-12-13,9460,2021-10-28,0640,015305,,4,1,9,2400,0,3,5,,2,080,"DICKENSON FERRY ROAD","EL CAPITAN SCHOOL ROAD",319.00,W,N,A,-,N,,,,,,,,,,Y,1,1,0,2,C,-,18,,,N,C,G,A,A,H,-,D,D,0,,Y,,Y,Y,,-,"- ",0,0,0,0,0,1,0,0,0,"- ","- ",37.273178100585938,-120.54311370849609,MERCED,UNINCORPORATED,-120.54326629638672,37.273181915283203
91651434,2021,2021-12-14,9461,2021-12-04,0450,021854,,6,3,9,2400,0,3,5,,2,010,"FAHEY RD.","CHEROKEE RD.",1584.00,W,N,B,E,N,,,,,,,,,,Y,4,0,1,1,A,-,01,23152,A,N,F,A,A,A,H,-,D,D,0,,,,,Y,Y,D,22,0,0,1,0,0,0,0,0,0,"- ","- ",37.122428894042969,-120.98339080810547,MERCED,UNINCORPORATED,-120.98343658447266,37.122402191162109
91651491,2021,2021-12-14,9460,2021-09-22,0805,019286,,3,1,9,2400,0,1,3,,2,002,"SR-99 N/B","WEST ATWATER BOULEVARD",1056.00,N,N,A,-,Y,,,99,,,,,,N,N,2,0,1,2,A,-,07,21658,A,N,C,2,A,A,D,-,A,D,0,,,,Y,Y,,G,25,1,0,0,0,0,0,0,0,0,"- ","- ",37.354019165039062,-120.62764739990234,MERCED,UNINCORPORATED,-120.62766265869141,37.353988647460938
91652716,2021,2021-12-15,9461,2021-12-10,1725,021378,,5,2,9,2400,0,1,3,,1,103,"SR-33 N/B","COTTONWOOD RD",2112.00,S,N,A,-,N,,,33,,,,,,N,Y,4,0,2,2,A,-,03,22350,,N,C,C,A,A,H,-,C,D,0,,,,,Y,,A,07,0,0,2,0,0,0,0,0,0,"- ","- ",37.181468963623047,-121.01290893554688,MERCED,UNINCORPORATED,-121.01290893554688,37.181468963623047
91653157,2021,2021-12-15,9461,2021-12-03,0720,014933,,5,1,9,2400,1,2,4,,1,325,SR-33,"EUCALYPTUS AVE.",0.00,,Y,E,-,Y,,,33,,,,,,,Y,3,0,3,2,A,-,09,21802,A,N,D,C,A,B,H,-,B,A,0,,,,,Y,,H,13,0,3,0,0,0,0,0,0,0,"- ","- ",37.010829925537109,-120.63559722900391,MERCED,UNINCORPORATED,-120.6356201171875,37.010829925537109
91653383,2021,2021-12-15,9460,2021-12-08,1606,021320,,3,2,9,2400,0,1,3,,2,001,"SR-99 S/B","GOLDEN STATE BLVD",528.00,N,N,A,-,Y,,,99,,,,,,S,N,4,0,1,2,A,-,07,21658,A,N,B,C,A,A,H,-,A,D,0,,,,,Y,,A,01,0,0,1,0,0,0,0,0,0,"- ","- ",37.457561492919922,-120.80787658691406,MERCED,UNINCORPORATED,-120.80786895751953,37.457592010498047
91653749,2021,2021-12-16,9460,2021-12-04,2355,020156,,6,3,3,2401,0,1,3,,2,002,"SR-99 S/B","APPLEGATE RD",2640.00,S,N,E,-,Y,,,99,,,,,,S,Y,3,0,8,4,A,-,03,22350,,N,C,C,A,B,H,-,D,D,0,,,,Y,Y,,G,25,0,3,5,0,0,0,0,0,0,"- ","- ",37.341438293457031,-120.60498809814453,MERCED,ATWATER,-120.60498046875,37.341468811035156
91653983,2021,2021-12-16,9460,2021-12-04,0300,020099,,6,3,9,2400,0,1,3,,2,002,"SR-99 S/B","FRANKLIN RD.",4224.00,S,N,E,-,Y,,,99,,,,,,S,Y,3,0,1,1,A,-,01,23152,A,N,F,A,A,B,H,-,C,D,0,,,,,Y,Y,A,01,0,1,0,0,0,0,0,0,0,"- ","- ",37.319770812988281,-120.53807830810547,MERCED,UNINCORPORATED,-120.5380859375,37.319744110107422
91654462,2021,2021-12-16,9460,2021-12-10,1637,021320,,5,2,9,2400,0,3,5,,2,040,"ALYSSA DR.","PERIDOT AVE",15.00,S,N,A,-,N,,,,,,,,,,N,4,0,2,2,A,-,05,21650,,N,A,C,A,A,H,-,A,D,0,,,,,Y,,A,07,0,0,2,0,0,0,0,0,0,"- ","- ",37.394969940185547,-120.60679626464844,MERCED,UNINCORPORATED,-120.60691070556641,37.394939422607422
91654967,2021,2021-12-17,9460,2021-12-08,1600,017343,,3,2,9,2400,0,1,3,,2,003,"SR-99 N/B FROM SR-140",SR-140,15.00,N,N,A,-,Y,,,,,,,,,,N,2,0,1,2,A,-,11,21954,A,N,G,B,D,A,H,-,A,D,0,Y,,,,Y,,N,60,1,0,0,0,1,0,0,0,0,"- ","- ",37.298320770263672,-120.46748352050781,MERCED,UNINCORPORATED,-120.47202301025391,37.295818328857422
91655060,2021,2021-12-17,9461,2021-12-14,0445,021280,,2,3,9,2400,0,1,3,,1,152,"SR-152 W/B","ROMERO VISITOR CENTER ENTRANCE",7920.00,W,N,C,-,Y,,,152,,,,,,W,Y,3,0,1,1,A,-,08,22107,,N,E,I,A,B,H,-,D,B,0,,,,,Y,,A,01,0,1,0,0,0,0,0,0,0,"- ","- ",37.102691650390625,-121.1246337890625,MERCED,UNINCORPORATED,-121.12465667724609,37.102642059326172
91656867,2021,2021-12-20,9461,2021-12-16,1505,021378,,4,2,9,2400,0,3,5,,2,020,"PIONEER RD","GUS VILLALTA DR",5.00,W,N,B,-,N,,,,,,,,,,Y,4,0,1,2,A,-,03,22350,,N,C,C,A,B,H,-,A,A,0,,,,,Y,,D,22,0,0,1,0,0,0,0,0,0,"- ","- ",37.042339324951172,-120.84767913818359,MERCED,UNINCORPORATED,,
91656945,2021,2021-12-20,9461,2021-12-19,1133,019005,,7,1,9,2400,0,2,S,,2,904,"RIPERDAN AVENUE","FIREBAUGH BOULEVARD",0.00,,Y,B,E,N,,,,,,,,,,Y,4,0,2,2,A,-,09,21802,A,N,D,C,A,A,H,-,A,A,0,,,,,Y,,A,01,0,0,2,0,0,0,0,0,0,"- ","- ",36.859199523925781,-120.34095764160156,MERCED,UNINCORPORATED,,
91657384,2021,2021-12-21,9460,2021-12-12,0050,021854,,7,3,9,2400,0,3,5,,2,030,"2638 BEACHWOOD DR.","PINEDALE AVE.",130.00,N,N,B,-,N,,,,,,,,,,Y,3,0,1,2,A,-,01,23152,A,N,C,E,A,A,H,-,C,D,0,,,,,Y,Y,A,01,0,1,0,0,0,0,0,0,0,"- ","- ",37.326389312744141,-120.52803802490234,MERCED,UNINCORPORATED,-120.52804565429688,37.326347351074219
91657724,2021,2021-12-21,9460,2021-12-15,0653,015305,,3,1,9,2400,0,3,5,,2,080,"GURR ROAD","SHIPPEE ROAD",2640.00,S,N,B,-,N,,,,,,,,,,Y,3,0,2,1,A,-,08,22107,,N,F,A,A,A,H,-,B,D,0,,,,,Y,,A,07,0,2,0,0,0,0,0,0,0,"- ","- ",37.221469879150391,-120.56060028076172,MERCED,UNINCORPORATED,-120.56064605712891,37.22235107421875
91659868,2021,2021-12-23,9460,2021-07-12,1957,018673,,1,2,9,2400,0,2,4,,1,052,"BELLEVUE ROAD","UTAH STREET",240.00,W,N,A,-,N,,,,,,,,,,N,1,1,0,2,A,-,03,22350,,F,C,G,A,A,H,-,A,D,0,,Y,,,Y,,A,01,0,0,0,0,0,1,0,0,0,"- ","- ",37.361011505126953,-120.49915313720703,MERCED,UNINCORPORATED,-120.49958801269531,37.360988616943359
91663187,2021,2021-12-28,9461,2021-12-23,1205,020486,,4,1,9,2400,0,1,1,,2,105,"INTERSTATE 5","COTTONWOOD ROAD",2640.00,S,N,C,-,Y,,,5,,,,,,,Y,4,0,1,3,A,-,03,22350,,N,C,C,A,B,H,-,A,D,0,,,,,Y,,A,01,0,0,1,0,0,0,0,0,0,"- ","- ",37.181629180908203,-121.06617736816406,MERCED,UNINCORPORATED,-121.06620025634766,37.181617736816406
91663222,2021,2021-12-28,9460,2021-12-16,2037,021407,,4,2,9,2400,0,1,3,,2,002,"SR-99 S/B","WEST ATWATER BLVD",452.00,N,N,A,-,Y,,,99,,,,,,S,Y,4,0,1,1,A,-,08,22107,,N,B,I,A,A,H,-,C,D,0,,,,,Y,,A,07,0,0,1,0,0,0,0,0,0,"- ","- ",37.355098724365234,-120.63330078125,MERCED,UNINCORPORATED,-120.63336181640625,37.354869842529297
91663348,2021,2021-12-28,9461,2021-12-24,0910,020486,,5,1,9,2400,0,1,3,,1,452,"STATE HIGHWAY 152","BRITTO ROAD",300.00,E,N,A,-,Y,,,152,,,,,,,Y,3,0,1,2,A,-,07,21658,A,N,B,C,A,B,H,-,A,D,0,,,,,Y,,A,01,0,1,0,0,0,0,0,0,0,"- ","- ",37.054641723632812,-120.70748138427734,MERCED,UNINCORPORATED,-120.70748138427734,37.054664611816406
91663396,2021,2021-12-28,9461,2021-12-25,1330,020351,,6,1,9,2400,0,1,3,,1,152,"SR-152 E/B","DINOSAUR POINT RD",5280.00,E,N,C,-,Y,,,152,,,,,,E,Y,3,0,1,1,A,-,08,22107,,N,E,I,A,B,H,-,A,D,0,,,,,Y,,D,22,0,1,0,0,0,0,0,0,0,"- ","- ",37.076259613037109,-121.20791625976562,MERCED,UNINCORPORATED,-121.20794677734375,37.076301574707031
91663401,2021,2021-12-28,9461,2021-12-23,0920,020351,,4,1,9,2400,0,1,3,,1,153,"SR-152 E/B","HIGHLINE CANAL",650.00,W,N,C,-,Y,,,152,,,,,,E,Y,3,0,1,1,A,-,08,22107,,N,E,I,A,B,H,-,A,D,0,,,,,Y,,A,01,0,1,0,0,0,0,0,0,0,"- ","- ",37.05670166015625,-120.94477081298828,MERCED,UNINCORPORATED,-120.94477081298828,37.056629180908203
91665481,2021,2021-12-29,9461,2021-12-26,1445,021378,,7,2,9,2400,0,1,1,,2,206,"I-5 S/B","LAGUNA SECA CREEK",5280.00,N,N,B,-,Y,,,5,,,,,,S,N,4,0,2,2,A,-,03,22350,,N,C,C,A,A,H,-,A,D,0,,,,,Y,,A,01,0,0,2,0,0,0,0,0,0,"- ","- ",36.902080535888672,-120.81221771240234,MERCED,UNINCORPORATED,-120.81224822998047,36.902057647705078
91667654,2021,2021-12-31,9460,2021-12-17,1700,018778,,5,2,9,2400,0,3,5,,2,060,"CHILDS AVE","PLAINSBURG RD",0.00,,Y,B,-,N,,,,,,,,,,Y,2,0,3,2,A,-,01,23152,A,F,C,C,A,A,H,-,D,A,0,,,,,Y,Y,A,01,1,1,1,0,0,0,0,0,0,"- ","- ",37.287929534912109,-120.32496643066406,MERCED,UNINCORPORATED,-120.32486724853516,37.287937164306641
91669821,2021,2022-01-04,9460,2021-12-24,2100,019838,,5,2,9,2400,0,1,3,,2,002,"SR-99 SOUTHBOUND","ATWATER BLVD.",5280.00,N,N,B,-,Y,,,99,,,,,,S,Y,2,0,2,1,A,-,08,22107,,N,F,A,A,B,D,-,C,D,0,,,,,Y,,A,07,1,0,1,0,0,0,0,0,0,"- ","- ",37.355091094970703,-120.63410949707031,MERCED,UNINCORPORATED,-120.63411712646484,37.355068206787109
91670120,2021,2022-01-04,9461,2021-12-31,1214,020351,,5,1,9,2400,0,1,1,,2,105,"I-5 SB TO SR-33","I-5 S/B",88.00,W,N,A,-,Y,,,5,,,,R,,S,Y,2,0,1,1,A,-,08,22107,,N,F,A,A,A,H,-,A,D,0,,,,,Y,,D,22,1,0,0,0,0,0,0,0,0,"- ","- ",37.106979370117188,-121.01699066162109,MERCED,UNINCORPORATED,-121.01699066162109,37.106979370117188
91670426,2021,2022-01-04,9460,2021-12-31,1805,018778,,5,2,9,2400,0,1,3,,1,591,SR-59,"AVE 23 1/2",170.00,N,N,B,-,Y,,,59,,,,,,,Y,4,0,1,2,A,-,03,22350,,N,C,C,A,A,H,-,D,D,0,,,,,Y,,A,08,0,0,1,0,0,0,0,0,0,"- ","- ",37.091388702392578,-120.49236297607422,MERCED,UNINCORPORATED,-120.49237823486328,37.091388702392578
91670994,2021,2022-01-05,9460,2021-12-27,1358,018778,,1,1,9,2400,0,1,3,,2,003,"SR-99 N/B","LE GRAND RD",296.00,S,N,B,-,Y,,,,,,,,,,Y,2,0,1,2,A,-,07,21658,A,N,B,C,A,A,H,-,A,D,0,,,,Y,Y,,A,01,1,0,0,0,0,0,0,0,0,"- ","- ",37.224990844726562,-120.37394714355469,MERCED,UNINCORPORATED,-120.37683868408203,37.227020263671875
91671533,2021,2022-01-05,9460,2021-12-25,1920,021511,,6,2,9,2400,0,1,3,,2,003,"SR-99 N/B","LE GRAND ROAD",120.00,S,N,C,-,Y,,,,,,,,,,Y,4,0,6,2,A,-,07,21658,A,N,B,C,A,B,H,-,D,D,0,,,,,Y,,D,22,0,0,6,0,0,0,0,0,0,"- ","- ",37.225349426269531,-120.37438201904297,MERCED,UNINCORPORATED,-120.37734222412109,37.227294921875
91672829,2021,2022-01-06,9460,2021-12-27,1908,021468,,1,2,9,2400,0,1,3,,2,002,"SR-99 N/B","HAMMATT AVE",2640.00,S,N,B,-,Y,,,99,,,,,,N,Y,3,0,1,1,A,-,08,22107,,N,E,I,A,B,H,-,D,D,0,,,,,Y,,A,07,0,1,0,0,0,0,0,0,0,"- ","- ",37.382408142089844,-120.70777130126953,MERCED,UNINCORPORATED,-120.70779418945312,37.382362365722656
91676679,2021,2022-01-12,9460,2021-12-30,1735,019838,,4,2,9,2400,0,1,3,,2,002,"SR-99 NORTHBOUND","HAMMATT AVENUE",2112.00,S,N,A,-,Y,,,99,,,,,,N,Y,3,0,3,3,A,-,03,22350,,N,C,C,A,A,D,-,A,D,0,,,,,Y,,A,01,0,2,1,0,0,0,0,0,0,"- ","- ",37.38201904296875,-120.70703125,MERCED,UNINCORPORATED,-120.70702362060547,37.382030487060547
91677821,2021,2022-01-13,9461,2021-11-25,1900,021056,,4,2,9,2400,0,1,1,,2,105,"I-5 NORTHBOUND","COTTONWOOD ROAD",2112.00,S,N,A,-,Y,,,5,,,,,,N,Y,1,1,0,2,A,-,08,22107,,N,B,C,A,A,H,-,D,D,0,,,,,Y,Y,A,01,0,0,0,0,0,0,0,0,0,"- ","- ",37.177150726318359,-121.06282043457031,MERCED,UNINCORPORATED,-121.06285858154297,37.177127838134766
91679253,2021,2022-01-17,9460,2021-11-29,1620,020365,,1,2,9,2400,0,3,5,,2,070,"SANTA FE AVE","GERARD AVE",355.00,W,N,A,-,N,,,,,,,,,,Y,3,0,1,2,A,-,08,22107,,F,B,C,A,A,H,-,A,D,0,,,,,Y,,A,01,0,1,0,0,0,0,0,0,0,"- ","- ",37.281349182128906,-120.31169128417969,MERCED,UNINCORPORATED,-120.31150817871094,37.281196594238281
91679316,2021,2022-01-17,9460,2021-10-25,0110,020840,,1,3,3,2401,0,1,3,,2,002,"SR-99 N/B FROM WEST ATWATER BLVD","WEST ATWATER BOULEVARD",1000.00,N,N,C,-,Y,,,99,,,,R,,N,N,1,1,0,2,A,-,11,21954,A,F,G,B,D,B,H,-,C,D,0,Y,,,,Y,Y,N,60,0,0,0,1,0,0,0,0,0,"- ","- ",37.353729248046875,-120.62628173828125,MERCED,ATWATER,-120.62628173828125,37.353729248046875
91681539,2021,2022-01-20,9460,2021-12-30,0355,021530,,4,3,9,2400,0,1,3,,2,002,"SR-99 S/B","BUHACH RD",300.00,N,N,B,-,N,,,99,,,,,,S,Y,2,0,1,1,A,-,01,23152,A,N,E,I,A,A,A,D,D,D,0,,,,,Y,Y,D,22,1,0,0,0,0,0,0,0,0,"- ","- ",37.334041595458984,-120.57724761962891,MERCED,UNINCORPORATED,-120.57723236083984,37.334091186523438
91681989,2021,2022-01-20,9460,2021-10-16,2028,019806,,6,2,9,2400,0,1,3,,1,591,SR-59,"FREITAS AVE",138.00,N,N,A,-,Y,,,59,,,,,,,Y,1,1,1,2,A,-,05,21460,A,N,A,C,A,A,H,-,D,D,0,,,,,Y,,A,01,0,1,0,0,0,0,0,0,0,"- ","- ",37.179821014404297,-120.49163055419922,MERCED,UNINCORPORATED,-120.49164581298828,37.179824829101562
91683493,2021,2022-01-24,9460,2021-10-10,0121,021150,,7,3,9,2400,0,1,3,,2,001,"SR-99 S/B","SHANKS RD",1056.00,N,N,A,-,Y,,,99,,,,,,S,Y,1,1,0,1,A,-,01,23152,G,N,E,I,A,A,D,-,C,D,0,,,,,Y,Y,D,22,0,0,0,0,0,0,0,0,0,"- ","- ",37.441421508789062,-120.78752899169922,MERCED,UNINCORPORATED,-120.78783416748047,37.441127777099609
91694805,2021,2022-02-07,9460,2021-12-27,0632,019005,,1,1,9,2400,0,3,5,,2,030,"ALMOND AVENUE","CYPRESS AVENUE",528.00,E,N,C,-,N,,,,,,,,,,Y,1,1,0,2,A,-,11,21956,,N,G,B,E,B,H,-,C,D,0,Y,,,,Y,,N,60,0,0,0,1,0,0,0,0,0,"- ","- ",37.308391571044922,-120.55954742431641,MERCED,UNINCORPORATED,-120.620849609375,37.382148742675781
9169785,2021,2022-07-01,2405,2021-10-19,1623,PD57,1,2,5,3,2405,0,0,0,,0,0B1,"W PACHECO BL","BADGER FLAT RD",814.00,W,N,A,-,Y,MER,10,152,-,-,18.770,H,-,E,N,3,0,2,3,A,-,03,22350,,N,C,C,A,A,H,-,A,A,0,,,,,Y,,A,01,0,2,0,0,0,0,0,0,0,"- ","- ",37.056831359863281,-120.87831115722656,MERCED,"LOS BANOS",-120.88034057617188,37.056739807128906
9169790,2021,2022-07-01,2405,2021-10-31,0410,PD149,2,7,5,3,2405,0,0,0,,0,0B2,"N MERCEY SPRINGS RD",WILLMOTT,0.00,,Y,A,-,Y,MER,10,165,-,-,9.632,I,5,S,N,3,0,1,4,A,-,09,21802,A,N,D,C,A,A,H,-,C,A,0,,,,,Y,,A,01,0,1,0,0,0,0,0,0,0,"- ","- ",37.069198608398438,-120.83509063720703,MERCED,"LOS BANOS",-120.83515930175781,37.069244384765625