CASE_ID,ACCIDENT_YEAR,PROC_DATE,JURIS,COLLISION_DATE,COLLISION_TIME,OFFICER_ID,REPORTING_DISTRICT,DAY_OF_WEEK,CHP_SHIFT,POPULATION,CNTY_CITY_LOC,SPECIAL_COND,BEAT_TYPE,CHP_BEAT_TYPE,CITY_DIVISION_LAPD,CHP_BEAT_CLASS,BEAT_NUMBER,PRIMARY_RD,SECONDARY_RD,DISTANCE,DIRECTION,INTERSECTION,WEATHER_1,WEATHER_2,STATE_HWY_IND,CALTRANS_COUNTY,CALTRANS_DISTRICT,STATE_ROUTE,ROUTE_SUFFIX,POSTMILE_PREFIX,POSTMILE,LOCATION_TYPE,RAMP_INTERSECTION,SIDE_OF_HWY,TOW_AWAY,COLLISION_SEVERITY,NUMBER_KILLED,NUMBER_INJURED,PARTY_COUNT,PRIMARY_COLL_FACTOR,PCF_CODE_OF_VIOL,PCF_VIOL_CATEGORY,PCF_VIOLATION,PCF_VIOL_SUBSECTION,HIT_AND_RUN,TYPE_OF_COLLISION,MVIW,PED_ACTION,ROAD_SURFACE,ROAD_COND_1,ROAD_COND_2,LIGHTING,CONTROL_DEVICE,CHP_ROAD_TYPE,PEDESTRIAN_ACCIDENT,BICYCLE_ACCIDENT,MOTORCYCLE_ACCIDENT,TRUCK_ACCIDENT,NOT_PRIVATE_PROPERTY,ALCOHOL_INVOLVED,STWD_VEHTYPE_AT_FAULT,CHP_VEHTYPE_AT_FAULT,COUNT_SEVERE_INJ,COUNT_VISIBLE_INJ,COUNT_COMPLAINT_PAIN,COUNT_PED_KILLED,COUNT_PED_INJURED,COUNT_BICYCLIST_KILLED,COUNT_BICYCLIST_INJURED,COUNT_MC_KILLED,COUNT_MC_INJURED,PRIMARY_RAMP,SECONDARY_RAMP,LATITUDE,LONGITUDE,COUNTY,CITY,POINT_X,POINT_Y
9172884,2021,2022-07-12,2405,2021-12-03,1156,PD20,2,5,5,3,2405,0,0,0,,0,0B2,"PACHECO BL","S 11TH ST",233.00,W,N,A,-,Y,MER,10,152,-,-,20.950,H,-,W,N,4,0,1,2,A,-,08,22107,,N,D,C,A,A,H,-,A,D,0,,,,,Y,,A,01,0,0,1,0,0,0,0,0,0,"- ","- ",37.057270050048828,-120.84123992919922,MERCED,"LOS BANOS",-120.84114074707031,37.056911468505859
91883051,2021,2022-10-05,9461,2021-10-01,2033,021312,,5,2,9,2400,0,1,3,,2,453,"STATE ROUTE 152 EASTBOUND","PALM AVENUE",0.00,,Y,A,-,Y,,,152,,,,,,E,Y,1,1,2,2,A,-,09,21802,A,N,D,C,A,A,H,-,D,D,0,,,,Y,Y,,G,25,1,1,0,0,0,0,0,0,0,"- ","- ",37.047508239746094,-120.61750030517578,MERCED,UNINCORPORATED,-120.61750030517578,37.047458648681641
9206185,2021,2021-10-06,2405,2021-01-24,1221,PD52,1,7,5,3,2405,0,0,0,,0,0B1,"W IST","2ND ST",0.00,,N,A,-,N,,,,,,,,,,N,3,0,3,2,A,-,09,21802,A,N,D,D,A,A,H,-,A,A,0,,,,,Y,,A,01,0,3,0,0,0,0,0,0,0,"- ","- ",37.0631103515625,-120.85415649414062,MERCED,"LOS BANOS",,
9206193,2021,2021-10-07,2405,2021-01-15,0540,PD36,3,5,5,3,2405,0,0,0,,0,0B3,"WEST I ST","PACHECO BL",239.00,S,N,A,-,N,,,,,,,,,,N,2,0,1,2,A,-,11,21954,A,N,G,B,D,A,H,-,C,A,0,Y,,,,Y,,N,60,1,0,0,0,1,0,0,0,0,"- ","- ",37.056880950927734,-120.86528778076172,MERCED,"LOS BANOS",-120.8656005859375,37.056293487548828
9212359,2021,2021-03-20,2406,2021-01-22,2025,283,2,5,5,5,2406,0,0,0,,0,021,"WEST 16TH ST","Q ST",20.00,W,N,B,-,N,,,,,,,,,,N,4,0,1,2,A,-,11,21954,A,F,G,B,D,B,H,-,C,D,0,Y,,,,Y,,N,60,0,0,1,0,1,0,0,0,0,"- ","- ",,,MERCED,MERCED,-120.49152374267578,37.303211212158203
9212393,2021,2021-03-23,2406,2021-02-01,1811,260,3,1,5,5,2406,0,0,0,,0,030,"WEST 8TH ST","MLK JR WAY",12.00,W,N,A,-,N,,,,,,,,,,Y,4,0,1,2,A,-,01,23153,A,F,C,C,A,A,H,-,C,A,0,,,,,Y,Y,D,22,0,0,1,0,0,0,0,0,0,"- ","- ",,,MERCED,MERCED,-120.4857177734375,37.291046142578125
9213021,2021,2022-03-24,2405,2021-08-03,2224,PD40,,2,5,3,2405,0,0,0,,0,0B3,"MERCEY SPRINGS RD","DE ANZA",266.00,N,N,A,-,Y,MER,10,165,-,-,8.480,H,-,N,N,3,0,1,2,A,-,03,22350,,N,G,B,E,A,H,-,D,D,0,Y,,,,Y,,J,48,0,1,0,0,1,0,0,0,0,"- ","- ",,,MERCED,"LOS BANOS",-120.83545684814453,37.052577972412109
9221547,2021,2021-02-18,2401,2021-01-23,1743,728,1,6,5,3,2401,0,0,0,,0,001,"SHAFFER RD","FRUITLAND AV",0.00,,Y,A,-,N,,,,,,,,,,Y,3,0,1,2,A,-,09,21801,A,F,D,C,A,A,H,-,C,D,0,,,,,Y,Y,A,01,0,1,0,0,0,0,0,0,0,"- ","- ",37.362659454345703,-120.59575653076172,MERCED,ATWATER,-120.59576416015625,37.362663269042969
9221551,2021,2021-02-18,2401,2021-01-09,2250,726,1,6,5,3,2401,0,0,0,,0,001,"WINTON WY",FRUITLAND,11.00,N,N,A,-,N,,,,,,,,,,N,4,0,1,2,A,-,07,21658,A,F,D,D,A,A,H,-,C,D,0,,,,,Y,,-,99,0,0,1,0,0,0,0,0,0,"- ","- ",37.364101409912109,-120.61386871337891,MERCED,ATWATER,-120.61390686035156,37.362140655517578
9221555,2021,2021-02-18,2401,2021-01-05,1100,710,1,2,5,3,2401,0,0,0,,0,001,"1ST ST","BELLEVUE RD",0.00,,Y,A,-,N,,,,,,,,,,N,2,0,1,2,A,-,12,21453,A,N,A,C,A,A,H,-,A,A,0,,,,,Y,,A,01,1,0,0,0,0,0,0,0,0,"- ","- ",37.360980987548828,-120.59548187255859,MERCED,ATWATER,-120.59580993652344,37.360458374023438
9222808,2021,2021-03-18,2406,2021-01-01,0212,294,1,5,5,5,2406,0,0,0,,0,010,"G ST","BELLEVUE RD",0.00,,Y,A,-,N,,,,,,,,,,Y,2,0,3,1,A,-,01,23152,A,N,F,J,A,A,H,-,C,A,0,,,,,Y,Y,A,01,2,1,0,0,0,0,0,0,0,"- ","- ",,,MERCED,MERCED,-120.46868133544922,37.361095428466797
9222813,2021,2021-03-18,2406,2021-01-01,1829,295,2,5,5,5,2406,0,0,0,,0,020,"S PARSONS","ALFARATA BL",415.00,W,N,A,-,N,,,,,,,,,,N,4,0,1,1,A,-,03,22350,,N,E,I,A,A,H,-,D,D,0,,,Y,,Y,,C,02,0,0,1,0,0,0,0,0,1,"- ","- ",,,MERCED,MERCED,-120.43846130371094,37.276947021484375
9222832,2021,2021-03-17,2406,2021-01-18,0431,256,2,1,5,5,2406,0,0,0,,0,020,"E SANTA FE AV","GLEN AV",1000.00,W,N,A,-,N,,,,,,,,,,Y,4,0,1,1,A,-,07,21658,A,N,E,I,A,A,H,-,D,D,0,,,,,Y,,A,07,0,0,1,0,0,0,0,0,0,"- ","- ",,,MERCED,MERCED,-120.4652099609375,37.303497314453125
9226013,2021,2021-03-22,2406,2021-02-10,1527,129,NORTH,3,5,5,2406,0,0,0,,0,011,"WEST OLIVE AV","R ST",55.00,W,N,A,-,N,,,,,,,,,,N,4,0,1,2,A,-,21,22106,,N,C,C,A,A,-,-,A,A,0,,,Y,,Y,,A,01,0,0,1,0,0,0,0,0,1,"- ","- ",,,MERCED,MERCED,-120.487060546875,37.319293975830078
9226177,2021,2021-03-24,2406,2021-02-06,1020,296,3,6,5,5,2406,0,0,0,,0,030,"WEST 13TH ST","MLK WAY",170.00,W,N,A,-,N,,,,,,,,,,N,4,0,1,2,A,-,21,22106,,N,D,C,A,A,H,-,A,D,0,,,,,Y,,A,01,0,0,1,0,0,0,0,0,0,"- ","- ",,,MERCED,MERCED,-120.48335266113281,37.296234130859375
9226231,2021,2021-03-05,2406,2021-01-03,1641,265,8,7,5,5,2406,0,0,0,,0,031,"M ST","SEVILLE DR",12.00,E,N,B,-,N,,,,,,,,,,N,3,0,3,2,A,-,09,21804,A,N,B,C,A,A,H,-,C,A,0,,,,,Y,,A,01,0,1,2,0,0,0,0,0,0,"- ","- ",,,MERCED,MERCED,-120.49272918701172,37.286861419677734
9226454,2021,2021-03-23,2406,2021-02-01,1600,129,CENTR,1,5,5,2406,0,0,0,,0,021,"T ST","WEST MAIN ST",4.00,S,N,A,-,N,,,,,,,,,,,4,0,1,2,A,-,12,22450,A,N,D,G,A,A,H,-,A,A,0,,Y,,,Y,,L,04,0,0,1,0,0,0,1,0,0,"- ","- ",,,MERCED,MERCED,-120.49526214599609,37.305789947509766
9227062,2021,2021-04-15,2406,2021-03-01,0755,250,3,1,5,5,2406,0,0,0,,0,030,"CANAL ST","11TH ST",0.00,,Y,A,-,N,,,,,,,,,,Y,4,0,1,2,A,-,09,21802,,N,D,C,A,A,H,-,A,A,0,,,,,Y,,A,01,0,0,1,0,0,0,0,0,0,"- ","- ",,,MERCED,MERCED,-120.48695373535156,37.295127868652344
9227645,2021,2021-04-08,2401,2021-02-06,0935,802,1,6,5,3,2401,0,0,0,,0,001,"1ST ST","CENTER ST",30.00,S,N,A,-,N,,,,,,,,,,Y,3,0,1,3,A,-,08,22103,,N,B,C,A,A,H,-,A,D,0,,,Y,,Y,,A,07,0,1,0,0,0,0,0,0,1,"- ","- ",37.358219146728516,-120.59767913818359,MERCED,ATWATER,-120.59842681884766,37.357402801513672
9227649,2021,2021-04-08,2401,2021-02-12,1545,716,1,5,5,3,2401,0,0,0,,0,001,"1ST ST","FORTUNA AV",0.00,,Y,A,-,N,,,,,,,,,,N,3,0,1,2,A,-,09,21801,A,N,D,C,A,A,H,-,A,A,0,,,,,Y,,A,01,0,1,0,0,0,0,0,0,0,"- ","- ",37.358219146728516,-120.59767913818359,MERCED,ATWATER,-120.59770965576172,37.358245849609375
9227765,2021,2021-04-20,2406,2021-03-04,1859,283,2,4,5,5,2406,0,0,0,,0,020,"BAKER DR","KELLY AV",1400.00,E,N,A,-,N,,,,,,,,,,N,4,0,4,2,A,-,09,21804,A,N,B,C,A,A,H,-,B,D,0,,,,,Y,,D,22,0,0,4,0,0,0,0,0,0,"- ","- ",,,MERCED,MERCED,-120.44380187988281,37.295162200927734
9227781,2021,2021-03-26,2406,2021-02-07,1148,237,3,7,5,5,2406,0,0,0,,0,031,"R ST","WEST 11TH ST",0.00,,Y,A,-,N,,,,,,,,,,Y,4,0,1,3,A,-,09,21802,A,N,F,C,A,A,H,-,A,D,0,,,,,Y,,A,07,0,0,1,0,0,0,0,0,0,"- ","- ",,,MERCED,MERCED,-120.49604797363281,37.298439025878906
9227797,2021,2021-03-24,2406,2021-02-04,1635,296,1,4,5,5,2406,0,0,0,,0,010,"G ST","22ND ST",112.00,N,N,A,-,N,,,,,,,,,,Y,4,0,1,2,A,-,17,22109,,N,C,-,A,A,H,-,A,A,0,,,,,Y,,A,08,0,0,1,0,0,0,0,0,0,"- ","- ",,,MERCED,MERCED,-120.47281646728516,37.303962707519531
9227891,2021,2021-03-24,2406,2021-02-19,1731,295,2,5,5,5,2406,0,0,0,,0,020,"GLEN AV","EAST 21ST ST",0.00,,Y,A,-,N,,,,,,,,,,Y,4,0,1,2,A,-,12,21453,A,N,D,C,A,A,H,-,A,A,0,,,,,Y,,A,01,0,0,1,0,0,0,0,0,0,"- ","- ",,,MERCED,MERCED,-120.46398162841797,37.299148559570312
9231440,2021,2021-03-16,2406,2021-02-03,1727,296,1,3,5,5,2406,0,0,0,,0,011,"N HWY 59","COOPER AV",100.00,S,N,A,-,Y,MER,10,59,-,-,15.880,H,-,N,Y,3,0,1,3,A,-,03,22350,,N,C,C,A,A,H,-,B,A,0,,,,,Y,,A,07,0,1,0,0,0,0,0,0,0,"- ","- ",,,MERCED,MERCED,-120.50503540039062,37.315944671630859
9236802,2021,2021-04-02,2404,2021-01-24,1020,X17,,7,5,3,2404,0,0,0,,0,,"6TH ST","F ST",154.00,N,N,A,-,N,,,,,,,,,,Y,4,0,1,2,A,-,08,22107,,M,A,E,A,A,H,-,A,D,0,,,,,Y,,A,01,0,0,1,0,0,0,0,0,0,"- ","- ",37.383018493652344,-120.71959686279297,MERCED,LIVINGSTON,-120.71998596191406,37.382644653320312
9236949,2021,2021-04-20,2406,2021-03-07,2120,2406,2,7,5,5,2406,0,0,0,,0,020,"E SOUTH BEAR CREEK DR","PARSONS AV",236.00,W,N,A,-,N,,,,,,,,,,Y,3,0,1,1,A,-,01,23152,A,N,H,I,A,A,H,-,D,D,0,,,,,Y,Y,A,01,0,1,0,0,0,0,0,0,0,"- ","- ",,,MERCED,MERCED,-120.45211029052734,37.309444427490234
9239569,2021,2021-09-01,2406,2021-07-24,0959,307,1,6,5,5,2406,0,0,0,,0,011,"W YOSEMITIE AV","RT 59",7.00,E,N,A,-,Y,MER,10,59,-,-,16.980,I,6,N,N,3,0,1,2,A,-,03,22350,,N,C,C,A,A,H,-,A,A,0,,,,,Y,,A,01,0,1,0,0,0,0,0,0,0,"- ","- ",,,MERCED,MERCED,-120.50457763671875,37.331821441650391
9239573,2021,2021-09-01,2406,2021-07-20,2323,301,2,2,5,5,2406,0,0,0,,0,021,"R ST","WEST 14TH ST",0.00,,Y,A,-,Y,MER,10,99,-,-,15.293,R,4,N,Y,3,0,1,2,A,-,12,21453,A,N,A,C,A,A,H,-,C,A,0,,,,,Y,,A,01,0,1,0,0,0,0,0,0,0,"- ","- ",,,MERCED,MERCED,-120.49232482910156,37.300235748291016
9240064,2021,2021-04-29,2401,2021-03-23,2500,100,4,2,5,3,2401,0,0,0,,0,004,"PACKERS ST","ATWATER BL",30.00,S,N,A,-,N,,,,,,,,,,N,4,0,1,1,A,-,08,22107,,M,E,I,A,A,H,-,A,A,0,,,,,Y,,-,99,0,0,1,0,0,0,0,0,0,"- ","- ",37.344329833984375,-120.60518646240234,MERCED,ATWATER,-120.60524749755859,37.344234466552734
9242014,2021,2021-04-22,2406,2021-03-22,1612,290,2,1,5,5,2406,0,0,0,,0,020,"G ST","27TH ST",0.00,,Y,A,-,N,,,,,,,,,,Y,3,0,1,2,A,-,22,23123,5,N,C,C,A,A,H,-,A,D,0,,,,,Y,,A,01,0,1,0,0,0,0,0,0,0,"- ","- ",,,MERCED,MERCED,-120.47003936767578,37.308628082275391
9242016,2021,2021-04-22,2406,2021-03-25,1519,162,2,4,5,5,2406,0,0,0,,0,020,"EAST 27TH ST","6TH AV",0.00,,Y,B,-,N,,,,,,,,,,Y,3,0,1,2,A,-,09,21800,A,F,D,C,A,A,H,-,A,D,0,,,,,Y,,A,07,0,1,0,0,0,0,0,0,0,"- ","- ",,,MERCED,MERCED,-120.46558380126953,37.307071685791016
9242639,2021,2021-04-20,2406,2021-03-24,1306,162,1,3,5,5,2406,0,0,0,,0,011,"RT 59","W OLIVE",111.00,S,N,A,-,Y,MER,10,59,-,-,16.080,H,-,S,Y,4,0,1,3,A,-,03,22350,,N,C,C,A,A,H,-,A,A,0,,,,,Y,,D,22,0,0,1,0,0,0,0,0,0,"- ","- ",,,MERCED,MERCED,-120.50493621826172,37.318756103515625
9244324,2021,2021-04-05,2406,2021-02-18,2033,256,1,4,5,5,2406,0,0,0,,0,010,"M ST","WEST YOSEMITE AV",30.00,S,N,A,-,N,,,,,,,,,,N,4,0,1,2,A,-,21,22106,,N,C,C,A,A,H,-,C,A,0,,,,,Y,,A,07,0,0,1,0,0,0,0,0,0,"- ","- ",,,MERCED,MERCED,-120.47845458984375,37.332027435302734
9244325,2021,2021-04-05,2406,2021-02-22,1644,129,SOUTH,1,5,5,2406,0,0,0,,0,030,"D ST","EAST 9TH ST",0.00,,Y,A,-,N,,,,,,,,,,N,4,0,1,2,A,-,09,21800,A,N,D,G,A,A,H,-,A,D,0,,Y,,,Y,,L,04,0,0,1,0,0,0,1,0,0,"- ","- ",,,MERCED,MERCED,-120.47579956054688,37.289375305175781
9245003,2021,2021-04-22,2406,2021-03-19,1633,291,3,5,5,5,2406,0,0,0,,0,031,"E 8TH ST","N ST",5.00,W,N,C,-,N,,,,,,,,,,N,3,0,1,2,A,-,03,22350,,F,C,C,A,B,H,-,A,A,0,,,,,Y,,D,22,0,1,0,0,0,0,0,0,0,"- ","- ",,,MERCED,MERCED,-120.49171447753906,37.293266296386719
9247288,2021,2021-04-13,2406,2021-01-14,2203,289,,4,5,5,2406,0,0,0,,0,1-10,"BRIDALVEIL CT","HAPPY ISLES CT",165.00,S,N,A,-,N,,,,,,,,,,Y,4,0,1,2,A,-,01,23152,A,N,C,E,A,A,H,-,C,D,0,,,,,Y,Y,A,01,0,0,1,0,0,0,0,0,0,"- ","- ",,,MERCED,MERCED,-120.45835113525391,37.324356079101562
9248937,2021,2021-04-28,2401,2021-03-29,1850,729,1,1,5,3,2401,0,0,0,,0,001,"JUNIPER AV","SHAFFER AV",300.00,W,N,A,-,N,,,,,,,,,,N,4,0,3,3,A,-,03,22350,,N,C,C,A,A,H,-,A,D,0,,,,,Y,,D,22,0,0,3,0,0,0,0,0,0,"- ","- ",37.349849700927734,-120.59588623046875,MERCED,ATWATER,-120.59693908691406,37.349853515625
9249141,2021,2021-04-30,2406,2021-03-30,1517,162,3,2,5,5,2406,0,0,0,,0,030,"MARTIN LUTHER KING JR WY","WEST 12TH ST",8.00,S,N,A,-,Y,MER,10,59,-,-,14.650,I,5,S,N,2,0,1,2,A,-,06,21755,A,N,G,B,B,A,H,-,A,A,0,Y,,,,Y,Y,D,22,1,0,0,0,1,0,0,0,0,"- ","- ",,,MERCED,MERCED,-120.48339080810547,37.295032501220703
9250046,2021,2021-04-28,2401,2021-03-01,0818,721,3,1,5,3,2401,0,0,0,,0,003,"E BROADWAY AV","ALMADOR TER",0.00,,Y,A,-,N,,,,,,,,,,Y,3,0,2,2,A,-,03,22350,,N,C,C,A,A,H,-,A,D,0,,,,,Y,,A,07,0,1,1,0,0,0,0,0,0,"- ","- ",37.341049194335938,-120.59129333496094,MERCED,ATWATER,-120.59127807617188,37.341037750244141
9250048,2021,2021-04-28,2401,2021-03-10,0804,710,2,3,5,3,2401,0,0,0,,0,002,"HOSPITAL AV","HOSPITAL AV 3605",0.00,,Y,C,-,N,,,,,,,,,,N,4,0,1,2,A,-,03,22350,,N,G,B,D,B,H,-,A,D,0,Y,,,,Y,,A,01,0,0,1,0,1,0,0,0,0,"- ","- ",37.366771697998047,-120.57745361328125,MERCED,ATWATER,,
9250050,2021,2021-04-28,2401,2021-03-17,1015,727,4,3,5,3,2401,0,0,0,,0,004,"WINTON WY","GROVE AV",0.00,,Y,A,-,N,,,,,,,,,,Y,2,0,3,3,A,-,03,22350,,N,C,C,A,A,H,-,A,D,0,,,,,Y,,A,07,1,2,0,0,0,0,0,0,0,"- ","- ",37.353500366210938,-120.61376190185547,MERCED,ATWATER,-120.61375427246094,37.353492736816406
9250053,2021,2021-04-28,2401,2021-03-25,1000,718,2,4,5,3,2401,0,0,0,,0,002,"SANTA FE DR","PGE POLE #4207",0.00,,Y,A,-,N,,,,,,,,,,Y,2,0,1,1,A,-,07,21658,A,N,F,A,A,A,H,-,A,D,0,,,,,Y,,A,01,1,0,0,0,0,0,0,0,0,"- ","- ",,,MERCED,ATWATER,,
9251586,2021,2021-05-03,2406,2021-04-03,2010,283,1,6,5,5,2406,0,0,0,,0,011,"WEST YOSEMITE AV","SAN AUGUSTINE AV",0.00,,Y,A,-,N,,,,,,,,,,Y,3,0,1,2,A,-,12,22450,A,N,C,C,A,A,H,-,D,A,0,,,,,Y,,A,01,0,1,0,0,0,0,0,0,0,"- ","- ",,,MERCED,MERCED,-120.49906158447266,37.331882476806641
9251587,2021,2021-05-07,2406,2021-04-03,1532,256,2,6,5,5,2406,0,0,0,,0,020,"WEST MAIN ST","K ST",0.00,,Y,A,-,N,,,,,,,,,,Y,4,0,2,2,A,-,12,21453,A,N,D,C,A,A,H,-,A,A,0,,,,,Y,,-,"- ",0,0,2,0,0,0,0,0,0,"- ","- ",,,MERCED,MERCED,-120.48182678222656,37.300868988037109
9251710,2021,2021-04-27,2406,2021-03-31,2021,286,2,3,5,5,2406,0,0,0,,0,020,"EAST 21ST ST","WESTON WY",100.00,W,N,A,-,N,,,,,,,,,,Y,3,0,2,2,A,-,01,23153,A,N,C,E,A,A,H,-,C,D,0,,,,,Y,Y,A,01,0,2,0,0,0,0,0,0,0,"- ","- ",,,MERCED,MERCED,-120.46796417236328,37.300624847412109
9251711,2021,2021-04-27,2406,2021-03-28,1910,260,1,7,5,5,2406,0,0,0,,0,010,"W BEAR CREEK AV","M ST",1584.00,E,N,A,-,N,,,,,,,,,,Y,3,0,1,1,A,-,03,22350,,N,E,I,A,A,H,-,A,D,0,,,,,Y,,A,01,0,1,0,0,0,0,0,0,0,"- ","- ",,,MERCED,MERCED,-120.47360229492188,37.311904907226562
9251790,2021,2021-04-29,2406,2021-03-31,0940,247,2,3,5,5,2406,0,0,0,,0,020,"N ST","WEST 16TH ST",0.00,,Y,A,-,N,,,,,,,,,,Y,3,0,1,2,A,-,09,21802,A,N,D,C,A,A,H,-,A,D,0,,,,,Y,,A,01,0,1,0,0,0,0,0,0,0,"- ","- ",,,MERCED,MERCED,-120.48696136474609,37.301544189453125
9251814,2021,2021-04-29,2406,2021-03-30,1833,260,2,2,5,5,2406,0,0,0,,0,020,"WEST 15TH ST","MARTIN LUTHER KING JR WY",700.00,W,N,A,-,N,,,,,,,,,,Y,3,0,1,2,A,-,08,22107,,N,F,A,A,A,H,-,A,D,0,,,Y,,Y,,D,22,0,1,0,0,0,0,0,0,1,"- ","- ",,,MERCED,MERCED,-120.48390197753906,37.298877716064453
9253558,2021,2021-05-12,2406,2021-04-10,1255,256,2,6,5,5,2406,0,0,0,,0,020,"G ST","WEST 16TH ST",108.00,S,N,A,-,N,,,,,,,,,,Y,4,0,1,2,A,-,09,21801,A,N,D,C,A,A,H,-,A,D,0,,,,,Y,,A,01,0,0,1,0,0,0,0,0,0,"- ","- ",,,MERCED,MERCED,-120.4765625,37.297416687011719
9253633,2021,2021-04-28,2406,2021-04-09,1721,256,2,5,5,5,2406,0,0,0,,0,020,"RT 140","KELLY AV",0.00,,Y,A,-,Y,MER,10,140,-,-,36.878,I,5,W,Y,4,0,1,2,A,-,09,21801,A,N,A,C,A,A,H,-,A,A,0,,,,,Y,,D,22,0,0,1,0,0,0,0,0,0,"- ","- ",,,MERCED,MERCED,-120.44841003417969,37.295150756835938
9253649,2021,2021-05-12,2406,2021-04-16,1950,283,2,5,5,5,2406,0,0,0,,0,021,"WEST 22ND ST","R ST",10.00,E,N,A,-,N,,,,,,,,,,Y,3,0,1,3,A,-,01,23152,A,N,D,C,A,A,H,-,C,A,0,,,,,Y,Y,A,01,0,1,0,0,0,0,0,0,0,"- ","- ",,,MERCED,MERCED,-120.48950958251953,37.309768676757812
9254040,2021,2021-05-03,2406,2021-04-17,2157,283,1,6,5,5,2406,0,0,0,,0,010,"E OLIVE","NOTTINGHAM AV",130.00,E,N,A,-,N,,,,,,,,,,Y,2,0,2,2,A,-,07,21658,A,N,C,E,A,A,H,-,C,D,0,,,,,Y,,A,01,1,0,1,0,0,0,0,0,0,"- ","- ",,,MERCED,MERCED,-120.45245361328125,37.318489074707031
9254129,2021,2021-05-03,2406,2021-04-17,1511,256,2,6,5,5,2406,0,0,0,,0,020,"EAST 21ST ST","ORCHARD LN",0.00,,Y,A,-,N,,,,,,,,,,Y,3,0,1,2,A,-,01,23152,G,F,D,C,A,A,H,-,A,A,0,,,,,Y,Y,D,22,0,1,0,0,0,0,0,0,0,"- ","- ",,,MERCED,MERCED,-120.4659423828125,37.299888610839844
9255341,2021,2021-05-11,2406,2021-04-07,0920,129,NORTH,3,5,5,2406,0,0,0,,0,010,"CARDELLA RD","M ST",20.00,E,N,A,-,N,,,,,,,,,,Y,4,0,1,2,A,-,03,22350,,N,C,C,A,A,H,-,A,A,0,,,,,Y,,A,01,0,0,1,0,0,0,0,0,0,"- ","- ",,,MERCED,MERCED,-120.47754669189453,37.346538543701172
9255343,2021,2021-05-11,2406,2021-04-22,1229,256,2,4,5,5,2406,0,0,0,,0,021,"WEST 20TH ST","S ST",0.00,,Y,A,-,N,,,,,,,,,,N,4,0,1,2,A,-,12,22450,A,N,D,C,A,A,H,-,A,A,0,,,,,Y,,A,01,0,0,1,0,0,0,0,0,0,"- ","- ",,,MERCED,MERCED,-120.49217224121094,37.308330535888672
9255344,2021,2021-05-11,2406,2021-04-26,1438,129,SOUTH,1,5,5,2406,0,0,0,,0,031,"WEST CHILDS AV","N ST",10.00,W,N,A,-,N,,,,,,,,,,N,3,0,1,2,A,-,08,22107,,N,D,G,A,A,H,-,A,A,0,,Y,,,Y,,L,04,0,1,0,0,0,0,1,0,0,"- ","- ",,,MERCED,MERCED,-120.49465179443359,37.288230895996094
9255346,2021,2021-05-11,2406,2021-04-30,1433,256,2,5,5,5,2406,0,0,0,,0,020,"CAPELLA DR","HALLEY AV",50.00,E,N,A,-,N,,,,,,,,,,N,3,0,3,2,A,-,05,21650,,N,A,C,A,A,H,-,A,D,0,,,,,Y,,A,08,0,1,2,0,0,0,0,0,0,"- ","- ",,,MERCED,MERCED,-120.43970489501953,37.281696319580078
9255674,2021,2021-05-19,2406,2021-04-14,0751,162,2,3,5,5,2406,0,0,0,,0,020,"S PARSON AV","E GERARD AV",0.00,,Y,A,-,N,,,,,,,,,,Y,4,0,1,3,A,-,09,21801,A,N,D,C,A,A,A,-,A,A,0,,,,,Y,,A,01,0,0,1,0,0,0,0,0,0,"- ","- ",,,MERCED,MERCED,-120.44642639160156,37.280403137207031
9256246,2021,2021-06-24,2401,2021-04-04,1133,710,,7,5,3,2401,0,0,0,,0,003,"AVE TWO","EL RODEBAUGH WY",0.00,,Y,A,-,N,,,,,,,,,,Y,1,1,2,2,A,-,09,21802,A,N,D,C,A,A,H,-,A,A,0,,,,,Y,,A,07,1,1,0,0,0,0,0,0,0,"- ","- ",37.341228485107422,-120.61136627197266,MERCED,ATWATER,-120.56869506835938,37.34954833984375
9256535,2021,2023-06-17,2405,2021-04-01,0641,PD133,2,4,5,3,2405,0,0,0,,0,0B3,"RT 152","RT 165",0.00,,Y,A,-,Y,MER,10,152,-,-,21.272,I,5,E,N,1,1,0,2,A,-,11,21954,A,N,G,B,E,A,H,-,B,A,0,Y,,,,Y,,N,60,0,0,0,1,0,0,0,0,0,"- ","- ",37.056861877441406,-120.83529663085938,MERCED,"LOS BANOS",-120.83535766601562,37.056922912597656
9256558,2021,2023-06-17,2406,2021-06-11,2219,129,NORTH,5,5,5,2406,0,0,0,,0,010,"EAST YOSEMITE AV","MCKEE RD",172.00,E,N,A,-,N,,,,,,,,,,Y,1,1,0,1,A,-,08,22107,,N,E,I,A,A,H,-,C,A,0,,,,,Y,Y,A,01,0,0,0,0,0,0,0,0,0,"- ","- ",,,MERCED,MERCED,-120.44362640380859,37.332210540771484
9259982,2021,2021-05-20,2406,2021-05-07,1055,252,3,5,5,5,2406,0,0,0,,0,031,"R ST","WEST 12TH ST",0.00,,Y,A,-,N,,,,,,,,,,Y,4,0,1,2,A,-,09,21802,,N,D,C,A,A,H,-,A,A,0,,,,,Y,,A,07,0,0,1,0,0,0,0,0,0,"- ","- ",,,MERCED,MERCED,-120.49545288085938,37.299457550048828