CASE_ID,ACCIDENT_YEAR,PROC_DATE,JURIS,COLLISION_DATE,COLLISION_TIME,OFFICER_ID,REPORTING_DISTRICT,DAY_OF_WEEK,CHP_SHIFT,POPULATION,CNTY_CITY_LOC,SPECIAL_COND,BEAT_TYPE,CHP_BEAT_TYPE,CITY_DIVISION_LAPD,CHP_BEAT_CLASS,BEAT_NUMBER,PRIMARY_RD,SECONDARY_RD,DISTANCE,DIRECTION,INTERSECTION,WEATHER_1,WEATHER_2,STATE_HWY_IND,CALTRANS_COUNTY,CALTRANS_DISTRICT,STATE_ROUTE,ROUTE_SUFFIX,POSTMILE_PREFIX,POSTMILE,LOCATION_TYPE,RAMP_INTERSECTION,SIDE_OF_HWY,TOW_AWAY,COLLISION_SEVERITY,NUMBER_KILLED,NUMBER_INJURED,PARTY_COUNT,PRIMARY_COLL_FACTOR,PCF_CODE_OF_VIOL,PCF_VIOL_CATEGORY,PCF_VIOLATION,PCF_VIOL_SUBSECTION,HIT_AND_RUN,TYPE_OF_COLLISION,MVIW,PED_ACTION,ROAD_SURFACE,ROAD_COND_1,ROAD_COND_2,LIGHTING,CONTROL_DEVICE,CHP_ROAD_TYPE,PEDESTRIAN_ACCIDENT,BICYCLE_ACCIDENT,MOTORCYCLE_ACCIDENT,TRUCK_ACCIDENT,NOT_PRIVATE_PROPERTY,ALCOHOL_INVOLVED,STWD_VEHTYPE_AT_FAULT,CHP_VEHTYPE_AT_FAULT,COUNT_SEVERE_INJ,COUNT_VISIBLE_INJ,COUNT_COMPLAINT_PAIN,COUNT_PED_KILLED,COUNT_PED_INJURED,COUNT_BICYCLIST_KILLED,COUNT_BICYCLIST_INJURED,COUNT_MC_KILLED,COUNT_MC_INJURED,PRIMARY_RAMP,SECONDARY_RAMP,LATITUDE,LONGITUDE,COUNTY,CITY,POINT_X,POINT_Y
9259983,2021,2021-05-20,2406,2021-05-05,1904,155,3/31,3,5,5,2406,0,0,0,,0,,"N ST","WEST 12TH ST",0.00,,Y,A,-,N,,,,,,,,,,Y,4,0,1,2,A,-,08,22105,,N,D,C,A,A,H,-,A,D,0,,,,,Y,,A,07,0,0,1,0,0,0,0,0,0,"- ","- ",,,MERCED,MERCED,-120.48941040039062,37.2972412109375
9260115,2021,2021-05-20,2401,2021-04-22,1911,723,4,4,5,3,2401,0,0,0,,0,004,"BROADWAY AV","WINTON WAY",0.00,,Y,A,-,N,,,,,,,,,,N,4,0,1,2,A,-,10,21950,A,N,G,B,B,A,H,-,B,D,0,Y,,,,Y,,A,01,0,0,1,0,1,0,0,0,0,"- ","- ",37.348049163818359,-120.61239624023438,MERCED,ATWATER,-120.61244964599609,37.348129272460938
9260117,2021,2021-05-20,2401,2021-04-21,1756,729,2,3,5,3,2401,0,0,0,,0,002,"EAST BELLEVUE RD","DETERMINE DR",0.00,,Y,A,-,N,,,,,,,,,,N,4,0,3,2,A,-,09,21801,A,N,A,C,A,A,H,-,A,D,0,,,,,Y,,A,08,0,0,3,0,0,0,0,0,0,"- ","- ",37.360511779785156,-120.58188629150391,MERCED,ATWATER,-120.58187103271484,37.360511779785156
9260118,2021,2021-05-20,2401,2021-04-19,1011,710,4,1,5,3,2401,0,0,0,,0,004,"ATWATER BL","1ST ST",0.00,,Y,A,-,N,,,,,,,,,,Y,3,0,1,2,A,-,09,21802,A,N,A,C,A,A,H,-,A,D,0,,,,,Y,,A,01,0,1,0,0,0,0,0,0,0,"- ","- ",37.345359802246094,-120.60748291015625,MERCED,ATWATER,-120.60749053955078,37.3453369140625
9262222,2021,2021-05-18,2406,2021-04-19,1308,129,SOUTH,1,5,5,2406,0,0,0,,0,031,"WEST 13TH ST","O ST",0.00,,Y,A,-,N,,,,,,,,,,Y,4,0,1,2,A,-,09,21802,A,N,D,C,A,A,H,-,A,A,0,,,,,Y,,A,01,0,0,1,0,0,0,0,0,0,"- ","- ",,,MERCED,MERCED,-120.49037933349609,37.298797607421875
9262226,2021,2021-05-18,2406,2021-04-14,1459,129,CENTR,3,5,5,2406,0,0,0,,0,021,"WEST 16TH ST","I ST",0.00,,Y,A,-,N,,,,,,,,,,Y,3,0,3,2,A,-,09,21801,A,N,D,C,A,A,H,-,A,D,0,,,,,Y,,A,01,0,1,2,0,0,0,0,0,0,"- ","- ",,,MERCED,MERCED,-120.47938537597656,37.298763275146484
9263890,2021,2021-06-08,2401,2021-04-06,2020,719,4,2,5,3,2401,0,0,0,,0,004,"ATWATER BL","WINTON WY",77.00,E,N,A,-,N,,,,,,,,,,N,3,0,1,2,A,-,05,21651,A,N,A,G,A,A,H,-,C,D,0,,Y,,,Y,,L,04,0,1,0,0,0,0,1,0,0,"- ","- ",37.353061676025391,-120.61351776123047,MERCED,ATWATER,-120.61173248291016,37.346881866455078
9263891,2021,2021-06-08,2401,2021-04-10,2032,702,1,6,5,3,2401,0,0,0,,0,001,"WINTON WY","JUNIPER AV",0.00,N,N,A,-,N,,,,,,,,,,N,4,0,2,2,A,-,03,22350,,N,C,C,A,A,H,-,C,A,0,,,,,Y,,A,01,0,0,2,0,0,0,0,0,0,"- ","- ",37.355709075927734,-120.61379241943359,MERCED,ATWATER,-120.61382293701172,37.355705261230469
9263902,2021,2021-06-08,2401,2021-04-05,1946,728,3,1,5,3,2401,0,0,0,,0,003,"E BROADWAY AV","GREEN SANDS AV",600.00,E,N,A,-,N,,,,,,,,,,Y,3,0,1,1,A,-,03,22350,,M,E,I,A,A,H,-,B,D,0,,,,,Y,Y,A,01,0,1,0,0,0,0,0,0,0,"- ","- ",37.339691162109375,-120.58779907226562,MERCED,ATWATER,-120.58261871337891,37.33648681640625
9264187,2021,2021-05-27,2401,2021-04-10,1952,724,1,6,5,3,2401,0,0,0,,0,001,"WINTON WY",JUNIPER,344.00,N,N,A,-,N,,,,,,,,,,Y,3,0,3,2,C,-,18,,,N,C,C,A,A,H,-,C,D,0,,,,,Y,,-,"- ",0,2,1,0,0,0,0,0,0,"- ","- ",37.355709075927734,-120.61379241943359,MERCED,ATWATER,-120.61383819580078,37.356655120849609
9264199,2021,2021-06-03,2401,2021-04-01,1629,722,4,4,5,3,2401,0,0,0,,0,004,"COMMERCE AV","WALMART PARKING LOT ENT",0.00,,Y,A,-,N,,,,,,,,,,Y,3,0,1,2,A,-,09,21803,A,N,D,C,A,A,H,-,A,D,0,,,,,Y,,A,08,0,1,0,0,0,0,0,0,0,"- ","- ",37.340301513671875,-120.60938262939453,MERCED,ATWATER,,
9264241,2021,2021-06-03,2406,2021-05-04,1542,162,2,2,5,5,2406,0,0,0,,0,020,"W 18TH ST","H ST",0.00,,Y,A,-,N,,,,,,,,,,N,3,0,1,2,A,-,09,21802,A,N,D,C,A,A,H,-,A,A,0,,,,,Y,,D,22,0,1,0,0,0,0,0,0,0,"- ","- ",,,MERCED,MERCED,-120.47676849365234,37.300228118896484
9264249,2021,2021-05-24,2406,2021-04-15,1511,162,3,4,5,5,2406,0,0,0,,0,031,"WARDROBE AV","WEST AV",936.00,W,N,A,-,N,,,,,,,,,,Y,4,0,1,2,A,-,09,21801,,N,D,C,A,A,H,-,A,D,0,,,,,Y,,A,01,0,0,1,0,0,0,0,0,0,"- ","- ",,,MERCED,MERCED,-120.50882720947266,37.295440673828125
9264257,2021,2021-06-03,2406,2021-05-04,0754,129,CENTR,2,5,5,2406,0,0,0,,0,020,"EAST CHILDS AV","PARSONS AV",180.00,W,N,A,-,N,,,,,,,,,,Y,4,0,1,2,A,-,03,22350,,N,C,C,A,A,H,-,A,D,0,,,,,Y,,A,01,0,0,1,0,0,0,0,0,0,"- ","- ",,,MERCED,MERCED,-120.45221710205078,37.287849426269531
9264704,2021,2021-05-19,2406,2021-03-31,2029,293,2,3,5,5,2406,0,0,0,,0,020,"MOTEL DR","ALMOND AV",0.00,,Y,A,-,N,,,,,,,,,,Y,3,0,2,2,A,-,09,21801,A,N,D,C,A,A,H,-,D,D,0,,,,,Y,,A,01,0,2,0,0,0,0,0,0,0,"- ","- ",,,MERCED,MERCED,-120.46154022216797,37.291553497314453
9265011,2021,2021-06-03,2406,2021-05-06,1917,292,3,4,5,5,2406,0,0,0,,0,030,"WEST 13TH ST","CANAL ST",0.00,,Y,A,-,N,,,,,,,,,,Y,3,0,1,2,A,-,01,23152,,N,D,C,A,A,H,-,A,A,0,,,,,Y,Y,A,01,0,1,0,0,0,0,0,0,0,"- ","- ",,,MERCED,MERCED,-120.48578643798828,37.297161102294922
9267515,2021,2021-06-11,2406,2021-05-21,1721,256,2,5,5,5,2406,0,0,0,,0,021,"M ST","WEST 20TH ST",0.00,,Y,A,-,N,,,,,,,,,,Y,4,0,1,2,A,-,09,21801,A,N,D,C,A,A,H,-,A,D,0,,,,,Y,,D,22,0,0,1,0,0,0,0,0,0,"- ","- ",,,MERCED,MERCED,-120.48313903808594,37.30499267578125
9269060,2021,2021-06-01,2406,2021-05-12,1105,129,NORTH,3,5,5,2406,0,0,0,,0,010,"G ST","EL PORTAL",0.00,,Y,A,-,N,,,,,,,,,,Y,4,0,1,2,A,-,12,21453,A,N,D,C,A,A,H,-,A,A,0,,,,,Y,,D,22,0,0,1,0,0,0,0,0,0,"- ","- ",,,MERCED,MERCED,-120.46917724609375,37.326709747314453
9269072,2021,2021-06-02,2406,2021-04-24,1516,298,2,6,5,5,2406,0,0,0,,0,020,"E YOSEMITE PKWY","GLEN AV",0.00,W,N,A,-,N,,,,,,,,,,N,4,0,1,2,A,-,03,22350,,N,C,C,A,A,H,-,A,A,0,,,,,Y,,A,07,0,0,1,0,0,0,0,0,0,"- ","- ",,,MERCED,MERCED,-120.46591186523438,37.295215606689453
9269301,2021,2021-05-27,2406,2021-05-06,1751,295,1,4,5,5,2406,0,0,0,,0,010,"G ST","ALPINE DR",0.00,,Y,A,-,N,,,,,,,,,,Y,2,0,1,2,A,-,09,21801,A,N,D,C,A,A,H,-,A,D,0,,,Y,,Y,,A,01,1,0,0,0,0,0,0,0,1,"- ","- ",,,MERCED,MERCED,-120.4693603515625,37.311859130859375
9269302,2021,2021-05-27,2406,2021-05-17,1408,129,SOUTH,1,5,5,2406,0,0,0,,0,030,"WEST CHILDS AV","S CANAL ST",0.00,,Y,A,-,N,,,,,,,,,,N,4,0,2,2,A,-,03,22350,,N,C,C,A,A,H,-,A,D,0,,,,,Y,,A,01,0,0,2,0,0,0,0,0,0,"- ","- ",,,MERCED,MERCED,-120.49113464355469,37.288261413574219
9269303,2021,2021-05-27,2406,2021-05-17,1100,250,2,1,5,5,2406,0,0,0,,0,020,"EAST 26TH ST","6TH AV",0.00,,Y,A,-,N,,,,,,,,,,Y,3,0,1,2,A,-,03,22350,,N,D,C,A,A,H,-,A,D,0,,,,,Y,,A,01,0,1,0,0,0,0,0,0,0,"- ","- ",,,MERCED,MERCED,-120.46624755859375,37.305820465087891
9269304,2021,2021-05-27,2406,2021-05-05,2148,302,NORTH,3,5,5,2406,0,0,0,,0,011,"R ST","LOUGHBOROUGH DR",25.00,N,N,A,-,N,,,,,,,,,,N,3,0,1,2,A,-,11,21955,,N,G,B,D,A,H,-,C,A,0,Y,,,,Y,,N,60,0,1,0,0,1,0,0,0,0,"- ","- ",,,MERCED,MERCED,-120.48699951171875,37.323490142822266
9269305,2021,2021-05-27,2406,2021-05-11,1122,129,SOUTH,2,5,5,2406,0,0,0,,0,031,"WEST 13TH ST","R ST",0.00,,Y,A,-,N,,,,,,,,,,N,4,0,1,2,A,-,08,22101,D,N,B,C,A,A,H,-,A,A,0,,,,,Y,,A,01,0,0,1,0,0,0,0,0,0,"- ","- ",,,MERCED,MERCED,-120.49485015869141,37.300491333007812
9269309,2021,2021-06-02,2406,2021-05-16,0902,296,2,7,5,5,2406,0,0,0,,0,020,"WEST 22ND ST","H ST",42.00,S,N,A,-,N,,,,,,,,,,Y,3,0,5,2,A,-,09,21804,A,N,A,C,A,A,H,-,A,A,0,,,,,Y,,A,01,0,4,1,0,0,0,0,0,0,"- ","- ",,,MERCED,MERCED,-120.47434997558594,37.304183959960938
9269310,2021,2021-05-27,2406,2021-05-16,1439,290,2,7,5,5,2406,0,0,0,,0,021,"R ST","WEST 23RD ST",0.00,,Y,A,-,N,,,,,,,,,,N,4,0,1,2,A,-,09,21802,A,N,D,C,A,A,H,-,A,A,0,,,,,Y,,A,01,0,0,1,0,0,0,0,0,0,"- ","- ",,,MERCED,MERCED,-120.48896789550781,37.310752868652344
9269311,2021,2021-05-27,2406,2021-05-10,2230,303,1,1,5,5,2406,0,0,0,,0,010,"EAST YOSEMITE AV","PARSONS AV",0.00,,Y,A,-,N,,,,,,,,,,Y,3,0,1,2,A,-,12,22450,A,N,D,C,A,A,H,-,C,A,0,,,,,Y,,A,07,0,1,0,0,0,0,0,0,0,"- ","- ",,,MERCED,MERCED,-120.45095825195312,37.332145690917969
9272889,2021,2021-08-02,2401,2021-06-04,1801,723,2,5,5,3,2401,0,0,0,,0,002,"BELLEVUE RD","CONSTITUTION DR",319.00,W,N,A,-,N,,,,,,,,,,N,4,0,1,3,A,-,09,21801,A,N,B,C,A,A,H,-,A,D,0,,,,,Y,,D,72,0,0,1,0,0,0,0,0,0,"- ","- ",37.360488891601562,-120.58601379394531,MERCED,ATWATER,-120.59235382080078,37.360481262207031
9272892,2021,2021-07-29,2401,2021-06-17,1504,100,3,4,5,3,2401,0,0,0,,0,003,"SHAFFER RD","ATWATER BL",20.00,S,N,A,-,N,,,,,,,,,,N,4,0,1,1,A,-,08,22107,,M,E,I,A,A,H,-,A,A,0,,,,,Y,,-,,0,0,1,0,0,0,0,0,0,"- ","- ",37.340980529785156,-120.59600067138672,MERCED,ATWATER,-120.59605407714844,37.340927124023438
9273088,2021,2021-06-16,2401,2021-05-08,2049,724,4,6,5,3,2401,0,0,0,,0,004,"CEDAR AV","WINTON WY",0.00,,Y,A,-,N,,,,,,,,,,N,4,0,1,2,A,-,09,21802,A,N,B,C,A,A,H,-,C,A,0,,,Y,,Y,,A,01,0,0,1,0,0,0,0,0,1,"- ","- ",37.349109649658203,-120.61279296875,MERCED,ATWATER,-120.61285400390625,37.349208831787109
9273235,2021,2021-06-17,2401,2021-05-05,0015,728,1,3,5,3,2401,0,0,0,,0,001,"JUNIPER AV","SHAFFER RD",317.00,W,N,A,-,N,,,,,,,,,,Y,3,0,1,1,A,-,05,21650,,N,E,I,A,A,H,-,C,D,0,,,,,Y,,A,01,0,1,0,0,0,0,0,0,0,"- ","- ",37.349849700927734,-120.59588623046875,MERCED,ATWATER,-120.59700012207031,37.349861145019531
9273236,2021,2021-06-17,2401,2021-05-06,1647,100,1,4,5,3,2401,0,0,0,,0,001,"APPLEGATE RD","SYCAMORE AV",80.00,S,N,A,-,N,,,,,,,,,,N,4,0,1,2,A,-,03,22350,,F,C,C,A,A,H,-,A,A,0,,,,,Y,,A,01,0,0,1,0,0,0,0,0,0,"- ","- ",37.359840393066406,-120.60040283203125,MERCED,ATWATER,-120.61268615722656,37.345561981201172
9273643,2021,2021-06-21,2406,2021-05-18,1341,300,1,2,5,5,2406,0,0,0,,0,010,"M ST","BUENA VISTA DR",321.00,S,N,A,-,N,,,,,,,,,,Y,3,0,1,1,A,-,08,22107,,N,F,I,A,A,H,-,A,D,0,,,,,Y,,A,07,0,1,0,0,0,0,0,0,0,"- ","- ",,,MERCED,MERCED,-120.47852325439453,37.326118469238281
9273647,2021,2021-06-21,2406,2021-05-22,2156,283," 1",6,5,5,2406,0,0,0,,0,011,"WEST YOSEMITE AV","SAN AUGUSTINE AV",10.00,W,N,A,-,N,,,,,,,,,,Y,4,0,1,2,A,-,04,21703,,N,C,C,A,A,H,-,C,A,0,,,,,Y,,A,01,0,0,1,0,0,0,0,0,0,"- ","- ",,,MERCED,MERCED,-120.49909210205078,37.331878662109375
9273648,2021,2021-06-21,2406,2021-05-12,1545,300,3,3,5,5,2406,0,0,0,,0,030,"G ST","CONE AV",0.00,,Y,A,-,N,,,,,,,,,,N,2,0,1,2,A,-,12,22450,A,N,D,C,A,A,H,-,A,A,0,,,Y,,Y,,C,02,1,0,0,0,0,0,0,0,1,"- ","- ",,,MERCED,MERCED,-120.48210144042969,37.284488677978516
9273651,2021,2021-06-21,2406,2021-05-29,1101,256,2,6,5,5,2406,0,0,0,,0,021,"WEST 23RD ST","P ST",0.00,,Y,A,-,N,,,,,,,,,,Y,3,0,2,2,A,-,09,21800,A,N,D,C,A,A,H,-,A,D,0,,,,,Y,,-,"- ",0,1,1,0,0,0,0,0,0,"- ","- ",,,MERCED,MERCED,-120.48595428466797,37.309627532958984
9274387,2021,2021-07-07,2406,2021-06-04,2250,302,1,5,5,5,2406,0,0,0,,0,011,"BUENA VISTA AV","SARASOTA AV",42.00,W,N,A,-,N,,,,,,,,,,Y,2,0,1,3,A,-,01,23152,A,N,A,C,A,A,H,-,C,D,0,,,,Y,Y,Y,A,01,1,0,0,0,0,0,0,0,0,"- ","- ",,,MERCED,MERCED,-120.50227355957031,37.326332092285156
9274476,2021,2021-07-30,2406,2021-06-02,1307,129,NORTH,3,5,5,2406,0,0,0,,0,010,"W NORTH BEAR CREEK","R ST",100.00,W,N,A,-,N,,,,,,,,,,N,3,0,2,1,A,-,08,22107,,N,F,A,A,A,H,-,A,D,0,,,,,Y,,A,01,0,1,1,0,0,0,0,0,0,"- ","- ",,,MERCED,MERCED,-120.48775482177734,37.313766479492188
9274689,2021,2021-06-29,2406,2021-05-31,1336,129,CENTR,1,5,5,2406,0,0,0,,0,020,"WEST 21ST ST","CANAL ST",0.00,,Y,A,-,N,,,,,,,,,,N,4,0,2,2,D,-,00,,,N,A,C,A,H,H,-,A,A,0,,,,,Y,,-,"- ",0,0,2,0,0,0,0,0,0,"- ","- ",,,MERCED,MERCED,-120.48106384277344,37.305423736572266
9274803,2021,2021-09-01,2406,2021-06-05,2156,302,3,6,5,5,2406,0,0,0,,0,031,"WEST CHILDS AV","MLK JR WY",10.00,E,N,A,-,N,,,,,,,,,,N,3,0,1,2,A,-,03,22350,,F,C,C,A,A,H,-,C,A,0,,,,,Y,,A,07,0,1,0,0,0,0,0,0,0,"- ","- ",,,MERCED,MERCED,-120.4874267578125,37.28826904296875
9274878,2021,2021-07-13,2406,2021-05-31,2008,301,B,1,5,5,2406,0,0,0,,0,030,"WEST CHILDS AV","MLK JR WY",400.00,E,N,A,-,N,,,,,,,,,,N,4,0,1,2,A,-,09,21804,A,F,D,C,A,A,H,-,C,D,0,,,,,Y,,D,22,0,0,1,0,0,0,0,0,0,"- ","- ",,,MERCED,MERCED,-120.4874267578125,37.28826904296875
9275365,2021,2021-07-15,2406,2021-06-18,1821,283,2,5,5,5,2406,0,0,0,,0,020,"E SANTA FE AV","5TH AV",10.00,W,N,A,-,N,,,,,,,,,,Y,2,0,2,1,A,-,08,22107,,N,E,I,A,A,H,-,A,D,0,,,,,Y,,A,01,1,1,0,0,0,0,0,0,0,"- ","- ",,,MERCED,MERCED,-120.46780395507812,37.304901123046875
9276003,2021,2021-07-21,2401,2021-06-15,1533,710,4,2,5,3,2401,0,0,0,,0,004,"SIERRA VISTA ST","DAKELEY AV",0.00,,Y,A,-,N,,,,,,,,,,Y,3,0,3,4,A,-,09,21800,A,N,D,C,-,A,H,-,A,D,0,Y,,,,Y,,A,01,0,1,2,0,1,0,0,0,0,"- ","- ",37.349910736083984,-120.61428833007812,MERCED,ATWATER,-120.61428833007812,37.349929809570312
9277169,2021,2021-07-07,2406,2021-05-12,1738,256,1,3,5,5,2406,0,0,0,,0,010,"G ST","EAST OLIVE AV",70.00,N,N,A,-,N,,,,,,,,,,Y,3,0,3,3,A,-,03,22350,,N,C,C,A,A,H,-,A,D,0,,,,,Y,,A,01,0,1,2,0,0,0,0,0,0,"- ","- ",,,MERCED,MERCED,-120.46925354003906,37.318641662597656
9281269,2021,2021-08-26,2405,2021-03-31,1917,PD46,1,3,5,3,2405,0,0,0,,0,0B1,"OVERLAND AV","HONEYBELL ST",690.00,W,N,A,-,N,,,,,,,,,,N,3,0,1,2,-,-,"- ",,,F,G,B,F,A,H,-,A,D,0,Y,,,,Y,,D,72,0,1,0,0,1,0,0,0,0,"- ","- ",37.073719024658203,-120.85504150390625,MERCED,"LOS BANOS",-120.857421875,37.073684692382812
9281275,2021,2021-08-17,2405,2021-03-23,2006,PD46,6,2,5,3,2405,0,0,0,,0,B42,"STONEWOOD DR","WOODBRIDGE ST",59.00,N,N,A,-,N,,,,,,,,,,Y,3,0,1,4,A,-,01,23152,F,N,D,E,A,A,H,-,C,D,0,,,,,Y,,A,01,0,1,0,0,0,0,0,0,0,"- ","- ",37.081390380859375,-120.84340667724609,MERCED,"LOS BANOS",-120.84367370605469,37.081314086914062
9283608,2021,2021-08-27,2406,2021-07-02,0032,283,1,5,5,5,2406,0,0,0,,0,010,"MCKEE RD","EL PORTEL DR",100.00,N,N,A,-,N,,,,,,,,,,Y,3,0,1,2,A,-,01,23152,A,N,B,C,A,A,H,-,C,D,0,,,,,Y,Y,A,01,0,1,0,0,0,0,0,0,0,"- ","- ",,,MERCED,MERCED,-120.44435882568359,37.325164794921875
9283867,2021,2021-10-16,2406,2021-06-26,2108,300,2,6,5,5,2406,0,0,0,,0,020,"MLK JR","WEST 16TH ST",0.00,,Y,A,-,N,,,,,,,,,,N,3,0,2,2,A,-,09,21801,A,N,D,C,A,A,H,-,C,A,0,,,,,Y,,A,01,0,2,0,0,0,0,0,0,0,"- ","- ",,,MERCED,MERCED,-120.48092651367188,37.299320220947266
9283869,2021,2021-10-16,2406,2021-06-27,1700,260,1,7,5,5,2406,0,0,0,,0,011,"W OLIVER AV","LOUGHBOROUGH DR",15.00,E,N,A,-,N,,,,,,,,,,N,4,0,1,2,A,-,03,22350,,F,C,C,A,A,H,-,A,A,0,,,,,Y,,A,01,0,0,1,0,0,0,0,0,0,"- ","- ",,,MERCED,MERCED,-120.49974060058594,37.319179534912109
9283871,2021,2021-10-16,2406,2021-06-17,1601,256,2,4,5,5,2406,0,0,0,,0,020,"G ST","EAST 27TH ST",63.00,S,N,A,-,N,,,,,,,,,,Y,3,0,1,2,A,-,03,22350,,N,C,C,A,A,H,-,A,D,0,,,,,Y,,A,01,0,1,0,0,0,0,0,0,0,"- ","- ",,,MERCED,MERCED,-120.47012329101562,37.308467864990234
9283873,2021,2021-10-16,2406,2021-06-17,1029,256,2,4,5,5,2406,0,0,0,,0,021,"WEST MAIN ST","P ST",0.00,,Y,A,-,N,,,,,,,,,,Y,4,0,3,2,A,-,09,21801,A,N,D,C,A,A,H,-,A,D,0,,,,,Y,,A,01,0,0,3,0,0,0,0,0,0,"- ","- ",,,MERCED,MERCED,-120.48941802978516,37.303668975830078
9283874,2021,2021-10-16,2406,2021-06-16,1303,256,1,3,5,5,2406,0,0,0,,0,011,"M ST","RAMBLER RD",0.00,,Y,A,-,N,,,,,,,,,,Y,4,0,1,2,A,-,09,21802,A,N,D,C,A,A,H,-,A,A,0,,,,,Y,,A,07,0,0,1,0,0,0,0,0,0,"- ","- ",,,MERCED,MERCED,-120.47850799560547,37.315322875976562
9283926,2021,2021-06-23,2406,2021-05-20,1615,300,3,4,5,5,2406,0,0,0,,0,031,"WEST 12TH ST","W ST",0.00,,Y,A,-,N,,,,,,,,,,N,4,0,1,2,A,-,09,21800,A,N,D,C,A,A,H,-,A,D,0,,,,,Y,,D,22,0,0,1,0,0,0,0,0,0,"- ","- ",,,MERCED,MERCED,-120.50294494628906,37.302211761474609
9288927,2021,2021-08-04,2401,2021-06-28,1307,731,4,1,5,3,2401,0,0,0,,0,004,"APPLEGATE RD","SYCAMORE AV",100.00,N,N,A,-,N,,,,,,,,,,N,4,0,1,2,A,-,21,22106,,M,C,C,A,A,H,-,A,A,0,,,,,Y,Y,A,01,0,0,1,0,0,0,0,0,0,"- ","- ",37.346988677978516,-120.61199188232422,MERCED,ATWATER,-120.61241149902344,37.346004486083984
9288949,2021,2021-08-03,2401,2021-06-17,1622,730,4,4,5,3,2401,0,0,0,,0,004,"ATWATER BL","3RD ST",0.00,,Y,A,-,N,,,,,,,,,,N,4,0,1,2,A,-,09,21801,A,N,D,E,A,A,H,-,A,D,0,,,,,Y,,A,01,0,0,1,0,0,0,0,0,0,"- ","- ",37.346050262451172,-120.60935974121094,MERCED,ATWATER,-120.60935974121094,37.346031188964844
9288951,2021,2021-08-03,2401,2021-06-25,1500,718,4,5,5,3,2401,0,0,0,,0,004,BROADWAY,"1ST ST",0.00,,Y,A,-,N,,,,,,,,,,Y,4,0,1,2,A,-,21,22106,,N,D,C,A,A,H,-,A,D,0,,,,,Y,Y,A,01,0,0,1,0,0,0,0,0,0,"- ","- ",37.346149444580078,-120.60700988769531,MERCED,ATWATER,-120.60700988769531,37.346157073974609
9290679,2021,2021-09-20,2406,2021-07-07,1206,256,2,3,5,5,2406,0,0,0,,0,020,"CAMPUS DR","G ST",58.00,S,N,A,-,N,,,,,,,,,,Y,4,0,1,1,A,-,03,22350,,N,E,I,A,A,H,-,A,A,0,,,,,Y,,A,01,0,0,1,0,0,0,0,0,0,"- ","- ",,,MERCED,MERCED,-120.46930694580078,37.323719024658203
9292112,2021,2021-08-11,2406,2021-06-25,1141,302,2,5,5,5,2406,0,0,0,,0,020,"G ST","WEST 21ST ST",32.00,S,N,A,-,N,,,,,,,,,,N,2,0,1,2,A,-,06,21755,A,N,B,C,A,A,H,-,A,A,0,,,Y,,Y,,C,02,1,0,0,0,0,0,0,0,1,"- ","- ",,,MERCED,MERCED,-120.47360992431641,37.302619934082031
9292132,2021,2021-08-11,2406,2021-06-12,0953,270,1,6,5,5,2406,0,0,0,,0,011,"YOSEMITE AV","R ST",20.00,W,N,A,-,N,,,,,,,,,,N,4,0,1,2,A,-,03,22350,,N,C,C,A,A,H,-,A,A,0,,,,,Y,,D,22,0,0,1,0,0,0,0,0,0,"- ","- ",,,MERCED,MERCED,-120.48654937744141,37.332038879394531
9292142,2021,2021-07-27,2404,2021-04-19,2120,X54,,1,5,3,2404,0,0,0,,0,,"JOHANNISBURG DR","HAMMATT AVE",27.00,S,N,A,-,N,,,,,,,,,,N,4,0,1,2,A,-,08,22107,,M,C,E,A,A,H,-,C,D,0,,,,,Y,,A,01,0,0,1,0,0,0,0,0,0,"- ","- ",37.375740051269531,-120.71431732177734,MERCED,LIVINGSTON,-120.71430969238281,37.375709533691406
9292167,2021,2021-07-20,2404,2021-05-15,1845,X55,,6,5,3,2404,0,0,0,,0,,"HAMMATT AV","N KAPREIL WY",30.00,S,N,A,-,N,,,,,,,,,,N,4,0,2,2,A,-,08,22107,,N,D,C,A,A,H,-,A,D,0,,,,,Y,,A,01,0,0,2,0,0,0,0,0,0,"- ","- ",37.391399383544922,-120.71161651611328,MERCED,LIVINGSTON,-120.71160888671875,37.391326904296875
9292470,2021,2021-07-26,2404,2021-03-11,1450,X12,,4,5,3,2404,0,0,0,,0,,"CAMPBELL AV","FRANCI ST",0.00,,Y,A,-,N,,,,,,,,,,Y,4,0,1,2,A,-,03,22350,,N,C,C,A,A,H,-,A,A,0,,,,,Y,,A,01,0,0,1,0,0,0,0,0,0,"- ","- ",37.803421020507812,-120.97812652587891,MERCED,LIVINGSTON,-120.71987915039062,37.387638092041016
9292486,2021,2021-07-22,2404,2021-05-27,0009,X48,,4,5,3,2404,0,0,0,,0,,"MAIN ST","COURT ST",25.00,S,N,A,-,N,,,,,,,,,,Y,3,0,1,2,A,-,03,22350,,N,C,C,A,A,H,-,C,A,0,,,,,Y,,A,01,0,1,0,0,0,0,0,0,0,"- ","- ",37.387958526611328,-120.72280120849609,MERCED,LIVINGSTON,-120.72285461425781,37.387619018554688