CASE_ID,ACCIDENT_YEAR,PROC_DATE,JURIS,COLLISION_DATE,COLLISION_TIME,OFFICER_ID,REPORTING_DISTRICT,DAY_OF_WEEK,CHP_SHIFT,POPULATION,CNTY_CITY_LOC,SPECIAL_COND,BEAT_TYPE,CHP_BEAT_TYPE,CITY_DIVISION_LAPD,CHP_BEAT_CLASS,BEAT_NUMBER,PRIMARY_RD,SECONDARY_RD,DISTANCE,DIRECTION,INTERSECTION,WEATHER_1,WEATHER_2,STATE_HWY_IND,CALTRANS_COUNTY,CALTRANS_DISTRICT,STATE_ROUTE,ROUTE_SUFFIX,POSTMILE_PREFIX,POSTMILE,LOCATION_TYPE,RAMP_INTERSECTION,SIDE_OF_HWY,TOW_AWAY,COLLISION_SEVERITY,NUMBER_KILLED,NUMBER_INJURED,PARTY_COUNT,PRIMARY_COLL_FACTOR,PCF_CODE_OF_VIOL,PCF_VIOL_CATEGORY,PCF_VIOLATION,PCF_VIOL_SUBSECTION,HIT_AND_RUN,TYPE_OF_COLLISION,MVIW,PED_ACTION,ROAD_SURFACE,ROAD_COND_1,ROAD_COND_2,LIGHTING,CONTROL_DEVICE,CHP_ROAD_TYPE,PEDESTRIAN_ACCIDENT,BICYCLE_ACCIDENT,MOTORCYCLE_ACCIDENT,TRUCK_ACCIDENT,NOT_PRIVATE_PROPERTY,ALCOHOL_INVOLVED,STWD_VEHTYPE_AT_FAULT,CHP_VEHTYPE_AT_FAULT,COUNT_SEVERE_INJ,COUNT_VISIBLE_INJ,COUNT_COMPLAINT_PAIN,COUNT_PED_KILLED,COUNT_PED_INJURED,COUNT_BICYCLIST_KILLED,COUNT_BICYCLIST_INJURED,COUNT_MC_KILLED,COUNT_MC_INJURED,PRIMARY_RAMP,SECONDARY_RAMP,LATITUDE,LONGITUDE,COUNTY,CITY,POINT_X,POINT_Y
9292507,2021,2021-08-04,2404,2021-02-01,1844,X37,,1,5,3,2404,0,0,0,,0,,"MAIN ST",DAVIS,22.00,W,N,A,-,N,,,,,,,,,,N,3,0,4,2,A,-,09,21801,B,N,D,C,A,A,H,-,C,A,0,,,,,Y,,A,71,0,4,0,0,0,0,0,0,0,"- ","- ",37.390060424804688,-120.72093200683594,MERCED,LIVINGSTON,-120.72100067138672,37.390083312988281
9292659,2021,2021-07-29,2404,2021-04-05,0053,X5,,1,5,3,2404,0,0,0,,0,,"F ST","MAIN ST",150.00,W,N,A,-,N,,,,,,,,,,Y,3,0,1,3,A,-,01,23152,,N,C,C,A,A,H,-,C,B,0,,,,,Y,Y,A,01,0,1,0,0,0,0,0,0,0,"- ","- ",37.382598876953125,-120.72454833984375,MERCED,LIVINGSTON,-120.72385406494141,37.382278442382812
9292660,2021,2021-07-29,2404,2021-04-03,1410,X54,,6,5,3,2404,0,0,0,,0,,"WALNUT AV","HAMMATT AV",0.00,,Y,A,-,N,,,,,,,,,,N,3,0,1,2,A,-,09,21800,A,N,D,C,A,A,H,-,A,A,0,,,,,Y,,-,"- ",0,1,0,0,0,0,0,0,0,"- ","- ",37.389541625976562,-120.71415710449219,MERCED,LIVINGSTON,-120.71215057373047,37.389564514160156
9293377,2021,2021-08-04,2404,2021-02-11,1810,X42,,4,5,3,2404,0,0,0,,0,,"CAMPBELL AV","N MAIN ST",0.00,,Y,C,-,N,,,,,,,,,,Y,2,0,1,2,A,-,09,21802,A,N,D,C,A,B,H,-,C,A,0,,,,,Y,,A,07,1,0,0,0,0,0,0,0,0,"- ","- ",37.388580322265625,-120.72176361083984,MERCED,LIVINGSTON,-120.72174835205078,37.388572692871094
9293403,2021,2021-08-17,2406,2021-07-05,1433,303,2,1,5,5,2406,0,0,0,,0,020,"EAST CHILDS AV","WATERTOWN DR",18.00,N,N,A,-,N,,,,,,,,,,Y,3,0,2,2,A,-,03,22350,,N,C,C,A,A,H,-,A,D,0,,,,,Y,,A,07,0,2,0,0,0,0,0,0,0,"- ","- ",,,MERCED,MERCED,-120.44532775878906,37.287818908691406
9293404,2021,2021-08-17,2406,2021-07-08,1645,306,1,4,5,5,2406,0,0,0,,0,011,"WEST OLIVE AV","PEPPERWOOD LN",0.00,,Y,A,-,N,,,,,,,,,,Y,3,0,2,2,A,-,08,22107,,N,D,C,A,A,H,-,A,D,0,,,,,Y,,A,01,0,1,1,0,0,0,0,0,0,"- ","- ",,,MERCED,MERCED,-120.48468017578125,37.319328308105469
9293405,2021,2021-08-18,2406,2021-07-06,1401,303,2,2,5,5,2406,0,0,0,,0,021,"R ST","W 18TH ST",6.00,W,N,A,-,N,,,,,,,,,,N,3,0,1,2,A,-,12,21453,A,N,D,C,A,A,H,-,A,A,0,,,,,Y,,A,07,0,1,0,0,0,0,0,0,0,"- ","- ",,,MERCED,MERCED,-120.49185180664062,37.305774688720703
9293593,2021,2021-08-04,2406,2021-07-16,1026,256,1,5,5,5,2406,0,0,0,,0,011,"WEST 16TH ST","RT 59",75.00,W,N,A,-,Y,MER,10,59,-,-,15.350,I,5,S,N,4,0,1,2,A,-,03,22350,,N,C,C,A,A,H,-,A,D,0,,,,,Y,,D,22,0,0,1,0,0,0,0,0,0,"- ","- ",,,MERCED,MERCED,-120.50485229492188,37.308284759521484
9295891,2021,2021-08-06,2406,2021-07-10,1323,256,1,6,5,5,2406,0,0,0,,0,011,"W OLIVE AV","RT 59",0.00,,Y,A,-,Y,MER,10,59,-,-,16.100,I,5,S,Y,4,0,1,3,A,-,12,21453,A,M,D,C,A,A,H,-,A,A,0,,,,,Y,,-,,0,0,1,0,0,0,0,0,0,"- ","- ",,,MERCED,MERCED,-120.50492858886719,37.319099426269531
9295895,2021,2021-08-06,2406,2021-07-07,1607,256,3,3,5,5,2406,0,0,0,,0,030,"MARTIN LUTHER KING JR WY","RT 99",0.00,,Y,A,-,Y,MER,10,99,-,-,14.786,R,4,S,N,3,0,1,2,A,-,09,21802,A,N,D,C,A,A,H,-,A,A,0,,,,,Y,,A,08,0,1,0,0,0,0,0,0,0,"- ","- ",,,MERCED,MERCED,-120.48408508300781,37.2969970703125
9296460,2021,2021-09-02,2406,2021-07-20,1750,289,,2,5,5,2406,0,0,0,,0,1-10,"EAST YOSEMITE AV","CORDOVA AV",0.00,,Y,A,-,N,,,,,,,,,,N,3,0,1,2,A,-,09,21801,,N,B,C,A,A,H,-,A,D,0,,,Y,,Y,,A,01,0,1,0,0,0,0,0,0,1,"- ","- ",,,MERCED,MERCED,-120.46314239501953,37.332145690917969
9297796,2021,2021-09-01,2406,2021-07-17,2159,303,3,6,5,5,2406,0,0,0,,0,031,"MCSWAIN RD","X ST",0.00,,Y,A,-,N,,,,,,,,,,Y,3,0,2,2,A,-,12,21453,A,N,D,C,A,-,H,-,C,A,0,,,,,Y,,-,"- ",0,2,0,0,0,0,0,0,0,"- ","- ",,,MERCED,MERCED,-120.5045166015625,37.302730560302734
9299084,2021,2021-09-07,2406,2021-07-30,1233,256,2,5,5,5,2406,0,0,0,,0,021,"R ST","WEST 16TH ST",3.00,S,N,A,-,N,,,,,,,,,,N,4,0,1,2,A,-,03,22350,,N,C,C,A,A,H,-,A,A,0,,,,,Y,,D,22,0,0,1,0,0,0,0,0,0,"- ","- ",,,MERCED,MERCED,-120.49300384521484,37.303733825683594
9299094,2021,2021-09-08,2401,2021-07-17,1400,718,1,6,5,3,2401,0,0,0,,0,001,"WEST BELLEVUE RD","ALABAMA ST",0.00,,Y,A,-,N,,,,,,,,,,N,4,0,3,3,A,-,03,22350,,N,C,C,A,A,H,-,A,D,0,,,,,Y,,D,22,0,0,3,0,0,0,0,0,0,"- ","- ",37.360530853271484,-120.59668731689453,MERCED,ATWATER,-120.59794616699219,37.360458374023438
9299148,2021,2021-08-31,2406,2021-07-16,1228,306,2,5,5,5,2406,0,0,0,,0,021,"WN BEAR CREEK DR","M ST",38.00,W,N,A,-,N,,,,,,,,,,Y,4,0,1,3,A,-,03,22350,,N,C,C,A,A,H,-,A,D,0,,,,,Y,,A,07,0,0,1,0,0,0,0,0,0,"- ","- ",,,MERCED,MERCED,,
9299149,2021,2021-08-31,2406,2021-07-17,1436,306,1,6,5,5,2406,0,0,0,,0,010,"WEST YOSEMITE AV","G ST",0.00,,Y,A,-,N,,,,,,,,,,Y,4,0,2,2,A,-,12,21453,A,N,D,C,A,A,H,-,A,A,0,,,,,Y,,A,01,0,0,2,0,0,0,0,0,0,"- ","- ",,,MERCED,MERCED,-120.46907806396484,37.332115173339844
9299154,2021,2021-08-31,2406,2021-07-22,1813,303,3,4,5,5,2406,0,0,0,,0,031,"WEST 8TH ST","R ST",0.00,,Y,A,-,N,,,,,,,,,,N,3,0,1,2,D,-,00,,,F,D,C,A,A,H,-,A,A,0,,,,,Y,,-,"- ",0,1,0,0,0,0,0,0,0,"- ","- ",,,MERCED,MERCED,-120.49772644042969,37.295478820800781
9299158,2021,2021-08-31,2406,2021-07-23,2343,283,2,5,5,5,2406,0,0,0,,0,021,"WEST MAIN ST","R ST",215.00,W,N,A,-,N,,,,,,,,,,Y,4,0,1,1,B,-,22,,,N,E,I,A,A,H,-,C,D,0,,,,,Y,,-,"- ",0,0,1,0,0,0,0,0,0,"- ","- ",,,MERCED,MERCED,-120.49310302734375,37.304996490478516
9299159,2021,2021-08-31,2406,2021-07-25,1316,266,3,7,5,5,2406,0,0,0,,0,031,"WEST 13TH ST","R ST",0.00,,Y,A,-,N,,,,,,,,,,Y,4,0,2,2,A,-,07,21658,A,N,D,C,A,A,H,-,A,A,0,,,,,Y,,A,01,0,0,2,0,0,0,0,0,0,"- ","- ",,,MERCED,MERCED,-120.49485015869141,37.300491333007812
9299160,2021,2021-08-31,2406,2021-07-22,1507,306,2,4,5,5,2406,0,0,0,,0,021,"R ST","WEST 25TH ST",21.00,S,N,A,-,N,,,,,,,,,,N,4,0,2,2,A,-,03,22350,,N,C,C,A,A,H,-,A,D,0,,,,,Y,,A,01,0,0,2,0,0,0,0,0,0,"- ","- ",,,MERCED,MERCED,-120.48783874511719,37.312698364257812
9299375,2021,2021-08-17,2406,2021-06-20,2208,279,2,7,5,5,2406,0,0,0,,0,220,"WEST 15TH ST","M ST",0.00,,Y,A,-,N,,,,,,,,,,Y,4,0,1,2,A,-,09,21800,C,N,D,C,A,A,H,-,C,A,0,,,,,Y,,A,01,0,0,1,0,0,0,0,0,0,"- ","- ",,,MERCED,MERCED,-120.48615264892578,37.299690246582031
9299423,2021,2021-09-03,2401,2021-07-27,0017,703,2,2,5,3,2401,0,0,0,,0,002,"BUHACH RD","EAST BELLEVUE RD",0.00,,Y,A,-,N,,,,,,,,,,Y,3,0,2,2,A,-,12,21453,A,N,E,I,A,A,H,-,C,A,0,,,,,Y,Y,A,01,0,1,1,0,0,0,0,0,0,"- ","- ",37.360500335693359,-120.57657623291016,MERCED,ATWATER,-120.57663726806641,37.360511779785156
9299424,2021,2021-09-10,2401,2021-07-28,1601,730,4,3,5,3,2401,0,0,0,,0,004,"ATWATER BL","APPLEGATE RD",0.00,,Y,A,-,N,,,,,,,,,,N,3,0,1,3,A,-,04,21703,,N,C,C,A,A,H,-,A,A,0,,,,,Y,,A,01,0,1,0,0,0,0,0,0,0,"- ","- ",37.348239898681641,-120.61517333984375,MERCED,ATWATER,-120.61197662353516,37.346950531005859
9300243,2021,2021-10-13,2405,2021-01-22,1318,PD133,2,5,5,3,2405,0,0,0,,0,0B2,"N SANTA ANA ST","BRODDRICK CT",208.00,N,N,C,-,N,,,,,,,,,,Y,3,0,2,2,A,-,06,21750,A,F,D,C,A,B,H,-,A,D,0,,,,,Y,,D,22,0,2,0,0,0,0,0,0,0,"- ","- ",37.068019866943359,-120.83838653564453,MERCED,"LOS BANOS",-120.83806610107422,37.068122863769531
9300484,2021,2021-08-16,2405,2021-03-29,0844,PD56,2`,1,5,3,2405,0,0,0,,0,0B2,"E PACHECO BL","E PACHECO BL 2000",0.00,,-,A,-,N,,,,,,,,,,Y,3,0,1,1,A,-,08,22107,,N,E,I,A,A,H,-,A,D,0,,,,,Y,,A,01,0,1,0,0,0,0,0,0,0,"- ","- ",37.057079315185547,-120.82453918457031,MERCED,"LOS BANOS",-120.81047058105469,37.056571960449219
9301053,2021,2021-08-13,2405,2021-01-28,1618,PD57,3,4,5,3,2405,0,0,0,,0,0B3,"WARD RD","RT 152",43.00,N,N,C,-,Y,MER,10,152,-,-,22.252,I,5,W,N,4,0,2,2,A,-,09,21800,A,N,D,C,A,B,H,-,A,A,0,,,,,Y,,A,01,0,0,2,0,0,0,0,0,0,"- ","- ",37.056850433349609,-120.81754302978516,MERCED,"LOS BANOS",-120.81764221191406,37.056812286376953
9301057,2021,2021-08-13,2405,2021-01-09,1814,PD54,2,6,5,3,2405,0,0,0,,0,0B2,"E PACHECO BL","PLACE RD",13.00,W,N,A,-,Y,MER,10,152,-,-,21.761,I,5,W,Y,4,0,2,2,A,-,12,21453,A,N,D,C,A,A,H,-,C,A,0,,,,,Y,,A,01,0,0,2,0,0,0,0,0,0,"- ","- ",37.057060241699219,-120.82649230957031,MERCED,"LOS BANOS",-120.82643127441406,37.057018280029297
9301061,2021,2021-08-13,2405,2021-02-28,1711,PD44,2,7,5,3,2405,0,0,0,,0,0B2,"E PACHECO BL","H ST",57.00,E,N,A,-,Y,MER,10,152,-,-,21.160,H,-,E,N,4,0,1,2,A,-,03,22350,,F,C,C,A,A,H,-,A,A,0,,,,,Y,,A,01,0,0,1,0,0,0,0,0,0,"- ","- ",37.056919097900391,-120.83754730224609,MERCED,"LOS BANOS",-120.83737182617188,37.056922912597656
9301062,2021,2021-08-12,2405,2021-01-17,0517,PD56,3,7,5,3,2405,0,0,0,,0,0B3,"E PACHECO BL","SANTA FE GRADE",0.00,,Y,A,-,Y,MER,10,152,-,-,22.560,H,-,W,Y,4,0,1,1,A,-,08,22107,,N,E,I,A,A,H,-,C,A,0,,,,,Y,,A,01,0,0,1,0,0,0,0,0,0,"- ","- ",37.055599212646484,-120.78761291503906,MERCED,"LOS BANOS",-120.81222534179688,37.056575775146484
9301069,2021,2021-08-13,2405,2021-03-27,1842,PD20,2,6,5,3,2405,0,0,0,,0,0B2,"E PACHECO BL","WARD RD",400.00,W,N,A,-,Y,MER,10,152,-,-,22.170,H,-,W,N,3,0,6,2,A,-,09,21804,,M,D,C,A,A,H,-,A,D,0,,,,,Y,,A,01,0,4,2,0,0,0,0,0,0,"- ","- ",37.057079315185547,-120.82453918457031,MERCED,"LOS BANOS",-120.81909942626953,37.0570068359375
9301074,2021,2021-08-12,2405,2021-02-14,0806,PD55,3,7,5,3,2405,0,0,0,,0,0B3,"E PACHECO BL","TANNER RD",0.00,,Y,A,-,Y,MER,10,152,-,-,21.680,I,5,W,N,4,0,1,1,A,-,03,22350,,M,E,I,A,A,H,-,C,D,0,,,,,Y,,-,,0,0,1,0,0,0,0,0,0,"- ","- ",37.056938171386719,-120.82776641845703,MERCED,"LOS BANOS",-120.82791137695312,37.057003021240234
9301264,2021,2021-08-17,2406,2021-07-14,1746,237,3,3,5,5,2406,0,0,0,,0,030,"MARTIN LUTHER KING JR WY","WEST 11TH ST",0.00,,Y,A,-,Y,MER,10,59,-,-,14.580,I,5,S,N,3,0,1,2,A,-,09,21804,,F,A,C,A,A,H,-,A,D,0,,,,,Y,Y,A,01,0,1,0,0,0,0,0,0,0,"- ","- ",,,MERCED,MERCED,-120.48397064208984,37.294036865234375
9301409,2021,2021-08-24,2406,2021-07-23,1305,306,,5,5,5,2406,0,0,0,,0,,"MARTIN LUTHER KING JR WY","MAIN ST",24.00,S,N,A,-,N,,,,,,,,,,N,4,0,1,2,A,-,08,22107,,N,D,G,A,A,H,-,A,D,0,,Y,,,Y,,L,04,0,0,1,0,0,0,1,0,0,"- ","- ",,,MERCED,MERCED,-120.48041534423828,37.300251007080078
9302374,2021,2021-08-12,2405,2021-03-05,1815,PD44,2,5,5,3,2405,0,0,0,,0,0B2,"7TH ST","ABBY CIR",21.00,N,N,A,-,N,,,,,,,,,,N,2,0,1,2,A,-,09,21801,A,N,D,C,A,A,H,-,C,A,0,,,Y,,Y,,A,01,1,0,0,0,0,0,0,0,1,"- ","- ",37.067558288574219,-120.84134674072266,MERCED,"LOS BANOS",-120.84130859375,37.067611694335938
9302375,2021,2021-08-12,2405,2021-03-08,1746,PD46,,1,5,3,2405,0,0,0,,0,,"BADGER FLAT RD","H ST",463.00,S,N,A,-,N,,,,,,,,,,Y,3,0,3,2,A,-,08,22107,,N,A,C,A,A,H,-,A,D,0,,,,,Y,,A,01,0,3,0,0,0,0,0,0,0,"- ","- ",37.075359344482422,-120.87645721435547,MERCED,"LOS BANOS",,
9302378,2021,2021-08-12,2405,2021-03-29,1331,PD27,2,1,5,3,2405,0,0,0,,0,0B2,"H ST","7TH ST",0.00,,Y,A,-,N,,,,,,,,,,Y,4,0,3,2,D,-,00,,,N,D,C,A,A,H,-,A,A,0,,,,,Y,,-,"- ",0,0,3,0,0,0,0,0,0,"- ","- ",37.061241149902344,-120.84578704833984,MERCED,"LOS BANOS",-120.84577941894531,37.061225891113281
9308994,2021,2021-10-07,2405,2021-02-05,1401,PD55,6,5,5,3,2405,0,0,0,,0,B4/2,"OVERLAND AV","STONEWOOD DR",0.00,,Y,A,-,N,,,,,,,,,,Y,4,0,3,2,A,-,09,21802,A,N,D,C,A,A,H,-,A,A,0,,,,,Y,,A,01,0,0,3,0,0,0,0,0,0,"- ","- ",37.073711395263672,-120.84149932861328,MERCED,"LOS BANOS",-120.84162902832031,37.073772430419922
9308995,2021,2021-10-07,2405,2021-02-02,0720,PD39,1,2,5,3,2405,0,0,0,,0,0B1,"I ST","7TH ST",0.00,,Y,A,-,N,,,,,,,,,,N,4,0,1,2,A,-,10,21950,A,N,G,B,B,A,H,-,A,A,0,Y,,,,Y,,A,01,0,0,1,0,1,0,0,0,0,"- ","- ",37.060279846191406,-120.84647369384766,MERCED,"LOS BANOS",-120.84648132324219,37.060272216796875
9312238,2021,2021-09-03,2402,2021-05-03,1538,J1,"DOS P",1,5,2,2402,0,0,0,,0,,"ELGIN AV","BLOSSOM ST",0.00,,Y,A,-,Y,MER,10,33,-,R,1.169,I,5,S,Y,3,0,2,3,A,-,12,22450,,N,D,C,A,A,H,-,A,A,0,,,,,Y,,A,01,0,1,1,0,0,0,0,0,0,"- ","- ",,,MERCED,"DOS PALOS",-120.63558197021484,36.985725402832031
9312802,2021,2021-10-07,2406,2021-08-10,2119,295,2,2,5,5,2406,0,0,0,,0,020,"M ST","WEST MAIN ST",0.00,,Y,A,-,N,,,,,,,,,,Y,4,0,1,3,A,-,01,23152,A,N,D,C,A,A,H,-,C,A,0,,,Y,,Y,Y,C,02,0,0,1,0,0,0,0,0,1,"- ","- ",,,MERCED,MERCED,-120.48483276367188,37.302013397216797
9312876,2021,2021-09-08,2406,2021-07-31,1107,256,2,6,5,5,2406,0,0,0,,0,020,"MARTIN LUTHER KING JR WAY","WEST 19TH ST",0.00,,Y,A,-,N,,,,,,,,,,Y,3,0,2,2,A,-,12,22450,A,N,D,C,A,A,H,-,A,A,0,,,,,Y,,A,01,0,1,1,0,0,0,0,0,0,"- ","- ",,,MERCED,MERCED,-120.47920989990234,37.302326202392578
9317438,2021,2021-10-01,2406,2021-08-11,2227,267,3,3,5,5,2406,0,0,0,,0,030,"M ST","W 7TH ST",0.00,,Y,A,-,N,,,,,,,,,,Y,3,0,1,2,A,-,12,22450,A,F,D,C,A,A,H,-,C,A,0,,,,,Y,,A,01,0,1,0,0,0,0,0,0,0,"- ","- ",,,MERCED,MERCED,-120.49074554443359,37.291690826416016
9317439,2021,2021-10-01,2406,2021-08-13,0752,256,1,5,5,5,2406,0,0,0,,0,011,"WEST OLIVE AV","APPLEWOOD LN",30.00,E,N,A,-,N,,,,,,,,,,Y,4,0,2,4,A,-,03,22350,,N,C,C,A,A,H,-,A,A,0,,,,,Y,,A,07,0,0,2,0,0,0,0,0,0,"- ","- ",,,MERCED,MERCED,-120.48164367675781,37.319190979003906
9318334,2021,2021-09-27,2401,2021-08-10,1200,733,4,2,5,3,2401,0,0,0,,0,004,"WINTON WY","CEDAR AV",0.00,,Y,A,-,N,,,,,,,,,,Y,3,0,1,2,A,-,03,22350,,N,D,C,A,A,H,-,A,D,0,,,,,Y,,A,01,0,1,0,0,0,0,0,0,0,"- ","- ",37.349109649658203,-120.61279296875,MERCED,ATWATER,-120.61285400390625,37.349208831787109
9318336,2021,2021-09-27,2401,2021-08-27,1637,732,1,5,5,3,2401,0,0,0,,0,001,"JUNIPER AV","3RD ST",5.00,E,N,A,-,N,,,,,,,,,,N,3,0,1,2,A,-,09,21800,C,F,H,G,A,A,H,-,A,D,0,,Y,,,Y,,A,07,0,1,0,0,0,0,1,0,0,"- ","- ",37.35369873046875,-120.60626220703125,MERCED,ATWATER,-120.60516357421875,37.353282928466797
9318426,2021,2021-10-01,2401,2021-08-03,1623,730,3,2,5,3,2401,0,0,0,,0,003,"JUNIPER AV","CLARK ST",0.00,,Y,A,-,N,,,,,,,,,,N,3,0,4,2,A,-,09,21804,A,N,D,C,A,A,H,-,A,D,0,,,,,Y,,A,01,0,2,2,0,0,0,0,0,0,"- ","- ",37.348621368408203,-120.59425354003906,MERCED,ATWATER,-120.59424591064453,37.349811553955078
9319745,2021,2021-09-17,2402,2021-03-23,1841,P19,,2,5,2,2402,0,0,0,,0,,"ELGIN AV","BLOSSOM ST",7.00,N,N,A,-,N,,,,,,,,,,N,4,0,1,2,A,-,04,21703,,N,C,-,A,A,H,-,A,A,0,,,,,Y,,A,01,0,0,1,0,0,0,0,0,0,"- ","- ",,,MERCED,"DOS PALOS",-120.63559722900391,36.986110687255859
9320389,2021,2022-03-17,2405,2021-07-11,2300,PD54,1,7,5,3,2405,0,0,0,,0,0B1,"RT 152","BADGER FLAT RD",43.00,W,N,A,-,Y,MER,10,152,-,-,18.860,H,-,E,N,1,1,0,2,A,-,11,21954,A,N,G,B,D,A,H,-,C,A,0,Y,,,,Y,,N,60,0,0,0,1,0,0,0,0,0,"- ","- ",37.056831359863281,-120.87831115722656,MERCED,"LOS BANOS",-120.87874603271484,37.056739807128906
9320427,2021,2022-03-03,2406,2021-12-07,1721,311,CENTR,2,5,5,2406,0,0,0,,0,"2 20","DOPPLER RD","GERARD AV",189.00,E,N,E,-,N,,,,,,,,,,Y,1,1,0,1,A,-,03,22350,,N,F,A,A,A,H,-,D,D,0,,,,,Y,,A,01,0,0,0,0,0,0,0,0,0,"- ","- ",,,MERCED,MERCED,-120.44757843017578,37.280220031738281
9323049,2021,2021-10-11,2401,2021-08-09,1631,720,1,1,5,3,2401,0,0,0,,0,001,"WINTON WY","FAY DR",0.00,,Y,A,-,N,,,,,,,,,,Y,3,0,2,3,A,-,03,22350,,N,C,C,B,A,H,-,A,D,0,Y,,,,Y,,A,01,0,2,0,0,0,0,0,0,0,"- ","- ",37.358451843261719,-120.61383056640625,MERCED,ATWATER,-120.61383819580078,37.358451843261719
9323061,2021,2021-10-04,2401,2021-08-12,2037,724,4,4,5,3,2401,0,0,0,,0,004,"PACKERS ST","ELM AV",94.00,N,N,A,-,N,,,,,,,,,,Y,4,0,1,2,A,-,07,21658,A,M,B,E,A,A,H,-,D,D,0,,,,,Y,Y,A,01,0,0,1,0,0,0,0,0,0,"- ","- ",37.347549438476562,-120.60299682617188,MERCED,ATWATER,-120.60344696044922,37.347408294677734
9323090,2021,2021-10-04,2401,2021-08-21,1549,731,1,6,5,3,2401,0,0,0,,0,001,"BELLEVUE RD","LINDEN ST",0.00,,Y,A,-,N,,,,,,,,,,Y,4,0,1,2,A,-,05,21651,A,N,B,C,A,A,H,-,A,A,0,,,,,Y,,A,71,0,0,1,0,0,0,0,0,0,"- ","- ",37.360370635986328,-120.6138916015625,MERCED,ATWATER,-120.6038818359375,37.360439300537109
9324042,2021,2021-09-27,2406,2021-08-10,0525,262,CENTR,2,5,5,2406,0,0,0,,0,021,"R ST","WEST 14TH ST",0.00,,Y,A,-,N,,,,,,,,,,Y,3,0,1,2,A,-,08,22107,,N,D,C,A,A,H,-,B,A,0,,,,,Y,,D,22,0,1,0,0,0,0,0,0,0,"- ","- ",,,MERCED,MERCED,-120.49429321289062,37.301425933837891
9324046,2021,2021-09-27,2406,2021-08-17,0115,267,3,2,5,5,2406,0,0,0,,0,030,"WEST CHILDS AV","MARTIN LUTHER KING JR WY",1000.00,E,N,A,-,N,,,,,,,,,,N,3,0,1,2,A,-,08,22107,,F,G,B,F,A,H,-,D,D,0,Y,,,,Y,,D,22,0,1,0,0,1,0,0,0,0,"- ","- ",,,MERCED,MERCED,-120.4874267578125,37.28826904296875
9324185,2021,2021-09-24,2406,2021-08-12,0810,252,2,4,5,5,2406,0,0,0,,0,020,"EAST 16TH ST","G ST",10.00,E,N,A,-,N,,,,,,,,,,N,4,0,1,2,A,-,03,22350,A,F,C,C,A,A,H,-,A,A,0,,,,,Y,,A,07,0,0,1,0,0,0,0,0,0,"- ","- ",,,MERCED,MERCED,-120.47635650634766,37.29766845703125
9324187,2021,2021-09-24,2406,2021-08-15,2017,291,2,7,5,5,2406,0,0,0,,0,021,"G ST","WEST 23RD ST",0.00,,Y,A,-,N,,,,,,,,,,N,4,0,1,2,A,-,09,21802,A,N,D,C,A,A,H,-,C,D,0,,,,,Y,,A,01,0,0,1,0,0,0,0,0,0,"- ","- ",,,MERCED,MERCED,-120.47245025634766,37.304641723632812
9324190,2021,2021-09-24,2406,2021-08-16,1807,291,1,1,5,5,2406,0,0,0,,0,011,"MEADOWS AV","OLIVEWOOD DR",12.00,S,N,A,-,N,,,,,,,,,,N,2,0,1,2,A,-,00,21959,A,N,G,B,D,A,H,-,A,D,0,Y,,,,Y,,N,60,1,0,0,0,1,0,0,0,0,"- ","- ",,,MERCED,MERCED,-120.49058532714844,37.318321228027344
9325621,2021,2021-09-30,2406,2021-08-16,1241,304,1,1,5,5,2406,0,0,0,,0,010,"G ST","E DONNA DR",0.00,,Y,A,-,N,,,,,,,,,,Y,4,0,2,2,A,-,12,21453,A,N,D,C,A,A,H,-,A,A,0,,,,,Y,,A,07,0,0,2,0,0,0,0,0,0,"- ","- ",,,MERCED,MERCED,-120.46913146972656,37.329868316650391
9325622,2021,2021-09-30,2406,2021-08-20,0749,256,1,5,5,5,2406,0,0,0,,0,011,"PHELPS DR","M ST",0.00,,Y,A,-,N,,,,,,,,,,N,4,0,1,2,A,-,09,21802,A,N,D,G,A,A,H,-,A,A,0,,Y,,,Y,,A,01,0,0,1,0,0,0,1,0,0,"- ","- ",,,MERCED,MERCED,-120.47776794433594,37.345111846923828
9325663,2021,2021-10-19,2406,2021-08-12,0725,129,NORTH,4,5,5,2406,0,0,0,,0,010,"M ST","RAMBLER RD",0.00,,Y,A,-,N,,,,,,,,,,N,4,0,1,2,A,-,12,22450,A,N,D,C,A,A,H,-,A,A,0,,Y,,,Y,,A,01,0,0,1,0,0,0,1,0,0,"- ","- ",,,MERCED,MERCED,-120.47850799560547,37.315322875976562
9325665,2021,2021-10-19,2406,2021-08-30,2123,295,3,1,5,5,2406,0,0,0,,0,030,"G ST","13TH ST",0.00,,Y,A,-,N,,,,,,,,,,N,4,0,1,2,A,-,12,22450,A,N,D,C,A,A,H,-,D,A,0,,,,,Y,,A,01,0,0,1,0,0,0,0,0,0,"- ","- ",,,MERCED,MERCED,-120.47830200195312,37.294399261474609
9325666,2021,2021-10-18,2406,2021-08-04,1855,304,2,3,5,5,2406,0,0,0,,0,021,"R ST","W 18TH ST",0.00,,Y,A,-,N,,,,,,,,,,N,3,0,1,2,D,-,00,,,N,F,A,A,A,H,-,A,A,0,,,Y,,Y,,-,"- ",0,1,0,0,0,0,0,0,1,"- ","- ",,,MERCED,MERCED,-120.49183654785156,37.305793762207031