CASE_ID,ACCIDENT_YEAR,PROC_DATE,JURIS,COLLISION_DATE,COLLISION_TIME,OFFICER_ID,REPORTING_DISTRICT,DAY_OF_WEEK,CHP_SHIFT,POPULATION,CNTY_CITY_LOC,SPECIAL_COND,BEAT_TYPE,CHP_BEAT_TYPE,CITY_DIVISION_LAPD,CHP_BEAT_CLASS,BEAT_NUMBER,PRIMARY_RD,SECONDARY_RD,DISTANCE,DIRECTION,INTERSECTION,WEATHER_1,WEATHER_2,STATE_HWY_IND,CALTRANS_COUNTY,CALTRANS_DISTRICT,STATE_ROUTE,ROUTE_SUFFIX,POSTMILE_PREFIX,POSTMILE,LOCATION_TYPE,RAMP_INTERSECTION,SIDE_OF_HWY,TOW_AWAY,COLLISION_SEVERITY,NUMBER_KILLED,NUMBER_INJURED,PARTY_COUNT,PRIMARY_COLL_FACTOR,PCF_CODE_OF_VIOL,PCF_VIOL_CATEGORY,PCF_VIOLATION,PCF_VIOL_SUBSECTION,HIT_AND_RUN,TYPE_OF_COLLISION,MVIW,PED_ACTION,ROAD_SURFACE,ROAD_COND_1,ROAD_COND_2,LIGHTING,CONTROL_DEVICE,CHP_ROAD_TYPE,PEDESTRIAN_ACCIDENT,BICYCLE_ACCIDENT,MOTORCYCLE_ACCIDENT,TRUCK_ACCIDENT,NOT_PRIVATE_PROPERTY,ALCOHOL_INVOLVED,STWD_VEHTYPE_AT_FAULT,CHP_VEHTYPE_AT_FAULT,COUNT_SEVERE_INJ,COUNT_VISIBLE_INJ,COUNT_COMPLAINT_PAIN,COUNT_PED_KILLED,COUNT_PED_INJURED,COUNT_BICYCLIST_KILLED,COUNT_BICYCLIST_INJURED,COUNT_MC_KILLED,COUNT_MC_INJURED,PRIMARY_RAMP,SECONDARY_RAMP,LATITUDE,LONGITUDE,COUNTY,CITY,POINT_X,POINT_Y
9406334,2021,2022-02-18,2405,2021-07-31,2046,PD54,6,6,5,3,2405,0,0,0,,0,B42,"DARLINGTON CT","REGENCY RD",181.00,S,N,A,-,N,,,,,,,,,,N,3,0,1,2,A,-,01,23152,A,N,C,E,A,A,H,-,C,D,0,,,Y,,Y,Y,C,02,0,1,0,0,0,0,0,0,1,"- ","- ",37.07843017578125,-120.83339691162109,MERCED,"LOS BANOS",-120.83340454101562,37.077957153320312
9409432,2021,2022-03-07,2405,2021-07-28,2052,PD148,"2 ",3,5,3,2405,0,0,0,,0,0B2,"S FALLBROOK DR","S CREEKSIDE DR",210.00,N,N,A,-,N,,,,,,,,,,N,4,0,1,2,A,-,08,22107,,F,B,C,A,A,H,-,C,A,0,,,,,Y,,A,07,0,0,1,0,0,0,0,0,0,"- ","- ",37.062759399414062,-120.81337738037109,MERCED,"LOS BANOS",-120.81429290771484,37.061820983886719
9409523,2021,2022-03-08,2406,2021-11-26,1112,183,3,5,5,5,2406,0,0,0,,0,031,"R ST","W 4TH ST",151.00,S,N,A,-,N,,,,,,,,,,Y,2,0,1,2,A,-,09,21804,A,N,D,C,A,A,H,-,A,D,0,,,Y,,Y,,A,01,1,0,0,0,0,0,0,0,1,"- ","- ",,,MERCED,MERCED,-120.50028991699219,37.291065216064453
9413594,2021,2022-03-15,2405,2021-08-25,0747,PD35,2,3,5,3,2405,0,0,0,,0,0B2,"RT 152","H ST",0.00,W,N,A,-,Y,MER,10,152,-,-,21.058,I,5,W,N,3,0,2,2,A,-,03,22350,,N,C,C,A,A,H,-,A,A,0,,,,,Y,,A,01,0,1,1,0,0,0,0,0,0,"- ","- ",33.7056884765625,-120.83892059326172,MERCED,"LOS BANOS",-120.83920288085938,37.056919097900391
9413697,2021,2022-02-22,2405,2021-08-16,1808,PD45,3,1,5,3,2405,0,0,0,,0,0B3,"PACHECO BL","WEST I ST",84.00,E,N,A,-,Y,MER,10,152,-,-,19.590,H,-,E,N,2,0,3,3,A,-,08,22107,,N,C,C,A,A,H,-,A,A,0,,,,,Y,,A,01,1,0,2,0,0,0,0,0,0,"- ","- ",37.056880950927734,-120.86528778076172,MERCED,"LOS BANOS",-120.86579132080078,37.056858062744141
9413868,2021,2022-03-14,2405,2021-09-26,1015,PD20,3,7,5,3,2405,0,0,0,,0,0B3,"RT 152","WARD RD",450.00,E,N,A,-,Y,MER,10,152,-,-,22.340,H,-,W,Y,4,0,4,2,A,-,03,22350,,N,C,C,A,A,H,-,A,A,0,,,,,Y,,A,01,0,0,4,0,0,0,0,0,0,"- ","- ",37.056709289550781,-120.81593322753906,MERCED,"LOS BANOS",-120.81610107421875,37.056678771972656
9413872,2021,2022-03-14,2405,2021-09-22,1351,PD133,3,3,5,3,2405,0,0,0,,0,0B3,"RT 165","RT 152",464.00,S,N,A,-,Y,MER,10,165,-,-,8.690,H,-,N,N,3,0,2,2,A,-,03,22350,,N,C,C,A,A,H,-,A,A,0,,,,,Y,,A,01,0,2,0,0,0,0,0,0,0,"- ","- ",37.055278778076172,-120.83583831787109,MERCED,"LOS BANOS",-120.83539581298828,37.055583953857422
9413880,2021,2022-03-18,2405,2021-09-13,1637,PD45,2,1,5,3,2405,0,0,0,,0,0B2,"E PACHECO BL","WARD RD",0.00,,Y,A,-,Y,MER,10,152,-,-,22.252,I,5,W,Y,4,0,2,2,A,-,12,22450,A,N,D,C,A,A,H,-,A,A,0,,,,,Y,,A,07,0,0,2,0,0,0,0,0,0,"- ","- ",37.056850433349609,-120.81754302978516,MERCED,"LOS BANOS",-120.81764221191406,37.056812286376953
9413884,2021,2022-03-14,2405,2021-09-07,2335,PD47,3,2,5,3,2405,0,0,0,,0,0B3,"S MERCEY SPRINGS RD","SCRIPPS DR",430.00,N,N,A,-,Y,MER,10,165,-,-,8.330,H,-,N,Y,3,0,1,1,A,-,08,22107,,N,E,I,A,A,H,-,C,A,0,,,,,Y,,A,01,0,1,0,0,0,0,0,0,0,"- ","- ",37.049308776855469,-120.83547973632812,MERCED,"LOS BANOS",-120.83550262451172,37.050434112548828
9415585,2021,2022-03-21,2405,2021-09-28,0813,PD133,2,2,5,3,2405,0,0,0,,0,0B2,"WARD RD","EAST B ST",0.00,,Y,A,-,N,,,,,,,,,,N,3,0,1,2,A,-,10,21950,A,F,G,B,B,A,H,-,A,A,0,Y,,,,Y,,D,22,0,1,0,0,1,0,0,0,0,"- ","- ",37.066478729248047,-120.81758117675781,MERCED,"LOS BANOS",-120.81760406494141,37.066490173339844
9415590,2021,2022-03-21,2405,2021-09-14,1937,PD58,6,2,5,3,2405,0,0,0,,0,B42,"SANTA BARBARA ST","N SANTA VENETIA ST",30.00,W,N,A,-,N,,,,,,,,,,N,3,0,1,2,A,-,12,22450,,N,D,G,A,A,H,-,C,A,0,,Y,,,Y,,L,04,0,1,0,0,0,0,1,0,0,"- ","- ",37.076801300048828,-120.83701324462891,MERCED,"LOS BANOS",-120.83712005615234,37.076808929443359
9415595,2021,2022-03-21,2405,2021-09-03,1800,PD46,2,5,5,3,2405,0,0,0,,0,0B2,"MERCEY SPRINGS RD","ROMERO ST",11.00,S,N,A,-,N,,,,,,,,,,Y,3,0,1,2,A,-,03,22350,,N,C,C,A,A,H,-,A,A,0,,,,,Y,,A,01,0,1,0,0,0,0,0,0,0,"- ","- ",37.064811706542969,-120.83522033691406,MERCED,"LOS BANOS",-120.83524322509766,37.064769744873047
9415661,2021,2022-04-06,2406,2021-12-09,1017,304,MERCE,4,5,5,2406,0,0,0,,0,I11,"W NORTH BEAR CREEK DR","ARDELL DR",148.00,E,N,C,-,N,,,,,,,,,,Y,3,0,1,1,A,-,03,22350,,N,E,I,A,B,H,-,A,D,0,,,,,Y,,A,01,0,1,0,0,0,0,0,0,0,"- ","- ",,,MERCED,MERCED,-120.48175811767578,37.313407897949219
9416502,2021,2022-03-11,2405,2021-09-25,0614,PD57,2,6,5,3,2405,0,0,0,,0,0B2,"SAN LUIS ST","CANVASBACK WY",450.00,W,N,A,-,N,,,,,,,,,,Y,4,0,1,1,A,-,08,22107,,N,A,J,A,A,H,-,B,D,0,,,,,Y,,A,01,0,0,1,0,0,0,0,0,0,"- ","- ",37.060108184814453,-120.80747222900391,MERCED,"LOS BANOS",-120.81495666503906,37.060939788818359
9416503,2021,2022-03-11,2405,2021-09-22,1640,PD47,1,3,5,3,2405,0,0,0,,0,0B1,"TEXAS AV","MADRONE ST",136.00,S,N,A,-,N,,,,,,,,,,Y,3,0,1,1,A,-,08,22107,,N,E,I,A,A,H,-,A,D,0,,,,,Y,,A,01,0,1,0,0,0,0,0,0,0,"- ","- ",37.066108703613281,-120.8602294921875,MERCED,"LOS BANOS",-120.85993957519531,37.066082000732422
9416506,2021,2022-03-11,2405,2021-09-08,1206,PD133,1,3,5,3,2405,0,0,0,,0,0B1,"WEST I ST","IOWA AV",127.00,W,N,A,-,N,,,,,,,,,,Y,3,0,1,2,A,-,08,22107,,N,B,C,A,A,H,-,A,A,0,,,,,Y,,A,01,0,1,0,0,0,0,0,0,0,"- ","- ",37.062889099121094,-120.86138916015625,MERCED,"LOS BANOS",-120.86179351806641,37.062671661376953
9416643,2021,2022-03-21,2404,2021-12-17,1926,X48,,5,5,3,2404,0,0,0,,0,,"N MAIN ST","CAMPBELL AV",0.00,,Y,A,-,N,,,,,,,,,,N,3,0,1,2,A,-,09,21803,A,N,D,C,A,A,H,-,C,A,0,,,,,Y,,D,22,0,1,0,0,0,0,0,0,0,"- ","- ",37.388591766357422,-120.72176361083984,MERCED,LIVINGSTON,-120.72174835205078,37.388572692871094
9425876,2021,2022-03-25,2404,2021-11-19,1938,X48,,5,5,3,2404,0,0,0,,0,,"MAIN ST","CAMPBELL AV",25.00,S,N,A,-,N,,,,,,,,,,Y,4,0,1,2,A,-,01,23152,A,M,C,C,A,A,H,-,C,A,0,,,,,Y,Y,A,07,0,0,1,0,0,0,0,0,0,"- ","- ",,,MERCED,LIVINGSTON,-120.72179412841797,37.388511657714844
9425878,2021,2022-03-25,2404,2021-11-17,0805,X46,,3,5,3,2404,0,0,0,,0,,"HAMMATT AV","CAMPBELL AV",0.00,,Y,A,-,N,,,,,,,,,,N,3,0,2,2,A,-,09,21804,,N,D,C,A,A,H,-,A,A,0,,,,,Y,,A,01,0,1,1,0,0,0,0,0,0,"- ","- ",37.386768341064453,-120.71227264404297,MERCED,LIVINGSTON,-120.71228790283203,37.386783599853516
9432347,2021,2022-07-27,2405,2021-12-17,1943,PD54,1,5,5,3,2405,0,0,0,,0,0B1,"W PACHECO BL","BADGER FLAT RD",750.00,W,N,A,-,N,,,,,,,,,,Y,2,0,1,2,A,-,11,21950,B,N,G,B,D,A,H,-,D,D,0,Y,,,,Y,Y,N,60,1,0,0,0,1,0,0,0,0,"- ","- ",37.053939819335938,-120.87890625,MERCED,"LOS BANOS",-120.88025665283203,37.056800842285156
9432348,2021,2022-07-27,2405,2021-12-23,1959,PD46,3,4,5,3,2405,0,0,0,,0,0B3,"W PACHECO BL","HILLYER RD",494.00,W,N,A,-,N,,,,,,,,,,Y,4,0,1,2,A,-,01,23152,A,N,C,C,A,B,H,-,D,D,0,,,,,Y,Y,A,01,0,0,1,0,0,0,0,0,0,"- ","- ",37.056400299072266,-120.88027954101562,MERCED,"LOS BANOS",,
9433221,2021,2022-08-29,2405,2021-06-25,2335,PD126,2,5,5,3,2405,0,0,0,,0,0B2,"MERCEY SPRINGS RD","PACHECO BL",20.00,N,N,A,-,Y,MER,10,152,-,-,21.272,I,5,W,N,2,0,1,2,A,-,09,21453,C,F,G,B,B,A,H,-,C,A,0,Y,,,,Y,,A,01,1,0,0,0,1,0,0,0,0,"- ","- ",37.056861877441406,-120.83529663085938,MERCED,"LOS BANOS",-120.83535766601562,37.056922912597656
9452394,2021,2022-07-26,2405,2021-11-08,0845,PD36,2,1,5,3,2405,0,0,0,,0,0B2,"PLACE RD","OVERLAND RD",0.00,,Y,A,-,N,,,,,,,,,,N,3,0,1,2,A,-,10,21950,A,M,G,B,B,A,H,-,A,A,0,Y,,,,Y,,-,99,0,1,0,0,1,0,0,0,0,"- ","- ",37.06842041015625,-120.816650390625,MERCED,"LOS BANOS",-120.82627105712891,37.073314666748047
9453220,2021,2022-07-07,2405,2021-11-03,0032,PD35,1,3,5,3,2405,0,0,0,,0,0B1,"RT 152","6TH ST",0.00,,Y,A,-,Y,MER,10,152,-,-,20.420,I,5,W,Y,3,0,1,1,A,-,08,22107,,N,E,I,A,A,H,-,C,A,0,,,,,Y,,D,22,0,1,0,0,0,0,0,0,0,"- ","- ",37.057220458984375,-120.85182189941406,MERCED,"LOS BANOS",-120.85089111328125,37.056892395019531
9456544,2021,2022-07-01,2405,2021-10-13,2001,PD133,2,3,5,3,2405,0,0,0,,0,0B2,"RT 152","SAN LUIS ST",717.00,W,N,A,-,Y,MER,10,152,-,-,22.740,H,-,W,N,3,0,1,2,A,-,08,22107,,N,C,C,A,A,H,-,C,A,0,,,,,Y,,D,22,0,1,0,0,0,0,0,0,0,"- ","- ",37.056911468505859,-120.80931091308594,MERCED,"LOS BANOS",-120.80905914306641,37.056430816650391
9456556,2021,2022-07-26,2405,2021-10-23,0845,PD56,5,6,5,3,2405,0,0,0,,0,B41,"SANTA BARBARA ST","STONEWOOD DR",14.00,W,N,A,-,N,,,,,,,,,,N,3,0,1,2,A,-,09,21804,A,N,D,C,A,A,H,-,A,A,0,,,,,Y,,D,22,0,1,0,0,0,0,0,0,0,"- ","- ",37.076469421386719,-120.84313201904297,MERCED,"LOS BANOS",-120.84313201904297,37.076503753662109
9461253,2021,2022-06-23,2405,2021-10-15,1411,PD148,2,5,5,3,2405,0,0,0,,0,0B2,"E  B ST","SCHOOL DRIVERWAY ENTRANCE",0.00,,Y,A,-,N,,,,,,,,,,N,4,0,1,2,A,-,08,22102,,N,-,C,A,A,H,-,A,A,0,,,,,Y,,A,01,0,0,1,0,0,0,0,0,0,"- ","- ",37.066818237304688,-120.83815765380859,MERCED,"LOS BANOS",-121.53485107421875,39.329063415527344
9461367,2021,2022-06-23,2405,2021-10-25,0446,PD149,3,1,5,3,2405,0,0,0,,0,0B3,"BADGER FLAT RD","W PACHECO BL",1621.00,N,N,C,-,N,,,,,,,,,,Y,3,0,2,2,A,-,08,22107,,N,A,C,A,B,H,-,D,D,0,,,,,Y,,A,01,0,1,1,0,0,0,0,0,0,"- ","- ",37.056831359863281,-120.87831115722656,MERCED,"LOS BANOS",-120.87841796875,37.056770324707031
9461371,2021,2022-06-23,2405,2021-10-19,1905,PD55,3,2,5,3,2405,0,0,0,,0,0B3,"BIRCH AV","GREENWOOD WY",112.00,W,N,A,-,N,,,,,,,,,,N,4,0,1,2,B,-,22,,,N,B,E,A,A,H,-,C,D,0,,,,,Y,,A,01,0,0,1,0,0,0,0,0,0,"- ","- ",37.052261352539062,-120.86447143554688,MERCED,"LOS BANOS",-120.86508178710938,37.051963806152344
9461372,2021,2022-06-23,2405,2021-10-04,1758,PD126,2,1,5,3,2405,0,0,0,,0,0B2,"MERCEY SPRINGS RD","PACHECO BL",0.00,,Y,A,-,N,,,,,,,,,,Y,2,0,3,3,A,-,03,22350,,N,C,C,A,A,H,-,A,A,0,,,,,Y,,A,01,2,1,0,0,0,0,0,0,0,"- ","- ",37.056861877441406,-120.83528900146484,MERCED,"LOS BANOS",-120.83541107177734,37.056949615478516
9476138,2021,2022-07-26,2405,2021-11-17,0810,PD143,1,3,5,3,2405,0,0,0,,0,0B1,"K ST","6TH ST",243.00,E,N,A,-,N,,,,,,,,,,N,4,0,1,2,C,-,18,,,N,B,C,A,A,H,-,A,A,0,,,,,Y,,-,"- ",0,0,1,0,0,0,0,0,0,"- ","- ",37.057960510253906,-120.84864807128906,MERCED,"LOS BANOS",-120.84852600097656,37.058692932128906
9476139,2021,2022-07-26,2405,2021-11-03,2021,PD55,2,3,5,3,2405,0,0,0,,0,0B2,"STONEWOOD DR","OVERLAND AV",0.00,,Y,A,-,N,,,,,,,,,,N,3,0,2,2,A,-,12,22450,,N,D,C,A,A,H,-,C,A,0,,,,,Y,,A,01,0,2,0,0,0,0,0,0,0,"- ","- ",37.073711395263672,-120.84149932861328,MERCED,"LOS BANOS",-120.84162902832031,37.073772430419922
91383729,2021,2021-01-07,9461,2021-01-05,0001,018910,,2,3,9,2400,0,1,3,,1,152,"STATE ROUTE 152 EASTBOUND","DINOSAUR POINT ROAD",5280.00,E,N,A,B,Y,,,152,,,,,,E,Y,3,0,1,2,C,-,18,,,N,E,J,A,B,H,-,D,D,0,,,,Y,Y,,-,"- ",0,1,0,0,0,0,0,0,0,"- ","- ",37.076679229736328,-121.20710754394531,MERCED,UNINCORPORATED,-121.20713806152344,37.076751708984375
91385482,2021,2021-01-11,9460,2021-01-04,1510,018422,,1,2,9,2400,0,3,5,,2,030,"OLIVE AVE.","SULTANA DR.",1056.00,W,N,B,-,N,,,,,,,,,,Y,4,0,1,1,A,-,08,22107,,N,E,I,A,A,H,-,A,D,0,,,,,Y,,D,22,0,0,1,0,0,0,0,0,0,"- ","- ",37.396690368652344,-120.69065856933594,MERCED,UNINCORPORATED,-120.68984222412109,37.396778106689453
91386643,2021,2021-01-13,9460,2021-01-11,1610,018922,,1,2,9,2400,0,1,3,,2,002,"SR-99 S/B","FRANKLIN ROAD",5280.00,N,N,A,-,Y,,,99,,,,,,S,Y,4,0,1,4,A,-,03,22350,,N,C,C,A,A,H,-,A,D,0,,,,,Y,,A,01,0,0,1,0,0,0,0,0,0,"- ","- ",37.32672119140625,-120.55696105957031,MERCED,UNINCORPORATED,-120.55697631835938,37.326671600341797
91386711,2021,2021-01-13,9461,2021-01-06,1115,014933,,3,1,9,2400,0,1,3,,2,453,"SR-152 E/B","HARMON RD.",357.00,E,N,A,-,Y,,,152,,,,,,E,Y,4,0,1,2,A,-,07,21658,A,N,C,C,A,A,H,-,A,D,0,,,,Y,Y,,-,"- ",0,0,1,0,0,0,0,0,0,"- ","- ",37.0665283203125,-120.53761291503906,MERCED,UNINCORPORATED,-120.53759002685547,37.066493988037109
91388018,2021,2021-01-15,9461,2021-01-11,1606,017029,,1,2,9,2400,0,3,5,,2,020,"PIONEER RD","ORTIGALITA RD",1056.00,E,N,B,-,N,,,,,,,,,,Y,3,0,1,2,A,-,08,22107,,N,E,J,A,A,H,-,A,D,0,,,,,Y,,A,07,0,1,0,0,0,0,0,0,0,"- ","- ",37.042331695556641,-120.86736297607422,MERCED,UNINCORPORATED,-120.86861419677734,37.042221069335938
91389422,2021,2021-01-18,9460,2021-01-15,0720,017343,,5,1,9,2400,0,1,3,,1,142,SR-140,"SCOTT ROAD",77.00,W,N,E,-,Y,,,140,,,,,,,Y,4,0,2,2,A,-,09,21804,A,N,D,C,A,B,H,-,A,D,0,,,,,Y,,A,01,0,0,2,0,0,0,0,0,0,"- ","- ",37.302360534667969,-120.56877899169922,MERCED,UNINCORPORATED,-120.56877899169922,37.302387237548828
91389798,2021,2021-01-18,9460,2021-01-13,0400,021150,,3,3,5,2406,0,1,3,,2,003,"SR-99 N/B","CHILDS AVE",2112.00,S,N,A,-,Y,,,99,,,,,,N,Y,3,0,2,1,C,-,18,,,N,E,J,A,A,C,-,D,D,0,,,,,Y,,-,"- ",0,2,0,0,0,0,0,0,0,"- ","- ",37.283229827880859,-120.45050048828125,MERCED,MERCED,-120.45050048828125,37.283226013183594
91390374,2021,2021-01-19,9460,2021-01-10,1938,020840,,7,2,9,2400,0,1,3,,2,001,"SR-99 S/B","SHANKS RD",2640.00,N,N,A,-,Y,,,99,,,,,,S,Y,3,0,1,2,A,-,01,23152,A,N,D,C,A,A,H,-,D,D,0,,,,,Y,Y,A,01,0,1,0,0,0,0,0,0,0,"- ","- ",37.442768096923828,-120.78936767578125,MERCED,UNINCORPORATED,-120.78938293457031,37.442756652832031
91390407,2021,2021-01-19,9460,2021-01-07,2320,020857,,4,3,9,2400,0,1,3,,2,001,"SHANKS RD",SR-99,85.00,W,N,E,-,N,,,99,,,,,,,Y,3,0,1,1,A,-,01,23152,A,N,E,I,A,B,H,-,C,D,0,,,,,Y,Y,A,01,0,1,0,0,0,0,0,0,0,"- ","- ",37.436641693115234,-120.78353118896484,MERCED,UNINCORPORATED,-120.78338623046875,37.436832427978516
91393344,2021,2021-01-25,9460,2021-01-13,1040,019286,,3,1,9,2400,0,3,5,,2,090,"ASHBY ROAD","COOPER AVENUE",1056.00,W,N,A,-,N,,,,,,,,,,Y,3,0,1,2,A,-,03,22350,,N,C,C,A,A,H,-,A,D,0,,,,,Y,,D,22,0,1,0,0,0,0,0,0,0,"- ","- ",37.314559936523438,-120.52259826660156,MERCED,UNINCORPORATED,-120.52269744873047,37.314590454101562
91393459,2021,2021-01-25,9460,2021-01-17,1405,019806,,7,2,9,2400,0,3,5,,2,040,"LOONEY RD","TURLOCK RD",0.00,,Y,A,-,N,,,,,,,,,,N,3,0,1,2,A,-,09,21802,A,N,D,C,A,A,H,-,A,D,0,,,,,Y,,A,01,0,1,0,0,0,0,0,0,0,"- ","- ",37.476871490478516,-120.63076019287109,MERCED,UNINCORPORATED,-120.63079071044922,37.476871490478516
91393709,2021,2021-01-25,9460,2021-01-21,1844,018603,,4,2,9,2400,0,1,3,,1,165,SR-165,"CRANE AVE",60.00,N,N,A,-,Y,,,,,,,,,,Y,4,0,1,2,A,-,03,22350,,N,C,C,A,A,H,-,D,D,0,,,,,Y,,A,07,0,0,1,0,0,0,0,0,0,"- ","- ",37.225700378417969,-120.51010894775391,MERCED,UNINCORPORATED,-120.85049438476562,37.382724761962891
91394333,2021,2021-01-26,9460,2021-01-16,2135,018951,,6,2,9,2400,0,2,4,,1,041,"BEACHWOOD DRIVE","SANTA FE DRIVE",0.00,,Y,A,-,N,,,,,,,,,,Y,2,0,1,2,A,-,09,21801,A,N,A,C,A,A,H,-,C,D,0,,,Y,,Y,,D,22,1,0,0,0,0,0,0,0,1,"- ","- ",37.332420349121094,-120.52768707275391,MERCED,UNINCORPORATED,-120.52763366699219,37.332279205322266
91394475,2021,2021-01-26,9460,2021-01-22,1408,019918,,5,2,9,2400,0,1,3,,2,002,"SR-99 S/B","GROVE AVE",80.00,S,N,C,-,Y,,,99,,,,,,S,Y,4,0,1,2,A,-,03,22350,,N,D,C,A,B,H,-,A,D,0,,,,,Y,,D,22,0,0,1,0,0,0,0,0,0,"- ","- ",37.357601165771484,-120.64099884033203,MERCED,UNINCORPORATED,-120.64102172851562,37.357540130615234
91395504,2021,2021-01-28,9460,2021-01-24,0058,020857,,7,3,9,2400,0,1,3,,2,002,"SR-99 N/B","FRANKLIN RD",1584.00,S,N,A,-,Y,,,99,,,,,,N,Y,4,0,1,1,A,-,08,22107,,N,E,I,A,A,H,-,D,D,0,,,,,Y,,A,08,0,0,1,0,0,0,0,0,0,"- ","- ",37.319328308105469,-120.53656768798828,MERCED,UNINCORPORATED,-120.53654479980469,37.319393157958984
91395615,2021,2021-01-28,9460,2021-01-18,1442,019838,,1,2,9,2400,0,1,3,,2,002,"SR-99 S/B","SULTANA DR",2112.00,S,N,A,-,Y,,,99,,,,,,S,Y,4,0,1,2,A,-,07,21658,A,N,C,C,A,A,H,-,A,D,0,,,,,Y,,A,01,0,0,1,0,0,0,0,0,0,"- ","- ",37.369369506835938,-120.67327880859375,MERCED,UNINCORPORATED,-120.67328643798828,37.369346618652344
91399277,2021,2021-02-01,9461,2021-01-27,2045,021056,,3,2,9,2400,0,1,1,,2,206,"I-5 N/B",SR-165,9504.00,S,N,C,-,Y,,,5,,,,,,N,Y,4,0,2,2,A,-,03,22350,,N,C,C,A,B,H,-,D,D,0,,,,,Y,,A,01,0,0,2,0,0,0,0,0,0,"- ","- ",36.909538269042969,-120.81826019287109,MERCED,UNINCORPORATED,-120.81826782226562,36.909530639648438
91400943,2021,2021-02-02,9461,2021-01-27,1713,019052,,3,2,9,2400,0,1,3,,1,452,"SR-152 W/B","MIDWAY RD",1056.00,E,N,C,-,Y,,,152,,,,,,W,Y,3,0,1,1,A,-,01,23152,A,N,F,A,A,B,H,-,D,D,0,,,,,Y,Y,A,08,0,1,0,0,0,0,0,0,0,"- ","- ",37.055248260498047,-120.74765777587891,MERCED,UNINCORPORATED,-120.74765777587891,37.055370330810547
91401168,2021,2021-02-02,9460,2021-02-01,1515,018603,,1,2,9,2400,0,1,3,,1,165,SR-165,"AMERICAN AVE",900.00,N,N,A,-,Y,,,,,,,,,,N,4,0,2,3,A,-,03,22350,,N,C,C,A,A,H,-,A,D,0,,,,,Y,,A,01,0,0,2,0,0,0,0,0,0,"- ","- ",37.244998931884766,-120.51000213623047,MERCED,UNINCORPORATED,-120.85000610351562,37.413990020751953
91401573,2021,2021-02-03,9460,2021-01-24,1336,021407,,7,1,9,2400,0,3,5,,2,090,"ARENA WAY","SUNSET DR",0.00,,Y,A,-,N,,,,,,,,,,Y,4,0,4,2,A,-,09,21802,A,N,D,C,A,A,H,-,A,A,0,,,,,Y,,A,07,0,0,4,0,0,0,0,0,0,"- ","- ",37.338401794433594,-120.67800140380859,MERCED,UNINCORPORATED,-120.67795562744141,37.338569641113281
91402346,2021,2021-02-04,9460,2021-01-30,2242,020365,,6,3,5,2406,0,1,3,,2,003,"SR-99 S/B FROM E. 16TH ST.","YOSEMITE PKY",96.00,S,N,A,-,Y,,,99,,,,R,,S,Y,4,0,4,2,A,-,01,23152,A,N,C,C,A,A,H,-,C,D,0,,,,,Y,Y,A,01,0,0,4,0,0,0,0,0,0,"- ","- ",37.294090270996094,-120.4681396484375,MERCED,MERCED,-120.4681396484375,37.294090270996094
91402357,2021,2021-02-04,9460,2021-01-16,1800,018778,,6,2,9,2400,0,3,5,,2,050,"MCKEE RD","E. NORTH BEAR CREEK DR",0.00,,Y,A,-,N,,,,,,,,,,N,4,0,1,2,A,-,09,21802,A,N,A,C,A,A,H,-,C,A,0,,,,,Y,,D,22,0,0,1,0,0,0,0,0,0,"- ","- ",37.309879302978516,-120.44457244873047,MERCED,UNINCORPORATED,-120.44454193115234,37.309867858886719
91403142,2021,2021-02-05,9460,2021-01-27,1648,019918,,3,2,9,2400,0,1,3,,2,002,"SR-99 S/B","WESTSIDE BLVD",2112.00,N,N,B,C,Y,,,99,,,,,,S,Y,4,0,1,1,A,-,03,22350,,N,E,I,A,B,H,-,A,D,0,,,,,Y,,A,07,0,0,1,0,0,0,0,0,0,"- ","- ",37.363399505615234,-120.65631866455078,MERCED,UNINCORPORATED,-120.65637969970703,37.363224029541016
91406388,2021,2021-02-10,9460,2021-02-07,1410,019918,,7,2,9,2400,0,3,5,,2,050,"HORNITOS RD","MERCED FALLS RD",760.00,E,N,A,-,N,,,,,,,,,,N,3,0,1,1,A,-,03,22350,,N,E,I,A,A,A,-,A,D,0,,,Y,,Y,,C,02,0,1,0,0,0,0,0,0,1,"- ","- ",37.525459289550781,-120.32711029052734,MERCED,UNINCORPORATED,-120.32711791992188,37.525409698486328