CASE_ID,ACCIDENT_YEAR,PROC_DATE,JURIS,COLLISION_DATE,COLLISION_TIME,OFFICER_ID,REPORTING_DISTRICT,DAY_OF_WEEK,CHP_SHIFT,POPULATION,CNTY_CITY_LOC,SPECIAL_COND,BEAT_TYPE,CHP_BEAT_TYPE,CITY_DIVISION_LAPD,CHP_BEAT_CLASS,BEAT_NUMBER,PRIMARY_RD,SECONDARY_RD,DISTANCE,DIRECTION,INTERSECTION,WEATHER_1,WEATHER_2,STATE_HWY_IND,CALTRANS_COUNTY,CALTRANS_DISTRICT,STATE_ROUTE,ROUTE_SUFFIX,POSTMILE_PREFIX,POSTMILE,LOCATION_TYPE,RAMP_INTERSECTION,SIDE_OF_HWY,TOW_AWAY,COLLISION_SEVERITY,NUMBER_KILLED,NUMBER_INJURED,PARTY_COUNT,PRIMARY_COLL_FACTOR,PCF_CODE_OF_VIOL,PCF_VIOL_CATEGORY,PCF_VIOLATION,PCF_VIOL_SUBSECTION,HIT_AND_RUN,TYPE_OF_COLLISION,MVIW,PED_ACTION,ROAD_SURFACE,ROAD_COND_1,ROAD_COND_2,LIGHTING,CONTROL_DEVICE,CHP_ROAD_TYPE,PEDESTRIAN_ACCIDENT,BICYCLE_ACCIDENT,MOTORCYCLE_ACCIDENT,TRUCK_ACCIDENT,NOT_PRIVATE_PROPERTY,ALCOHOL_INVOLVED,STWD_VEHTYPE_AT_FAULT,CHP_VEHTYPE_AT_FAULT,COUNT_SEVERE_INJ,COUNT_VISIBLE_INJ,COUNT_COMPLAINT_PAIN,COUNT_PED_KILLED,COUNT_PED_INJURED,COUNT_BICYCLIST_KILLED,COUNT_BICYCLIST_INJURED,COUNT_MC_KILLED,COUNT_MC_INJURED,PRIMARY_RAMP,SECONDARY_RAMP,LATITUDE,LONGITUDE,COUNTY,CITY,POINT_X,POINT_Y
91407858,2021,2021-03-04,9460,2021-02-11,1735,019918,,4,2,9,2400,0,1,3,,2,001,"SR-99 S/B","SOUTH AVENUE",1584.00,N,N,B,C,Y,,,99,,,,,,S,Y,4,0,2,4,A,-,03,22350,,N,C,C,A,B,H,-,D,D,0,,,,,Y,,A,01,0,0,2,0,0,0,0,0,0,"- ","- ",37.429908752441406,-120.77498626708984,MERCED,UNINCORPORATED,-120.77506256103516,37.429851531982422
91408433,2021,2021-02-15,9460,2021-02-07,1240,018951,,7,1,9,2400,0,2,4,,1,031,"WINTON WAY","SANTA FE DRIVE",0.00,,Y,A,-,N,,,,,,,,,,Y,3,0,1,2,A,-,05,21460,A,N,D,C,A,A,H,-,A,D,0,,,,,Y,,D,22,0,1,0,0,0,0,0,0,0,"- ","- ",37.386329650878906,-120.61347961425781,MERCED,UNINCORPORATED,-120.61347961425781,37.385791778564453
91411087,2021,2021-02-18,9460,2021-02-14,1935,018778,,7,2,9,2400,0,1,3,,2,003,"SR-99 S/B","V ST",2200.00,N,N,A,-,Y,,,,,,,,,,Y,4,0,1,3,A,-,07,21658,A,F,E,I,A,A,H,-,D,D,0,,,,,Y,,-,99,0,0,1,0,0,0,0,0,0,"- ","- ",37.305461883544922,-120.50688171386719,MERCED,UNINCORPORATED,-120.50052642822266,37.303279876708984
91412859,2021,2021-02-22,9461,2021-02-12,1830,020486,,5,2,9,2400,0,1,1,,2,205,"JOHN ERRECA REST AREA N/B","INTERSTATE 5",200.00,E,N,A,-,Y,,,,,,,,,,N,4,0,1,1,A,-,03,22350,,N,E,I,A,A,H,-,D,D,0,,,,,Y,,A,01,0,0,1,0,0,0,0,0,0,"- ","- ",36.864288330078125,-120.78275299072266,MERCED,UNINCORPORATED,,
91413954,2021,2021-02-23,9460,2021-02-18,1840,018603,,4,2,9,2400,0,1,3,,1,165,SR-165,"THIRD AVE.",150.00,N,N,A,-,Y,,,,,,,,,,Y,4,0,1,2,A,-,03,22350,,N,C,C,A,A,H,-,C,D,0,,,,,Y,,A,01,0,0,1,0,0,0,0,0,0,"- ","- ",37.194110870361328,-120.51043701171875,MERCED,UNINCORPORATED,-120.85114288330078,37.328083038330078
91415082,2021,2021-02-25,9460,2021-02-23,0605,015398,,2,1,9,2400,0,1,3,,2,002,"SR-99 N/B","LIBERTY AVE.",590.00,N,N,A,-,Y,,,99,,,,,,N,Y,4,0,1,2,A,-,16,24002,A,N,H,C,A,A,H,-,D,D,0,,,Y,,Y,,D,22,0,0,1,0,0,0,0,0,1,"- ","- ",37.374610900878906,-120.68367767333984,MERCED,UNINCORPORATED,-120.68368530273438,37.374599456787109
91415494,2021,2021-02-25,9460,2021-02-21,1539,018778,,7,2,9,2400,0,3,5,,2,080,"GURR RD","BAILEY AVE",1100.00,S,N,A,-,N,,,,,,,,,,Y,4,0,3,1,A,-,08,22107,,N,F,A,A,A,H,-,A,D,0,,,,,Y,,A,07,0,0,3,0,0,0,0,0,0,"- ","- ",37.285160064697266,-120.56047821044922,MERCED,UNINCORPORATED,-120.56093597412109,37.285373687744141
91415503,2021,2021-02-25,9460,2021-02-13,1744,018778,,6,2,9,2400,0,1,3,,1,590,SR-59,"YOSEMITE AVE",21.00,N,N,A,-,Y,,,59,,,,,,,N,4,0,4,2,A,-,05,21460,A,N,D,C,A,A,H,-,B,A,0,,,,,Y,,D,22,0,0,4,0,0,0,0,0,0,"- ","- ",37.331951141357422,-120.50462341308594,MERCED,UNINCORPORATED,-120.50457000732422,37.331947326660156
91416903,2021,2021-02-26,9460,2021-02-19,1347,019838,,5,1,9,2400,0,1,3,,1,165,SR-165,"RIVER ROAD",0.00,,Y,A,-,N,,,165,,,,,,,Y,3,0,1,3,A,-,12,22450,A,N,D,C,A,A,H,-,A,A,0,,,,Y,Y,,A,01,0,1,0,0,0,0,0,0,0,"- ","- ",37.362041473388672,-120.85003662109375,MERCED,UNINCORPORATED,-120.85005187988281,37.362026214599609
91417278,2021,2021-02-26,9460,2021-02-12,1358,021468,,5,1,3,2401,0,1,3,,2,002,"SR-99 N/B","APPLEGATE RD",2112.00,S,N,A,-,Y,,,99,,,,,,N,Y,3,0,5,6,A,-,03,22350,,N,C,C,A,A,D,-,A,D,0,,,,,Y,,D,22,0,1,4,0,0,0,0,0,0,"- ","- ",37.342189788818359,-120.60637664794922,MERCED,ATWATER,-120.60637664794922,37.342197418212891
91417286,2021,2021-02-26,9460,2021-01-31,0602,019806,,7,1,9,2400,0,1,3,,2,002,"SR-99 S/B","BUHACH RD",1584.00,N,N,A,-,Y,,,99,,,,,,S,N,1,1,0,2,A,-,11,21954,A,N,G,B,E,A,D,-,D,D,0,Y,,,,Y,,N,60,0,0,0,1,0,0,0,0,0,"- ","- ",37.336139678955078,-120.58267211914062,MERCED,UNINCORPORATED,-120.58268737792969,37.336101531982422
91420749,2021,2021-03-04,9461,2021-02-07,1335,019052,,7,1,9,2400,0,3,5,,2,010,"HUNT ROAD","GUN CLUB ROAD",0.00,,Y,A,-,N,,,,,,,,,,Y,1,2,1,2,A,-,09,21802,A,N,D,C,A,A,H,-,A,D,0,,,Y,,Y,,C,02,1,0,0,0,0,0,0,2,0,"- ","- ",37.231269836425781,-120.99432373046875,MERCED,UNINCORPORATED,-120.99430084228516,37.231273651123047
91421650,2021,2021-03-05,9461,2021-02-26,1400,021536,,5,2,9,2400,0,1,1,,2,105,"I-5 N/B","WHITWORTH RD",2875.00,N,N,A,-,Y,,,5,,,,,,N,Y,3,0,1,1,A,-,08,22107,,N,E,I,A,A,H,-,A,D,0,,,,,Y,,A,07,0,1,0,0,0,0,0,0,0,"- ","- ",37.139911651611328,-121.03839111328125,MERCED,UNINCORPORATED,-121.03849029541016,37.139842987060547
91426051,2021,2021-03-12,9460,2021-03-08,1857,018922,,1,2,9,2400,0,1,3,,2,003,"SR-99 N/B","MARIPOSA WAY",820.00,N,N,B,-,Y,,,99,,,,,,N,Y,3,0,1,2,A,-,01,23152,A,N,B,C,A,A,H,-,D,D,0,,,,Y,Y,Y,D,22,0,1,0,0,0,0,0,0,0,"- ","- ",37.251998901367188,-120.41179656982422,MERCED,UNINCORPORATED,-120.41213989257812,37.251583099365234
91426289,2021,2021-03-12,9460,2021-03-07,0940,018422,,7,1,9,2400,0,1,3,,1,165,SR-165,"BRADBURY RD.",170.00,N,N,A,-,Y,,,165,,,,,,,Y,4,0,3,2,A,-,03,22350,,N,C,C,A,A,H,-,A,D,0,,,,,Y,,A,01,0,0,3,0,0,0,0,0,0,"- ","- ",37.449478149414062,-120.84906005859375,MERCED,UNINCORPORATED,-120.84912109375,37.449481964111328
91426966,2021,2021-03-15,9461,2021-03-07,2049,021387,,7,2,9,2400,0,1,3,,1,265,"SR-165 N/B","POLE LINE RD",30.00,N,N,A,-,Y,,,165,,,,,,N,Y,4,0,1,2,A,-,09,21804,A,M,A,C,A,A,H,-,D,D,0,,,,,Y,,A,01,0,0,1,0,0,0,0,0,0,"- ","- ",36.934318542480469,-120.83786010742188,MERCED,UNINCORPORATED,-120.83797454833984,36.934318542480469
91427038,2021,2021-03-15,9460,2021-03-06,1425,021468,,6,2,9,2400,0,3,5,,2,090,"MORAN RD","N. QUINLEY AVE",5.00,E,N,A,-,N,,,,,,,,,,Y,4,0,1,2,A,-,05,21460,A,N,A,C,A,A,H,-,A,A,0,,,,,Y,,A,01,0,0,1,0,0,0,0,0,0,"- ","- ",37.309410095214844,-120.59622955322266,MERCED,UNINCORPORATED,-120.59628295898438,37.309391021728516
91427306,2021,2021-03-15,9460,2021-03-12,1830,018603,,5,2,9,2400,0,1,3,,2,001,"SR-99 S/B","GRIFFITH AVE",2640.00,N,N,A,-,Y,,,,,,,,,,N,4,0,2,2,A,-,03,22350,,N,C,C,A,A,H,-,D,D,0,,,,,Y,,D,22,0,0,2,0,0,0,0,0,0,"- ","- ",37.274658203125,-120.49166107177734,MERCED,UNINCORPORATED,-120.82064056396484,37.462604522705078
91429974,2021,2021-03-18,9461,2021-03-12,1430,020486,,5,2,9,2400,0,1,1,,2,105,"INTERSTATE 5","BUTTS ROAD",4224.00,S,N,A,-,Y,,,5,,,,,,,Y,4,0,1,2,A,-,07,21658,A,N,B,C,A,A,H,-,A,D,0,,,,Y,Y,,G,25,0,0,1,0,0,0,0,0,0,"- ","- ",37.148540496826172,-121.04434204101562,MERCED,UNINCORPORATED,-121.04421997070312,37.148616790771484
91432006,2021,2021-03-22,9461,2021-03-12,1940,021854,,5,2,9,2400,0,1,3,,1,465,"SR-165 N/B","SANTA FE GRD",0.00,,Y,A,-,Y,,,165,,,,,,N,Y,4,0,4,2,A,-,03,22350,,N,C,C,A,A,H,-,D,D,0,,,,,Y,,D,22,0,0,4,0,0,0,0,0,0,"- ","- ",37.104171752929688,-120.83483123779297,MERCED,UNINCORPORATED,-120.83485412597656,37.104171752929688
91432009,2021,2021-03-22,9460,2021-03-14,0500,021150,,7,3,9,2400,0,1,3,,2,002,"SR-99 N/B","FRANKLIN RD",2112.00,N,N,A,-,Y,,,99,,,,,,N,Y,4,0,1,2,A,-,01,23152,A,N,C,C,A,A,H,-,B,D,0,,,,,Y,Y,A,01,0,0,1,0,0,0,0,0,0,"- ","- ",37.324359893798828,-120.5499267578125,MERCED,UNINCORPORATED,-120.54994964599609,37.324302673339844
91432632,2021,2021-03-22,9461,2021-03-18,1818,021387,,4,2,9,2400,0,1,1,,2,205,"I-5 N/B","ARBURUA RD",4752.00,N,N,B,-,Y,,,5,,,,,,N,Y,4,0,1,2,A,-,08,22107,,N,B,E,A,B,H,-,A,D,0,,,,Y,Y,,A,01,0,0,1,0,0,0,0,0,0,"- ","- ",36.975608825683594,-120.89354705810547,MERCED,UNINCORPORATED,-120.89353942871094,36.975616455078125
91434292,2021,2021-03-24,9460,2021-03-19,1300,015398,,5,1,9,2400,0,1,3,,2,001,"SR-99 S/B","SHANKS RD.",500.00,S,N,B,C,Y,,,99,,,,,,S,N,4,0,1,2,A,-,03,22350,,F,C,C,A,B,H,-,A,D,0,,,,,Y,,-,99,0,0,1,0,0,0,0,0,0,"- ","- ",37.435928344726562,-120.78220367431641,MERCED,UNINCORPORATED,-120.78220367431641,37.435920715332031
91434421,2021,2021-03-24,9460,2021-03-13,2330,020967,,6,3,9,2400,0,3,5,,2,090,"GURR RD","ELLIOTT AVE",1056.00,S,N,A,-,N,,,,,,,,,,Y,3,0,1,1,A,-,01,23152,A,N,E,I,A,A,H,-,D,D,0,,,,,Y,Y,A,01,0,1,0,0,0,0,0,0,0,"- ","- ",37.317329406738281,-120.55943298339844,MERCED,UNINCORPORATED,-120.55933380126953,37.317726135253906
91434562,2021,2021-03-24,9460,2021-03-13,1740,019286,,6,2,9,2400,0,3,5,,2,010,"CYPRESS STREET","AMERICAN AVENUE",148.00,S,N,A,-,N,,,,,,,,,,Y,3,0,1,2,A,-,09,21804,A,N,A,C,A,A,H,-,A,D,0,,,,,Y,,D,22,0,1,0,0,0,0,0,0,0,"- ","- ",37.411128997802734,-120.85458374023438,MERCED,UNINCORPORATED,-120.85459136962891,37.411151885986328
91434621,2021,2021-03-26,9460,2021-03-14,0100,020967,,7,3,5,2406,0,1,3,,2,003,"SR-99 S/B","G ST",45.00,S,N,A,-,Y,,,99,,,,,,S,Y,4,0,1,1,A,-,01,23152,A,N,E,I,A,A,H,-,D,D,0,,,,,Y,Y,A,01,0,0,1,0,0,0,0,0,0,"- ","- ",37.295211791992188,-120.47614288330078,MERCED,MERCED,-120.47613525390625,37.295196533203125
91435494,2021,2021-03-25,9461,2021-03-20,1715,018910,,6,2,9,2400,0,2,4,,1,115,"HENRY MILLER AVENUE","INGOMAR GRADE",4224.00,W,N,A,-,N,,,,,,,,,,Y,3,0,1,1,A,-,08,22107,,N,E,I,A,A,H,-,A,D,0,,,,,Y,,A,01,0,1,0,0,0,0,0,0,0,"- ","- ",37.1002197265625,-120.94603729248047,MERCED,UNINCORPORATED,-120.93067169189453,37.099380493164062
91437055,2021,2021-03-26,9461,2021-03-24,2028,021280,,3,2,9,2400,0,1,3,,1,465,SR-165,"WOLFSEN RD.",4752.00,S,N,A,-,N,,,165,,,,,,,Y,2,0,2,2,A,-,01,23152,A,F,A,C,A,A,H,-,D,D,0,,,,,Y,Y,A,01,1,1,0,0,0,0,0,0,0,"- ","- ",37.134380340576172,-120.83450317382812,MERCED,UNINCORPORATED,-120.83450317382812,37.134380340576172
91437237,2021,2021-03-26,9461,2021-03-24,0635,017329,,3,1,9,2400,0,3,5,,2,020,"ORTIGALITA ROAD","CACTUS DRIVE",4.00,N,N,B,-,N,,,,,,,,,,Y,4,0,1,2,A,-,05,21752,D,N,D,C,A,A,H,-,B,D,0,,,,Y,Y,,F,25,0,0,1,0,0,0,0,0,0,"- ","- ",37.013031005859375,-120.87303924560547,MERCED,UNINCORPORATED,-120.87310028076172,37.013031005859375
91438134,2021,2021-03-29,9460,2021-03-18,2300,020840,,4,3,9,2400,0,3,5,,2,010,"3RD AVE","CEMETERY RD",0.00,,Y,A,-,N,,,,,,,,,,Y,3,0,1,1,A,-,01,23152,A,N,E,I,A,A,H,-,D,D,0,,,,,Y,Y,D,22,0,1,0,0,0,0,0,0,0,"- ","- ",37.328090667724609,-120.92401885986328,MERCED,UNINCORPORATED,-120.92395782470703,37.328022003173828
91443433,2021,2021-04-05,9460,2021-03-28,0415,020840,,7,3,9,2400,0,1,3,,2,001,"SR-99 S/B","WINTON PKY",2112.00,N,N,A,-,Y,,,99,,,,,,S,Y,3,0,1,1,A,-,03,22350,,N,E,I,A,A,H,-,D,D,0,,,,,Y,,A,07,0,1,0,0,0,0,0,0,0,"- ","- ",37.396041870117188,-120.74086761474609,MERCED,UNINCORPORATED,-120.74082946777344,37.39605712890625
91445069,2021,2021-04-07,9460,2021-03-30,1222,018951,,2,1,9,2400,0,1,3,,2,002,"STATE ROUTE 99 N/B","APPLEGATE ROAD",528.00,S,N,A,-,Y,,,,,,,,,,Y,4,0,1,3,A,-,03,22350,,N,C,C,A,A,H,-,A,D,0,,,,,Y,,A,01,0,0,1,0,0,0,0,0,0,"- ","- ",37.343418121337891,-120.61032104492188,MERCED,UNINCORPORATED,-120.61156463623047,37.344085693359375
91445232,2021,2021-04-07,9460,2021-03-28,2305,020840,,7,3,3,2401,0,1,3,,2,002,"SR-99 N/B","EAST ATWATER BLVD",1056.00,N,N,A,-,Y,,,99,,,,,,N,Y,3,0,1,2,A,-,01,23152,A,N,C,C,A,A,D,-,D,D,0,,,,Y,Y,Y,A,07,0,1,0,0,0,0,0,0,0,"- ","- ",37.340221405029297,-120.595947265625,MERCED,ATWATER,-120.595947265625,37.340221405029297
91445464,2021,2021-04-07,9460,2021-03-28,0408,021511,,7,3,9,2400,0,3,5,,2,030,"ASHBY ROAD","BUHACH ROAD",0.00,,Y,A,-,N,,,,,,,,,,Y,3,0,3,1,A,-,01,23152,A,N,E,I,A,A,H,-,C,D,0,,,,,Y,Y,A,01,0,1,2,0,0,0,0,0,0,"- ","- ",37.334999084472656,-120.57536315917969,MERCED,UNINCORPORATED,-120.575439453125,37.334987640380859
91446216,2021,2021-04-08,9460,2021-01-15,2253,021511,,5,3,9,2400,0,3,5,,2,030,"SANTA FE DRIVE","SPACEPORT ENTRY",2320.00,E,N,A,-,N,,,,,,,,,,Y,1,1,1,2,A,-,11,21954,A,N,G,B,E,A,H,-,D,D,0,Y,,,,Y,,N,60,0,1,0,1,0,0,0,0,0,"- ","- ",37.354949951171875,-120.56378173828125,MERCED,UNINCORPORATED,,
91447489,2021,2021-04-09,9461,2021-04-04,0822,018586,,7,1,9,2400,0,1,1,,2,205,"I-5 N/B",SR-165,8976.00,S,N,A,-,Y,,,5,,,,,,N,Y,4,0,1,1,A,-,08,22107,,N,E,I,A,A,H,-,A,D,0,,,,,Y,,A,07,0,0,1,0,0,0,0,0,0,"- ","- ",36.910480499267578,-120.81900787353516,MERCED,UNINCORPORATED,-120.81906890869141,36.910427093505859
91448384,2021,2021-04-12,9460,2021-03-24,1830,019286,,3,2,9,2400,0,1,3,,2,001,"SR-99 S/B","GRIFFITH ROAD",528.00,N,N,A,-,Y,,,99,,,,,,S,N,4,0,1,2,A,-,03,22350,,M,C,C,A,A,H,-,A,D,0,,,,,Y,,A,01,0,0,1,0,0,0,0,0,0,"- ","- ",37.460491180419922,-120.81523132324219,MERCED,UNINCORPORATED,-120.81523132324219,37.460483551025391
91449178,2021,2021-04-13,9460,2021-03-27,2257,021511,,6,3,9,2400,0,3,5,,2,050,SR-59,"BELLEVUE ROAD",2140.00,N,N,A,-,Y,,,59,,,,,,,N,3,0,1,2,A,-,11,21954,A,F,G,B,D,A,H,-,D,D,0,Y,,,,Y,,N,60,0,1,0,0,1,0,0,0,0,"- ","- ",37.366859436035156,-120.50325775146484,MERCED,UNINCORPORATED,-120.50325775146484,37.366859436035156
91450613,2021,2021-04-14,9460,2021-04-12,1849,019838,,1,2,9,2400,0,2,4,,1,031,"WINTON WAY","DORIS AVENUE",15.00,N,N,A,-,N,,,,,,,,,,N,3,0,2,2,A,-,03,22350,,N,C,C,A,A,H,-,A,D,0,,,,,Y,,A,08,0,2,0,0,0,0,0,0,0,"- ","- ",37.380760192871094,-120.61356353759766,MERCED,UNINCORPORATED,-120.61357879638672,37.380752563476562
91452378,2021,2021-04-16,9460,2021-03-30,2016,018778,,2,2,9,2400,0,1,3,,1,143,"STATE ROUTE 140","CUNNINGHAM RD",9504.00,W,N,A,-,Y,,,140,,,,,,,N,2,0,1,2,A,-,11,21954,A,F,G,B,E,A,H,-,D,D,0,Y,,,,Y,,N,60,1,0,0,0,1,0,0,0,0,"- ","- ",37.314109802246094,-120.28041839599609,MERCED,UNINCORPORATED,-120.28041839599609,37.314113616943359
91452454,2021,2021-04-16,9461,2021-04-10,1415,020486,,6,2,9,2400,0,3,5,,2,020,"JASPER SEARS OFF HIGHWAY PARK","GONZAGA ROAD",866.00,S,N,A,-,N,,,,,,,,,,N,2,0,2,1,B,-,22,,,N,F,A,A,A,H,-,A,D,0,,,Y,,Y,,C,06,1,0,1,0,0,0,0,0,2,"- ","- ",37.053718566894531,-121.02675628662109,MERCED,UNINCORPORATED,-121.02549743652344,37.054191589355469
91452608,2021,2021-04-21,9461,2021-04-13,1425,019052,,2,2,9,2400,0,1,1,,2,105,"I-5 N/B","BUTTS RD",4224.00,S,N,A,G,Y,,,5,,,,,,N,Y,4,0,1,2,A,-,07,21658,A,N,B,C,A,A,H,-,A,D,0,,,,Y,Y,,F,25,0,0,1,0,0,0,0,0,0,"- ","- ",37.148471832275391,-121.04415130615234,MERCED,UNINCORPORATED,-121.04413604736328,37.148479461669922
91455285,2021,2021-04-21,9460,2021-04-14,1833,018603,,3,2,9,2400,0,1,3,,2,001,"SR-99 S/B","SOUTH AVE",3420.00,S,N,A,-,Y,,,99,,,,,,S,Y,3,0,1,1,A,-,08,22107,,N,F,A,A,A,H,-,A,D,0,,,,Y,Y,,G,27,0,1,0,0,0,0,0,0,0,"- ","- ",37.419628143310547,-120.76309204101562,MERCED,UNINCORPORATED,-120.76311492919922,37.419597625732422
91457031,2021,2021-04-23,9461,2021-04-16,2200,018910,,5,3,9,2400,0,1,3,,1,153,"STATE ROUTE 152 EASTBOUND","MORAGA ROAD",528.00,E,N,A,-,Y,,,152,,,,,,E,Y,3,0,3,1,A,-,08,22107,,N,H,A,A,A,H,-,D,D,0,,,,,Y,,D,22,0,3,0,0,0,0,0,0,0,"- ","- ",37.056549072265625,-120.96031188964844,MERCED,UNINCORPORATED,-120.96031188964844,37.056594848632812
91457853,2021,2021-04-26,9460,2021-04-12,1727,018778,,1,2,5,2406,0,1,3,,2,003,"SR-99 N/B","V ST",1820.00,N,N,A,-,Y,,,99,,,,,,N,Y,3,0,2,4,A,-,01,23152,A,N,C,E,A,A,H,-,A,D,0,,,,Y,Y,Y,A,07,0,1,1,0,0,0,0,0,0,"- ","- ",37.305290222167969,-120.50598907470703,MERCED,MERCED,-120.50600433349609,37.305255889892578
91460559,2021,2021-04-28,9461,2021-04-23,0407,020385,,5,3,3,2405,0,1,3,,1,152,"SR-152 W/B","MORAGA RD",0.00,,Y,A,-,Y,,,,,,,,,,Y,3,0,1,2,A,-,03,22350,,M,C,C,A,A,H,-,D,D,0,,,,,Y,,A,01,0,1,0,0,0,0,0,0,0,"- ","- ",37.056659698486328,-120.96044921875,MERCED,"LOS BANOS",-120.96043395996094,37.0567626953125
91461474,2021,2021-04-29,9460,2021-04-23,1700,019838,,5,2,9,2400,0,3,5,,2,030,"BEACHWOOD DR","FIR AVENUE",60.00,S,N,A,-,N,,,,,,,,,,Y,3,0,1,2,A,-,03,22350,,N,C,C,A,A,H,-,A,D,0,,,,Y,Y,,A,01,0,1,0,0,0,0,0,0,0,"- ","- ",37.328041076660156,-120.52799987792969,MERCED,UNINCORPORATED,-120.52801513671875,37.328033447265625
91461617,2021,2021-04-29,9460,2021-04-21,1530,020822,,3,2,9,2400,0,3,5,,2,030,"ALMOND AVE","CENTRAL AVE",1056.00,E,N,A,-,N,,,,,,,,,,Y,4,0,1,2,A,-,09,21804,A,N,D,C,A,A,H,-,A,D,0,,,,,Y,,A,01,0,0,1,0,0,0,0,0,0,"- ","- ",37.382179260253906,-120.64541625976562,MERCED,UNINCORPORATED,-120.64636993408203,37.382118225097656
91461744,2021,2021-04-29,9460,2021-04-24,0455,021468,,6,3,9,2400,0,1,3,,2,003,"SR-99 N/B","CHILDS AVE",1584.00,S,N,B,-,Y,,,99,,,,,,N,Y,4,0,1,1,A,-,08,22107,,N,E,I,A,A,H,-,D,D,0,,,,,Y,,A,01,0,0,1,0,0,0,0,0,0,"- ","- ",37.286270141601562,-120.45398712158203,MERCED,UNINCORPORATED,-120.45403289794922,37.286231994628906
91465672,2021,2021-05-04,9460,2021-05-02,1355,019918,,7,1,9,2400,0,1,3,,2,002,SR-99,"APPLEGATE RD",1056.00,S,N,A,-,Y,,,,,,,,,,Y,4,0,2,3,A,-,07,21658,A,N,C,C,A,A,D,-,A,D,0,,,,,Y,,D,22,0,0,2,0,0,0,0,0,0,"- ","- ",37.343021392822266,-120.60845947265625,MERCED,UNINCORPORATED,,
91466182,2021,2021-05-05,9460,2021-05-02,1735,019918,,7,2,9,2400,0,1,3,,2,002,"SR-99 N/B","ATWATER BLVD",30.00,S,N,A,-,Y,,,,,,,,,,Y,4,0,4,2,A,-,03,22350,,N,C,C,A,A,D,-,A,D,0,,,,,Y,,A,01,0,0,4,0,0,0,0,0,0,"- ","- ",37.350921630859375,-120.62368011474609,MERCED,UNINCORPORATED,-120.62379455566406,37.351055145263672
91466358,2021,2021-05-05,9461,2021-04-28,1310,014933,,3,1,9,2400,0,3,5,,2,050,"PALM AVE.","EUCALYPTUS AVE.",0.00,,Y,A,-,N,,,,,,,,,,Y,3,0,2,2,A,-,09,21801,A,N,A,C,A,A,H,-,A,D,0,,,,,Y,,A,01,0,2,0,0,0,0,0,0,0,"- ","- ",37.010810852050781,-120.61753845214844,MERCED,UNINCORPORATED,-120.61756134033203,37.010761260986328
91466934,2021,2021-05-06,9460,2021-04-25,0024,020840,,7,3,9,2400,0,3,5,,2,020,"STEPHENS ST","SCHENDEL AVE",18.00,W,N,A,-,N,,,,,,,,,,N,2,0,1,2,A,-,12,22450,A,F,G,B,B,A,H,-,C,D,0,Y,,,,Y,Y,-,99,1,0,0,0,1,0,0,0,0,"- ","- ",37.430179595947266,-120.77616119384766,MERCED,UNINCORPORATED,-120.77619934082031,37.430126190185547
91467181,2021,2021-05-06,9461,2021-05-01,2015,021378,,6,2,9,2400,0,1,3,,1,103,"SR-33 N/B","BUNKER RD",1056.00,N,N,A,-,Y,,,33,,,,,,N,Y,3,0,3,2,A,-,06,21751,,N,A,C,A,A,H,-,A,D,0,,,,,Y,,A,01,0,1,2,0,0,0,0,0,0,"- ","- ",37.176551818847656,-121.01310729980469,MERCED,UNINCORPORATED,-121.01311492919922,37.176551818847656
91468097,2021,2021-05-07,9461,2021-05-02,0400,021280,,7,3,9,2400,0,1,3,,2,453,"SR-152 E/B","FLANAGAN RD.",1584.00,W,N,A,-,N,,,152,,,,,,E,Y,4,0,1,1,A,-,01,23152,A,N,F,A,A,A,H,-,D,D,0,,,,,Y,Y,D,22,0,0,1,0,0,0,0,0,0,"- ","- ",37.068878173828125,-120.52922058105469,MERCED,UNINCORPORATED,-120.52925109863281,37.068988800048828
91468250,2021,2021-05-07,9460,2021-04-15,1510,019286,,4,2,9,2400,0,3,5,,2,020,"BRADBURY ROAD","FLOWER STREET",400.00,W,N,A,-,N,,,,,,,,,,Y,3,0,1,2,A,-,08,22107,,M,E,I,A,A,H,-,A,D,0,,,,,Y,,A,01,0,1,0,0,0,0,0,0,0,"- ","- ",37.448749542236328,-120.80254364013672,MERCED,UNINCORPORATED,-120.80243682861328,37.448776245117188