CASE_ID,ACCIDENT_YEAR,PROC_DATE,JURIS,COLLISION_DATE,COLLISION_TIME,OFFICER_ID,REPORTING_DISTRICT,DAY_OF_WEEK,CHP_SHIFT,POPULATION,CNTY_CITY_LOC,SPECIAL_COND,BEAT_TYPE,CHP_BEAT_TYPE,CITY_DIVISION_LAPD,CHP_BEAT_CLASS,BEAT_NUMBER,PRIMARY_RD,SECONDARY_RD,DISTANCE,DIRECTION,INTERSECTION,WEATHER_1,WEATHER_2,STATE_HWY_IND,CALTRANS_COUNTY,CALTRANS_DISTRICT,STATE_ROUTE,ROUTE_SUFFIX,POSTMILE_PREFIX,POSTMILE,LOCATION_TYPE,RAMP_INTERSECTION,SIDE_OF_HWY,TOW_AWAY,COLLISION_SEVERITY,NUMBER_KILLED,NUMBER_INJURED,PARTY_COUNT,PRIMARY_COLL_FACTOR,PCF_CODE_OF_VIOL,PCF_VIOL_CATEGORY,PCF_VIOLATION,PCF_VIOL_SUBSECTION,HIT_AND_RUN,TYPE_OF_COLLISION,MVIW,PED_ACTION,ROAD_SURFACE,ROAD_COND_1,ROAD_COND_2,LIGHTING,CONTROL_DEVICE,CHP_ROAD_TYPE,PEDESTRIAN_ACCIDENT,BICYCLE_ACCIDENT,MOTORCYCLE_ACCIDENT,TRUCK_ACCIDENT,NOT_PRIVATE_PROPERTY,ALCOHOL_INVOLVED,STWD_VEHTYPE_AT_FAULT,CHP_VEHTYPE_AT_FAULT,COUNT_SEVERE_INJ,COUNT_VISIBLE_INJ,COUNT_COMPLAINT_PAIN,COUNT_PED_KILLED,COUNT_PED_INJURED,COUNT_BICYCLIST_KILLED,COUNT_BICYCLIST_INJURED,COUNT_MC_KILLED,COUNT_MC_INJURED,PRIMARY_RAMP,SECONDARY_RAMP,LATITUDE,LONGITUDE,COUNTY,CITY,POINT_X,POINT_Y
91469374,2021,2021-05-10,9460,2021-04-15,1648,018778,,4,2,5,2406,0,1,3,,2,003,"OFF RAMP:  S/B SR-99 TO MLK JR. WAY","MARTIN LUTHER KING JR WAY",900.00,N,N,A,-,Y,,,,,,,,,,Y,3,0,2,4,A,-,03,22350,,F,C,C,A,A,H,-,A,D,0,,,,,Y,,D,22,0,2,0,0,0,0,0,0,0,"- ","- ",37.2972412109375,-120.48493957519531,MERCED,MERCED,,
91469596,2021,2021-05-10,9461,2021-05-03,1155,014933,,1,1,3,2405,1,4,S,,2,901,"SR-152 W/B",SR-165,17.00,E,N,A,-,Y,,,152,,,,,,W,N,3,0,1,2,A,-,09,21453,B,F,D,G,A,A,H,-,A,A,0,,Y,,,Y,,H,13,0,1,0,0,0,0,1,0,0,"- ","- ",37.057060241699219,-120.83518981933594,MERCED,"LOS BANOS",-120.83518981933594,37.056922912597656
91470474,2021,2021-05-11,9461,2021-05-06,1735,021378,,4,2,9,2400,0,3,5,,2,010,"CANAL SCHOOL RD","BRAZA RD",528.00,N,N,A,-,N,,,,,,,,,,Y,2,0,1,2,A,-,08,22107,,N,A,C,A,A,H,-,A,D,0,,,,Y,Y,Y,A,01,1,0,0,0,0,0,0,0,0,"- ","- ",37.304851531982422,-121.00823974609375,MERCED,UNINCORPORATED,-121.00826263427734,37.305240631103516
91472688,2021,2021-05-27,9460,2021-05-11,1535,018603,,2,2,9,2400,0,1,3,,2,001,"SR-99 S/B","WINTON PARKWAY",1500.00,N,N,A,-,Y,,,99,,,,,,S,N,4,0,1,2,A,-,03,22350,,N,C,C,A,A,H,-,A,D,0,,,,Y,Y,,F,26,0,0,1,0,0,0,0,0,0,"- ","- ",37.394741058349609,-120.74034881591797,MERCED,UNINCORPORATED,-120.74034118652344,37.394741058349609
91473524,2021,2021-05-14,9460,2021-05-05,2235,020840,,3,3,9,2400,0,1,3,,2,001,"SR-99 S/B","WINTON PKY",2640.00,N,N,A,-,Y,,,99,,,,,,S,Y,3,0,5,1,A,-,08,22107,,N,E,I,A,A,H,-,D,D,0,,,,,Y,,D,22,0,4,1,0,0,0,0,0,0,"- ","- ",37.396499633789062,-120.74085235595703,MERCED,UNINCORPORATED,-120.74099731445312,37.396427154541016
91473821,2021,2021-05-27,9460,2021-05-11,1500,018951,,2,2,9,2400,0,3,5,,2,040,"LOONEY ROAD","EAST AVENUE",528.00,N,N,A,B,N,,,,,,,,,,Y,4,0,1,1,C,-,18,,,N,E,I,A,A,H,-,A,D,0,,,,,Y,,-,"- ",0,0,1,0,0,0,0,0,0,"- ","- ",37.493541717529297,-120.63072967529297,MERCED,UNINCORPORATED,-120.63077545166016,37.492851257324219
91473893,2021,2021-05-14,9460,2021-05-07,1555,018778,,5,2,5,2406,0,1,3,,2,003,"SR-99 S/B","16TH STREET",120.00,N,N,A,-,Y,,,99,,,,,,S,Y,4,0,2,2,A,-,03,22350,,N,C,C,A,A,H,-,A,D,0,,,,,Y,,A,07,0,0,2,0,0,0,0,0,0,"- ","- ",37.295501708984375,-120.47254943847656,MERCED,MERCED,-120.47255706787109,37.295562744140625
91475010,2021,2021-05-27,9461,2021-05-10,1705,021378,,1,2,9,2400,0,1,3,,1,103,"SR-33 N/B",SR-152,45.00,N,N,A,-,Y,,,33,,,,,,N,Y,4,0,2,2,A,-,21,22106,,N,D,C,A,A,H,-,A,D,0,,,,,Y,,A,01,0,0,2,0,0,0,0,0,0,"- ","- ",37.05712890625,-121.01628112792969,MERCED,UNINCORPORATED,-121.01629638671875,37.05712890625
91475056,2021,2021-05-27,9461,2021-05-10,1514,019052,,1,2,9,2400,0,1,3,,1,452,"SR-152 W/B","BRITTO RD",1056.00,W,N,A,-,Y,,,152,,,,,,W,Y,3,0,1,2,A,-,03,22350,,N,C,C,A,A,H,-,A,D,0,,,,Y,Y,,G,25,0,1,0,0,0,0,0,0,0,"- ","- ",37.05474853515625,-120.71244812011719,MERCED,UNINCORPORATED,-120.71244812011719,37.054744720458984
91476584,2021,2021-05-27,9460,2021-05-11,1530,019005,,2,2,9,2400,0,2,4,,1,031,"WINTON WAY","SANTA FE DRIVE",300.00,S,N,A,-,N,,,,,,,,,,N,4,0,1,2,A,-,03,22350,,N,C,C,A,A,H,-,A,D,0,,,,,Y,,A,01,0,0,1,0,0,0,0,0,0,"- ","- ",37.384891510009766,-120.61344909667969,MERCED,UNINCORPORATED,-120.613525390625,37.384967803955078
91476682,2021,2021-05-27,9460,2021-05-12,0755,016476,,3,1,9,2400,0,3,5,,2,010,"COLUMBUS AVE","BLOSS AVE",0.00,,Y,A,-,N,,,,,,,,,,Y,3,0,2,2,A,-,09,21802,A,N,D,C,A,A,H,-,A,A,0,,,,,Y,,D,22,0,1,1,0,0,0,0,0,0,"- ","- ",37.405780792236328,-120.86818695068359,MERCED,UNINCORPORATED,-120.86834716796875,37.404388427734375
91476874,2021,2021-05-27,9460,2021-05-14,0918,019806,,5,1,9,2400,0,1,3,,2,001,"SR-99 S/B","SHANKS RD",30.00,N,N,A,-,Y,,,99,,,,,,S,Y,4,0,1,1,A,-,08,22107,,N,E,I,A,A,H,-,A,D,0,,,,,Y,,D,22,0,0,1,0,0,0,0,0,0,"- ","- ",37.436981201171875,-120.78309631347656,MERCED,UNINCORPORATED,-120.78327941894531,37.436748504638672
91476878,2021,2021-05-27,9460,2021-05-10,1515,020822,,1,2,9,2400,0,1,3,,2,002,"SR-99 N/B","HAMMATT AVE",3696.00,S,N,A,-,Y,,,99,,,,,,N,Y,4,0,1,2,A,-,07,21658,A,N,C,C,A,A,H,-,A,D,0,,,,Y,Y,,G,25,0,0,1,0,0,0,0,0,0,"- ","- ",37.379959106445312,-120.70176696777344,MERCED,UNINCORPORATED,-120.70173645019531,37.380058288574219
91477722,2021,2021-05-27,9461,2021-05-12,0834,021387,,3,1,9,2400,0,1,1,,2,105,"I-5 N/B",SR-33,2112.00,N,N,A,-,Y,,,5,,,,,,N,Y,3,0,1,2,A,-,08,22107,,N,B,C,A,A,H,-,A,D,0,,,,Y,Y,,A,01,0,1,0,0,0,0,0,0,0,"- ","- ",37.109668731689453,-121.01835632324219,MERCED,UNINCORPORATED,-121.01832580566406,37.109699249267578
91477980,2021,2021-05-20,9460,2021-04-30,0035,020967,,5,3,5,2406,0,3,5,,2,010,"FIRST STREET","ELLINGTON AVENUE",100.00,E,N,A,-,Y,,,,,,,,,,Y,3,0,1,3,A,-,01,23152,A,M,C,C,A,A,H,-,D,D,0,,,,,Y,Y,D,22,0,1,0,0,0,0,0,0,0,"- ","- ",37.407901763916016,-120.84687042236328,MERCED,MERCED,-120.84700775146484,37.407878875732422
91480298,2021,2021-06-11,9461,2021-05-16,0238,021280,,7,3,9,2400,0,1,1,,2,205,"I-5 N/B","VOLTA RD.",4224.00,N,N,A,G,Y,,,5,,,,,,N,N,3,0,4,2,A,-,03,22350,,F,C,C,A,A,H,-,D,D,0,,,,,Y,,A,01,0,1,3,0,0,0,0,0,0,"- ","- ",37.015468597412109,-120.92967987060547,MERCED,UNINCORPORATED,-120.92966461181641,37.015483856201172
91481406,2021,2021-05-27,9461,2021-05-21,0240,021854,,5,3,9,2400,0,3,5,,2,010,"HUNT RD.","PRESTON RD.",8.00,N,N,A,-,N,,,,,,,,,,Y,3,0,1,2,A,-,01,23152,A,N,E,I,A,A,H,-,D,A,0,,,,,Y,Y,A,01,0,1,0,0,0,0,0,0,0,"- ","- ",37.289291381835938,-120.99472045898438,MERCED,UNINCORPORATED,-120.99472045898438,37.289249420166016
91482128,2021,2021-05-27,9460,2021-05-15,0225,020840,,6,3,9,2400,0,1,3,,2,001,"SR-99 S/B","SOUTH AVENUE",2640.00,S,N,A,-,Y,,,99,,,,,,S,N,3,0,1,1,A,-,01,23152,A,N,F,A,A,A,H,-,D,D,0,,,,,Y,Y,D,22,0,1,0,0,0,0,0,0,0,"- ","- ",37.418861389160156,-120.76232147216797,MERCED,UNINCORPORATED,-120.76230621337891,37.418880462646484
91482883,2021,2021-05-27,9460,2021-05-18,2003,019005,,2,2,9,2400,0,1,3,,2,002,"SR-99 S/B","SULTANA DR.",5280.00,S,N,A,-,Y,,,99,,,,,,S,Y,2,0,1,2,A,-,03,22350,,N,C,C,A,A,H,-,D,D,0,,,Y,,Y,,C,02,1,0,0,0,0,0,0,0,1,"- ","- ",37.366298675537109,-120.66490936279297,MERCED,UNINCORPORATED,-120.6649169921875,37.366291046142578
91485106,2021,2021-05-28,9461,2021-05-20,1610,020486,,4,2,9,2400,0,1,3,,1,103,"STATE HIGHWAY 33","ROMERO ROAD",605.00,N,N,A,-,Y,,,33,,,,,,,Y,3,0,1,2,A,-,03,22350,,N,B,C,A,A,H,-,A,D,0,,,,,Y,,A,01,0,1,0,0,0,0,0,0,0,"- ","- ",37.131721496582031,-121.01497650146484,MERCED,UNINCORPORATED,-121.01488494873047,37.131717681884766
91485198,2021,2021-05-28,9460,2021-05-21,0933,016476,,5,1,9,2400,0,1,3,,2,001,"SR-99 N/B","COLLIER RD",3696.00,S,N,A,-,Y,,,99,,,,,,N,Y,4,0,2,4,A,-,03,22350,,F,C,C,A,A,D,-,A,D,0,,,,,Y,,A,01,0,0,2,0,0,0,0,0,0,"- ","- ",37.399990081787109,-120.74318695068359,MERCED,UNINCORPORATED,-120.74317169189453,37.400001525878906
91485766,2021,2021-05-31,9461,2021-05-28,2045,021378,,5,2,9,2400,0,1,1,,2,205,"I-5 S/B","ARBURUA RD",4224.00,N,N,A,-,Y,,,5,,,,,,S,Y,4,0,8,2,A,-,03,22350,,N,C,C,A,A,H,-,C,D,0,,,,,Y,,A,01,0,0,8,0,0,0,0,0,0,"- ","- ",36.975521087646484,-120.8939208984375,MERCED,UNINCORPORATED,-120.89391326904297,36.975521087646484
91486378,2021,2021-06-01,9460,2021-05-21,1825,018951,,5,2,9,2400,0,3,5,,2,030,"EUCALYPTUS AVENUE","SULTANA DRIVE",528.00,W,N,A,-,N,,,,,,,,,,N,2,0,1,1,A,-,08,22107,,N,F,A,A,A,H,-,A,D,0,,,Y,,Y,,C,06,1,0,0,0,0,0,0,0,1,"- ","- ",37.404079437255859,-120.68948364257812,MERCED,UNINCORPORATED,-120.68793487548828,37.404018402099609
91486420,2021,2021-06-01,9460,2021-05-21,1705,019918,,5,2,9,2400,0,1,3,,2,002,"SR-99 SOUTHBOUND","ATWATER MERCED EXPRESSWAY",122.00,N,N,B,-,Y,,,,,,,,,,Y,3,0,2,2,A,-,08,22107,,N,B,C,A,A,D,-,A,D,0,,,,,Y,,A,07,0,1,1,0,0,0,0,0,0,"- ","- ",37.332229614257812,-120.568359375,MERCED,UNINCORPORATED,-120.56958770751953,37.332618713378906
91486893,2021,2021-06-01,9461,2021-05-26,0810,014933,,3,1,9,2400,0,1,3,,2,453,"SR-152 E/B","ISLAND RD.",0.00,,Y,A,-,Y,,,152,,,,,,E,Y,3,0,1,2,A,-,01,23152,A,N,D,C,A,A,H,-,A,A,0,,,,,Y,Y,A,01,0,1,0,0,0,0,0,0,0,"- ","- ",37.053901672363281,-120.55409240722656,MERCED,UNINCORPORATED,-120.5540771484375,37.053863525390625
91488554,2021,2021-06-03,9461,2021-05-29,1555,020486,,6,2,9,2400,0,1,3,,1,103,"STATE HIGHWAY 33","PFITZER ROAD",502.00,N,N,A,-,Y,,,33,,,,,,,N,3,0,1,1,A,-,08,22107,,N,F,A,A,A,H,-,A,D,0,,,,,Y,,A,01,0,1,0,0,0,0,0,0,0,"- ","- ",37.210781097412109,-121.01239776611328,MERCED,UNINCORPORATED,-121.01238250732422,37.210781097412109
91490894,2021,2021-06-07,9460,2021-05-29,2150,020967,,6,2,9,2400,0,1,3,,2,001,"SR-99 N/B","SOUTH AVE",4752.00,S,N,A,-,Y,,,99,,,,,,N,Y,4,0,1,1,A,-,01,23152,A,N,F,A,A,A,H,-,D,D,0,,,,,Y,Y,A,07,0,0,1,0,0,0,0,0,0,"- ","- ",37.418731689453125,-120.76161193847656,MERCED,UNINCORPORATED,-120.7615966796875,37.418743133544922
91493717,2021,2021-06-10,9460,2021-05-30,2010,019918,,7,2,9,2400,0,1,3,,1,590,SR-59,"BELCHER AVE",448.00,N,N,A,-,Y,,,59,,,,,,,Y,4,0,1,1,A,-,01,23152,A,N,E,I,A,A,H,-,B,D,0,,,,,Y,Y,A,01,0,0,1,0,0,0,0,0,0,"- ","- ",37.340370178222656,-120.50428009033203,MERCED,UNINCORPORATED,-120.50418090820312,37.340354919433594
91493742,2021,2021-06-10,9460,2021-05-30,2115,021150,,7,2,9,2400,0,3,5,,2,020,"GOLDEN STATE BOULEVARD S/B","GRIFFITH AVENUE",760.00,N,N,A,-,N,,,,,,,,,,N,4,0,1,2,A,-,01,23152,A,N,B,C,A,A,H,-,D,D,0,,,,,Y,Y,A,01,0,0,1,0,0,0,0,0,0,"- ","- ",37.464569091796875,-120.81369018554688,MERCED,UNINCORPORATED,-120.81341552734375,37.464618682861328
91493788,2021,2021-06-10,9461,2021-06-03,1730,020486,,4,2,9,2400,0,1,3,,1,103,"STATE HIGHWAY 33","COTTONWOOD ROAD",0.00,,Y,A,-,Y,,,33,,,,,,,Y,3,0,1,2,A,-,09,21802,A,N,D,C,A,A,H,-,A,A,0,,,,,Y,,A,01,0,1,0,0,0,0,0,0,0,"- ","- ",37.187721252441406,-121.01267242431641,MERCED,UNINCORPORATED,-121.01265716552734,37.187721252441406
91493807,2021,2021-06-10,9460,2021-05-31,2114,019286,,1,2,9,2400,0,3,5,,2,020,"EL CAPITAN WAY","BALLICO AVENUE",8.00,E,N,A,-,N,,,,,,,,,,Y,3,0,1,1,A,-,08,22107,,N,E,I,A,A,H,-,C,D,0,,,,,Y,,A,07,0,1,0,0,0,0,0,0,0,"- ","- ",37.433708190917969,-120.70131683349609,MERCED,UNINCORPORATED,-120.70143890380859,37.433769226074219
91494321,2021,2021-06-10,9461,2021-06-05,1130,021378,,6,1,9,2400,0,3,5,,2,010,"DIRT/GRAVEL CANAL BANK","HUSMAN RD",1056.00,S,N,A,-,N,,,,,,,,,,Y,4,0,1,1,A,-,08,22107,,N,E,A,A,A,H,-,A,D,0,,,,,Y,,A,01,0,0,1,0,0,0,0,0,0,"- ","- ",37.1568603515625,-120.99559783935547,MERCED,UNINCORPORATED,,
91496509,2021,2021-06-14,9460,2021-06-04,1740,020822,,5,2,9,2400,0,3,5,,2,020,"TURLOCK RD","OAKDALE RD",0.00,,Y,A,-,N,,,,,,,,,,Y,3,0,2,2,A,-,09,21802,A,N,D,C,A,A,H,-,A,A,0,,,,,Y,,A,01,0,1,1,0,0,0,0,0,0,"- ","- ",37.476970672607422,-120.64462280273438,MERCED,UNINCORPORATED,-120.64462280273438,37.476970672607422
91496566,2021,2021-06-14,9460,2021-06-05,1630,020822,,6,2,9,2400,0,2,4,,1,041,"SANTA FE DR","SPACEPORT ENTRY",0.00,,Y,A,-,N,,,,,,,,,,N,3,0,1,1,A,-,03,22350,,N,F,A,A,A,H,-,A,D,0,,,Y,,Y,,C,02,0,1,0,0,0,0,0,0,1,"- ","- ",37.358978271484375,-120.57005310058594,MERCED,UNINCORPORATED,,
91497654,2021,2021-06-15,9461,2021-06-09,0100,020385,,3,3,9,2400,0,3,5,,2,020,"GONZAGA ROAD","RANCHITOS DEL SOL DRIVE",1056.00,E,N,A,-,N,,,,,,,,,,Y,3,0,1,1,A,-,08,22107,,N,F,I,A,A,H,-,D,D,0,,,,,Y,,A,01,0,1,0,0,0,0,0,0,0,"- ","- ",37.056671142578125,-121.00479125976562,MERCED,UNINCORPORATED,-121.00627136230469,37.056388854980469
91497757,2021,2021-06-15,9460,2021-06-06,1937,021407,,7,2,9,2400,0,1,3,,2,001,"SR-99 S/B","BRADBURY ROAD",2640.00,N,N,A,-,Y,,,99,,,,,,S,Y,3,0,1,1,A,-,08,22107,,N,E,I,A,A,H,-,A,D,0,,,,,Y,,A,01,0,1,0,0,0,0,0,0,0,"- ","- ",37.454799652099609,-120.80280303955078,MERCED,UNINCORPORATED,-120.80286407470703,37.4547119140625
91498057,2021,2021-06-16,9460,2021-06-07,0527,021320,,1,3,9,2400,0,1,3,,1,165,SR-165,"AUGUST AVE.",40.00,S,N,A,-,Y,,,165,,,,,,,N,4,0,1,3,A,-,03,22350,,N,C,C,A,A,H,-,A,A,0,,,,,Y,,A,01,0,0,1,0,0,0,0,0,0,"- ","- ",37.418510437011719,-120.84992980957031,MERCED,UNINCORPORATED,-120.84999084472656,37.418510437011719
91504630,2021,2021-06-23,9461,2021-06-17,1910,020486,,4,2,9,2400,0,3,5,,2,010,"WHITWORTH ROAD","NETHERTON ROAD",1056.00,N,N,A,-,N,,,,,,,,,,Y,3,0,2,1,A,-,08,22107,,N,E,I,A,A,H,-,A,A,0,,,,,Y,,A,01,0,2,0,0,0,0,0,0,0,"- ","- ",37.278278350830078,-121.03102874755859,MERCED,UNINCORPORATED,-121.03104400634766,37.284919738769531
91505153,2021,2021-06-24,9460,2021-06-11,1255,017343,,5,1,9,2400,0,3,5,,2,060,"E. SANTA FE AVENUE","GREEN STREET",100.00,E,N,A,-,N,,,,,,,,,,Y,4,0,2,2,A,-,09,21801,A,N,D,C,A,A,H,-,A,D,0,,,,,Y,,A,01,0,0,2,0,0,0,0,0,0,"- ","- ",37.300090789794922,-120.45597076416016,MERCED,UNINCORPORATED,-120.4560546875,37.300125122070312
91505943,2021,2021-07-15,9460,2021-06-09,1505,019918,,3,2,9,2400,0,1,3,,2,002,"SR-99 S/B","EAST ATWATER BOULEVARD",82.00,S,N,A,-,Y,,,99,,,,,,S,Y,4,0,1,3,A,-,03,22350,,N,C,C,A,A,D,-,A,D,0,,,,Y,Y,,A,07,0,0,1,0,0,0,0,0,0,"- ","- ",37.340179443359375,-120.59352874755859,MERCED,UNINCORPORATED,-120.59353637695312,37.340217590332031
91505983,2021,2021-06-24,9460,2021-06-23,1445,018922,,3,2,9,2400,0,1,3,,1,591,SR-59,"MISSION AVENUE",1150.00,N,N,A,-,Y,,,59,,,,,,,Y,4,0,2,1,A,-,08,22107,,N,E,I,A,A,H,-,A,A,0,,,,,Y,,D,22,0,0,2,0,0,0,0,0,0,"- ","- ",37.276611328125,-120.48770904541016,MERCED,UNINCORPORATED,-120.48777770996094,37.276611328125
91506403,2021,2021-06-25,9460,2021-06-17,1705,019286,,4,2,9,2400,0,1,3,,2,001,"SR-99 S/B","COLLIER ROAD",650.00,N,N,A,-,Y,,,99,,,,,,S,Y,4,0,2,2,A,-,03,22350,,N,C,2,A,A,H,-,A,D,0,,,,,Y,,A,07,0,0,2,0,0,0,0,0,0,"- ","- ",37.410320281982422,-120.75364685058594,MERCED,UNINCORPORATED,-120.75365447998047,37.410316467285156
91507307,2021,2021-06-28,9460,2021-06-26,1125,017343,,6,1,9,2400,0,3,5,,2,040,"ASHBY ROAD","COOPER AVENUE",225.00,W,N,A,-,N,,,,,,,,,,Y,3,0,1,1,A,-,01,23152,A,N,E,I,A,A,H,-,A,D,0,,,,,Y,Y,A,01,0,1,0,0,0,0,0,0,0,"- ","- ",37.313831329345703,-120.52010345458984,MERCED,UNINCORPORATED,-120.52002716064453,37.313789367675781
91507865,2021,2021-06-28,9460,2021-06-18,1910,020840,,5,2,9,2400,0,1,3,,2,002,"SR-99 N/B TO ATWATER MERCED EXPRESSWAY","ATWATER MERCED EXPRESSWAY",0.00,,Y,A,-,Y,,,,,,,,,,N,3,0,2,2,A,-,01,23152,A,N,D,C,A,A,H,-,A,A,0,,,,,Y,Y,A,01,0,2,0,0,0,0,0,0,0,"- ","- ",37.334911346435547,-120.56716156005859,MERCED,UNINCORPORATED,-120.56781005859375,37.332359313964844
91508696,2021,2021-06-29,9460,2021-06-18,1406,018778,,5,2,9,2400,0,1,3,,1,591,"STATE HIGHWAY 59","GERARD AVE",0.00,,Y,A,-,Y,,,59,,,,,,,Y,3,0,1,2,A,-,09,21802,A,F,D,C,A,A,H,-,A,A,0,,,,,Y,,-,99,0,1,0,0,0,0,0,0,0,"- ","- ",37.280998229980469,-120.48760986328125,MERCED,UNINCORPORATED,-120.4876708984375,37.281002044677734
91509046,2021,2021-06-29,9461,2021-06-22,0615,021378,,2,1,9,2400,0,1,3,,1,103,"SR-33 N/B","DELTA MENDOTA CANAL",470.00,S,N,A,-,N,,,33,,,,,,N,Y,4,0,2,2,A,-,08,22107,,N,-,A,A,A,H,-,A,D,0,,,,Y,Y,,G,25,0,0,2,0,0,0,0,0,0,"- ","- ",37.082901000976562,-121.01602172851562,MERCED,UNINCORPORATED,-121.01606750488281,37.082901000976562
91509074,2021,2021-06-29,9460,2021-06-26,1723,021407,,6,2,9,2400,0,3,5,,2,050,"MERCED FALLS RD","HORNITOS RD",330.00,S,N,A,-,N,,,,,,,,,,Y,4,0,1,1,A,-,08,22107,,N,E,I,A,A,H,-,A,D,0,,,,,Y,,A,07,0,0,1,0,0,0,0,0,0,"- ","- ",37.523799896240234,-120.32980346679688,MERCED,UNINCORPORATED,-120.32951354980469,37.524024963378906
91510291,2021,2021-06-30,9460,2021-06-26,1407,019918,,6,2,9,2400,0,3,5,,2,090,"ATWATER JORDAN ROAD","CENTRAL AVE",0.00,,Y,A,-,N,,,,,,,,,,Y,3,0,2,2,A,-,09,21802,A,N,D,C,A,A,H,-,A,D,0,,,,,Y,,A,01,0,1,1,0,0,0,0,0,0,"- ","- ",37.331291198730469,-120.6507568359375,MERCED,UNINCORPORATED,-120.65077972412109,37.331306457519531
91510353,2021,2021-06-30,9460,2021-06-28,0715,014541,,1,1,9,2400,0,2,4,,1,051,"G STREET","LA PALOMA ROAD",9504.00,N,N,A,-,N,,,,,,,,,,Y,4,0,1,2,A,-,05,21460,A,N,B,C,A,A,H,-,A,D,0,,,,,Y,,A,01,0,0,1,0,0,0,0,0,0,"- ","- ",37.421058654785156,-120.44561767578125,MERCED,UNINCORPORATED,,
91511085,2021,2021-07-01,9461,2021-06-23,1910,020486,,3,2,9,2400,0,1,3,,1,152,"STATE HIGHWAY 152","INTERSTATE 5",200.00,E,N,A,-,Y,,,152,,,,,,,N,3,0,1,1,A,-,03,22350,,N,F,A,A,A,H,-,A,A,0,,,Y,,Y,,C,02,0,1,0,0,0,0,0,0,1,"- ","- ",37.056339263916016,-120.96788024902344,MERCED,UNINCORPORATED,-120.96788024902344,37.056591033935547
91511328,2021,2021-07-01,9461,2021-06-25,2120,020486,,5,2,9,2400,0,3,5,,2,010,"SPARKS ROAD","TAGLIO ROAD",300.00,S,N,A,-,N,,,,,,,,,,N,2,0,3,1,A,-,08,22107,,N,F,A,A,A,B,-,D,D,0,,,Y,,Y,,C,06,1,0,2,0,0,0,0,0,3,"- ","- ",37.21630859375,-121.08595275878906,MERCED,UNINCORPORATED,-121.08509826660156,37.217029571533203
91511939,2021,2021-07-02,9460,2021-06-24,0525,020857,,4,3,9,2400,0,3,5,,2,080,SR-140,"GURR RD",0.00,,Y,A,-,N,,,140,,,,,,,Y,4,0,1,2,A,-,09,21802,A,N,D,C,A,A,H,-,B,A,0,,,,,Y,,A,07,0,0,1,0,0,0,0,0,0,"- ","- ",37.302471160888672,-120.55950927734375,MERCED,UNINCORPORATED,-120.55950927734375,37.302448272705078
91511999,2021,2021-07-02,9460,2021-04-13,2320,020099,,2,3,9,2400,0,3,5,,2,030,"BEACHWOOD DR","ASHBY RD",0.00,,Y,A,-,N,,,,,,,,,,Y,1,1,0,1,A,-,01,23152,G,N,F,A,A,A,H,-,C,A,0,,,Y,,Y,Y,C,02,0,0,0,0,0,0,0,1,0,"- ","- ",37.316619873046875,-120.52813720703125,MERCED,UNINCORPORATED,-120.52819061279297,37.316600799560547
91512081,2021,2021-07-02,9460,2021-06-19,1650,019838,,6,2,9,2400,0,1,3,,1,590,SR-59,"BREEZE AVE",550.00,S,N,A,-,N,,,59,,,,,,,N,2,0,1,2,A,-,11,21954,A,F,G,B,D,A,H,-,A,D,0,Y,,,,Y,,N,60,1,0,0,0,1,0,0,0,0,"- ","- ",37.366600036621094,-120.50325012207031,MERCED,UNINCORPORATED,-120.50326538085938,37.366600036621094
91513585,2021,2021-07-06,9460,2021-06-25,1710,019838,,5,2,9,2400,0,2,4,,1,041,"SANTA FE DRIVE","FRANKLIN RD",528.00,W,N,A,-,N,,,,,,,,,,Y,3,0,2,2,A,-,03,22350,,N,C,C,A,A,H,-,A,D,0,,,,,Y,,A,01,0,2,0,0,0,0,0,0,0,"- ","- ",37.341400146484375,-120.54209899902344,MERCED,UNINCORPORATED,-120.54180145263672,37.341201782226562