CASE_ID,ACCIDENT_YEAR,PROC_DATE,JURIS,COLLISION_DATE,COLLISION_TIME,OFFICER_ID,REPORTING_DISTRICT,DAY_OF_WEEK,CHP_SHIFT,POPULATION,CNTY_CITY_LOC,SPECIAL_COND,BEAT_TYPE,CHP_BEAT_TYPE,CITY_DIVISION_LAPD,CHP_BEAT_CLASS,BEAT_NUMBER,PRIMARY_RD,SECONDARY_RD,DISTANCE,DIRECTION,INTERSECTION,WEATHER_1,WEATHER_2,STATE_HWY_IND,CALTRANS_COUNTY,CALTRANS_DISTRICT,STATE_ROUTE,ROUTE_SUFFIX,POSTMILE_PREFIX,POSTMILE,LOCATION_TYPE,RAMP_INTERSECTION,SIDE_OF_HWY,TOW_AWAY,COLLISION_SEVERITY,NUMBER_KILLED,NUMBER_INJURED,PARTY_COUNT,PRIMARY_COLL_FACTOR,PCF_CODE_OF_VIOL,PCF_VIOL_CATEGORY,PCF_VIOLATION,PCF_VIOL_SUBSECTION,HIT_AND_RUN,TYPE_OF_COLLISION,MVIW,PED_ACTION,ROAD_SURFACE,ROAD_COND_1,ROAD_COND_2,LIGHTING,CONTROL_DEVICE,CHP_ROAD_TYPE,PEDESTRIAN_ACCIDENT,BICYCLE_ACCIDENT,MOTORCYCLE_ACCIDENT,TRUCK_ACCIDENT,NOT_PRIVATE_PROPERTY,ALCOHOL_INVOLVED,STWD_VEHTYPE_AT_FAULT,CHP_VEHTYPE_AT_FAULT,COUNT_SEVERE_INJ,COUNT_VISIBLE_INJ,COUNT_COMPLAINT_PAIN,COUNT_PED_KILLED,COUNT_PED_INJURED,COUNT_BICYCLIST_KILLED,COUNT_BICYCLIST_INJURED,COUNT_MC_KILLED,COUNT_MC_INJURED,PRIMARY_RAMP,SECONDARY_RAMP,LATITUDE,LONGITUDE,COUNTY,CITY,POINT_X,POINT_Y
91514722,2021,2021-07-07,9461,2021-07-03,1308,020351,,6,1,9,2400,0,1,1,,2,205,"I-5 N/B","BILLY WRIGHT ROAD",1100.00,N,N,A,-,Y,,,5,,,,,,N,Y,3,0,2,1,A,-,08,22107,,N,F,A,A,A,H,-,A,D,0,,,,,Y,,A,01,0,1,1,0,0,0,0,0,0,"- ","- ",37.049518585205078,-120.96247863769531,MERCED,UNINCORPORATED,-120.96254730224609,37.049457550048828
91515106,2021,2021-07-07,9460,2021-06-29,1330,019838,,2,1,9,2400,0,1,3,,2,002,"SR-99 N/B","FRANKLIN RD",250.00,N,N,A,-,Y,,,99,,,,,,N,N,3,0,2,2,A,-,03,22350,,N,C,C,A,A,H,-,A,D,0,,,,,Y,,D,22,0,2,0,0,0,0,0,0,0,"- ","- ",37.322399139404297,-120.54489898681641,MERCED,UNINCORPORATED,-120.54488372802734,37.32244873046875
91515870,2021,2021-07-08,9461,2021-06-26,1205,021280,,6,1,9,2400,0,1,1,,2,205,"I-5 S/B","VOLTA RD.",350.00,S,N,A,-,Y,,,5,,,,,,S,N,4,0,2,2,A,-,03,22350,,N,C,C,A,A,H,-,A,D,0,,,,,Y,,A,07,0,0,2,0,0,0,0,0,0,"- ","- ",37.027469635009766,-120.94170379638672,MERCED,UNINCORPORATED,-120.94172668457031,37.027446746826172
91516058,2021,2021-07-08,9461,2021-07-02,1755,021378,,5,2,9,2400,0,1,3,,1,152,"SR-152 E/B","ROMERO VISITOR CENTER",5280.00,E,N,A,-,N,,,152,,,,,,E,Y,4,0,2,3,A,-,03,22350,,N,C,C,A,A,H,-,A,D,0,,,,,Y,,A,01,0,0,2,0,0,0,0,0,0,"- ","- ",37.077011108398438,-121.08515930175781,MERCED,UNINCORPORATED,-121.08516693115234,37.076999664306641
91517210,2021,2021-07-12,9460,2021-06-27,2223,020967,,7,3,9,2400,0,1,3,,1,165,SR-165,"WESTSIDE BLVD",0.00,,Y,A,-,Y,,,,,,,,,,Y,2,0,3,1,A,-,01,23152,A,N,E,I,A,A,H,-,D,A,0,,,,,Y,Y,A,01,1,2,0,0,0,0,0,0,0,"- ","- ",37.360450744628906,-120.84873199462891,MERCED,UNINCORPORATED,-120.84867095947266,37.360450744628906
91517740,2021,2021-07-12,9461,2021-05-13,0929,018910,,4,1,9,2400,0,2,4,,1,410,"TURNER ISLAND ROAD","HENRY MILLER AVENUE",4224.00,N,N,A,-,N,,,,,,,,,,Y,1,1,0,1,A,-,08,22107,,N,F,A,A,A,H,-,A,D,0,,,,,Y,,A,01,0,0,0,0,0,0,0,0,0,"- ","- ",37.110279083251953,-120.70748138427734,MERCED,UNINCORPORATED,-120.70744323730469,37.109550476074219
91518074,2021,2021-07-12,9461,2021-07-03,1455,021056,,6,2,9,2400,0,1,3,,1,103,"SR-33 N/B",SR-152,10560.00,N,N,A,-,Y,,,33,,,,,,N,Y,4,0,1,2,A,-,03,22350,,N,C,C,A,A,H,-,A,D,0,,,,,Y,,A,08,0,0,1,0,0,0,0,0,0,"- ","- ",37.086181640625,-121.01596832275391,MERCED,UNINCORPORATED,-121.01601409912109,37.086181640625
91518203,2021,2021-07-12,9461,2021-07-02,1920,021378,,5,2,9,2400,0,1,3,,1,152,"SR-152 E/B","DINOSAUR POINT RD",5280.00,E,N,A,-,N,,,152,,,,,,E,N,4,0,1,2,A,-,03,22350,,N,C,C,A,A,H,-,A,D,0,,,,,Y,,A,08,0,0,1,0,0,0,0,0,0,"- ","- ",37.078479766845703,-121.197509765625,MERCED,UNINCORPORATED,-121.19745635986328,37.078380584716797
91518867,2021,2021-07-13,9461,2021-07-06,1150,017329,,2,1,9,2400,0,1,1,,2,205,"I-5 S/B",SR-165,5280.00,N,N,A,-,Y,,,5,,,,,,S,Y,4,0,2,3,A,-,03,22350,,N,C,C,A,A,H,-,A,D,0,,,,,Y,,A,01,0,0,2,0,0,0,0,0,0,"- ","- ",36.940658569335938,-120.85317993164062,MERCED,UNINCORPORATED,-120.85324859619141,36.940574645996094
91520201,2021,2021-07-14,9460,2021-07-08,1130,015398,,4,1,9,2400,0,1,3,,1,165,"SR-165 (LANDER AVE.)","CRANE AVE.",33.00,N,N,A,-,Y,,,165,,,,,,,Y,3,0,2,2,A,-,03,22350,,N,C,C,A,A,H,-,A,D,0,,,,,Y,,A,01,0,1,1,0,0,0,0,0,0,"- ","- ",37.382678985595703,-120.85050201416016,MERCED,UNINCORPORATED,-120.85047149658203,37.382678985595703
91520709,2021,2021-07-15,9460,2021-07-06,1800,018922,,2,2,9,2400,0,1,3,,1,143,SR-140,"GAGE STREET",123.00,E,N,A,-,Y,,,140,,,,,,,N,4,0,1,2,A,-,09,21804,A,F,D,G,A,A,H,-,A,D,0,,Y,,,Y,,-,99,0,0,1,0,0,0,1,0,0,"- ","- ",37.295299530029297,-120.32169342041016,MERCED,UNINCORPORATED,-120.32169342041016,37.295360565185547
91520929,2021,2021-07-15,9460,2021-07-09,0420,020099,,5,3,9,2400,0,1,3,,2,003,"SR-99 N/B","LE GRAND RD",528.00,N,N,A,-,Y,,,,,,,,,,Y,3,0,2,2,A,-,03,22350,,N,C,C,A,A,H,-,D,D,0,,,,,Y,,D,22,0,2,0,0,0,0,0,0,0,"- ","- ",37.226959228515625,-120.37699127197266,MERCED,UNINCORPORATED,-120.37767791748047,37.227481842041016
91523154,2021,2021-07-19,9460,2021-05-07,0340,020156,,5,3,9,2400,0,1,3,,1,591,SR-59,"FURTADO RD",280.00,S,N,A,-,Y,,,59,,,,,,,Y,1,1,0,1,A,-,01,23152,A,N,E,I,A,A,H,-,D,D,0,,,,,Y,Y,D,22,0,0,0,0,0,0,0,0,0,"- ","- ",37.163070678710938,-120.49204254150391,MERCED,UNINCORPORATED,-120.49195861816406,37.163070678710938
91524344,2021,2021-07-20,9460,2021-07-15,1920,020840,,4,2,9,2400,0,3,5,,2,020,"FOURTH STREET","SIXTH STREET",88.00,E,N,A,-,N,,,,,,,,,,N,3,0,1,1,A,-,08,22107,,N,E,I,A,A,H,-,A,D,0,,,,,Y,Y,A,01,0,1,0,0,0,0,0,0,0,"- ","- ",37.430210113525391,-120.76976776123047,MERCED,UNINCORPORATED,-120.77021789550781,37.430137634277344
91528662,2021,2021-07-26,9460,2021-04-19,1615,018603,,1,2,9,2400,0,3,5,,2,020,"CORTEZ AVENUE","NORTH AVENUE",0.00,,Y,A,-,N,,,,,,,,,,Y,1,1,1,2,A,-,09,21801,A,N,D,C,A,A,H,-,A,D,0,,,Y,,Y,,B,07,0,1,0,0,0,0,0,1,0,"- ","- ",37.441009521484375,-120.74009704589844,MERCED,UNINCORPORATED,-120.74011993408203,37.441009521484375
91528846,2021,2021-11-01,9461,2021-07-21,0409,018910,,3,3,9,2400,0,1,3,,1,265,"STATE ROUTE 165","PHILLIPS ROAD",528.00,S,N,A,-,Y,,,165,,,,,,,Y,3,0,2,2,A,-,06,21751,,N,A,C,A,A,H,-,A,A,0,,,,,Y,,-,"- ",0,2,0,0,0,0,0,0,0,"- ","- ",37.033260345458984,-120.83589172363281,MERCED,UNINCORPORATED,-120.83597564697266,37.033260345458984
91530109,2021,2021-07-27,9460,2021-07-22,2036,018922,,4,2,9,2400,0,1,3,,2,003,"SR-99 N/B FROM CHILDS AVENUE","CHILDS AVENUE",25.00,S,N,A,-,Y,,,99,,,,R,,N,N,2,0,1,2,A,-,11,21954,A,N,G,B,D,A,H,-,B,A,0,Y,,,,Y,,N,60,1,0,0,0,1,0,0,0,0,"- ","- ",37.287998199462891,-120.45496368408203,MERCED,UNINCORPORATED,-120.45496368408203,37.287998199462891
91530735,2021,2021-07-28,9460,2021-07-17,1150,019838,,6,1,9,2400,0,3,5,,2,030,"ASHBY RD","FRANKLIN ROAD",110.00,E,N,A,-,N,,,,,,,,,,Y,3,0,1,2,A,-,05,21460,A,N,D,C,A,A,H,-,A,D,0,,,,,Y,,D,22,0,1,0,0,0,0,0,0,0,"- ","- ",37.322700500488281,-120.53990173339844,MERCED,UNINCORPORATED,-120.54170227050781,37.323081970214844
91531123,2021,2021-07-28,9461,2021-07-22,1130,020903,,4,1,9,2400,0,3,5,,2,050,"PALM AVE","DENTON ROAD",3696.00,S,N,A,-,N,,,,,,,,,,N,3,0,1,2,A,-,03,22350,,N,C,C,A,A,H,-,A,D,0,,,Y,,Y,,C,02,0,1,0,0,0,0,0,0,1,"- ","- ",37.03070068359375,-120.61747741699219,MERCED,UNINCORPORATED,,
91531558,2021,2021-11-01,9461,2021-07-18,1422,021854,,7,2,9,2400,0,1,3,,1,153,"SR-152 E/B","VOLTA RD.",0.00,,Y,A,-,Y,,,152,,,,,,E,N,3,0,1,2,A,-,09,21802,A,N,D,C,A,A,H,-,A,A,0,,,,,Y,,-,"- ",0,1,0,0,0,0,0,0,0,"- ","- ",37.056690216064453,-120.92652893066406,MERCED,UNINCORPORATED,-120.92652893066406,37.056461334228516
91533841,2021,2021-07-30,9460,2021-07-19,1933,021407,,1,2,9,2400,0,1,3,,2,002,"SR-99 S/B","GURR RD",204.00,S,N,A,-,Y,,,99,,,,,,S,Y,3,0,1,1,A,-,01,23152,A,N,F,A,A,A,H,-,A,D,0,,,,,Y,Y,A,01,0,1,0,0,0,0,0,0,0,"- ","- ",37.326969146728516,-120.55786895751953,MERCED,UNINCORPORATED,-120.557861328125,37.326995849609375
91533852,2021,2021-07-30,9460,2021-07-28,0955,015398,,3,1,9,2400,0,1,3,,1,165,"SR-165 (LANDER AVE.)","WESTSIDE BLVD.",1056.00,S,N,A,-,Y,,,165,,,,,,,Y,4,0,1,1,A,-,08,22107,,N,E,I,A,A,H,-,A,D,0,,,,Y,Y,,F,26,0,0,1,0,0,0,0,0,0,"- ","- ",37.35784912109375,-120.85031890869141,MERCED,UNINCORPORATED,-120.85032653808594,37.35784912109375
91534983,2021,2021-08-02,9461,2021-07-24,0230,018910,,6,3,9,2400,0,1,1,,2,205,"INTERSTATE 5 NORTHBOUND","VOLTA ROAD",150.00,S,N,A,-,Y,,,5,,,,,,N,Y,3,0,2,1,C,-,18,,,N,H,H,A,A,H,-,D,D,0,,,,,Y,,-,"- ",0,2,0,0,0,0,0,0,0,"- ","- ",37.0146484375,-120.92877197265625,MERCED,UNINCORPORATED,-120.92881774902344,37.014602661132812
91535705,2021,2021-08-03,9460,2021-07-25,2123,021407,,7,2,9,2400,0,3,5,,2,030,"ASHBY RD","FRANKLIN RD",0.00,,Y,A,-,N,,,,,,,,,,Y,4,0,1,2,A,-,12,22450,A,N,D,C,A,A,H,-,A,A,0,,,,,Y,,A,01,0,0,1,0,0,0,0,0,0,"- ","- ",37.32305908203125,-120.54099273681641,MERCED,UNINCORPORATED,-120.54208374023438,37.323089599609375
91535718,2021,2021-08-03,9461,2021-07-26,1237,021280,,1,1,9,2400,0,1,3,,1,152,"SR-152 W/B","UPPER COTTONWOOD CREEK WILDLIFE ENTRANCE",2640.00,E,N,A,-,Y,,,152,,,,,,W,Y,3,0,1,1,A,-,08,22107,,N,E,I,A,A,H,-,A,D,0,,,,Y,Y,,G,25,0,1,0,0,0,0,0,0,0,"- ","- ",37.087078094482422,-121.16967010498047,MERCED,UNINCORPORATED,-121.169677734375,37.087017059326172
91535862,2021,2021-08-03,9460,2021-07-29,1645,018603,,4,2,9,2400,0,1,3,,2,001,"SR-99 S/B","GRIFFITH AVE",2640.00,N,N,A,-,Y,,,,,,,,,,N,4,0,1,2,A,-,03,22350,,N,C,C,A,A,H,-,A,D,0,,,,,Y,,A,07,0,0,1,0,0,0,0,0,0,"- ","- ",37.274219512939453,-120.49076843261719,MERCED,UNINCORPORATED,-120.82064056396484,37.462604522705078
91536573,2021,2021-08-04,9461,2021-07-28,1040,014933,,3,1,9,2400,0,3,5,,2,050,"PALM AVE","EUCALYPTUS AVE.",3.00,N,N,A,-,N,,,,,,,,,,Y,3,0,1,2,A,-,05,21752,D,N,D,C,A,A,H,-,A,A,0,,,,,Y,,A,01,0,1,0,0,0,0,0,0,0,"- ","- ",37.010791778564453,-120.61753082275391,MERCED,UNINCORPORATED,-120.61756134033203,37.010768890380859
91536877,2021,2021-08-04,9460,2021-07-30,1718,019918,,5,2,9,2400,0,1,3,,2,002,"SR-99 S/B","WEST ATWATER BOULEVARD",950.00,N,N,A,-,Y,,,99,,,,,,S,Y,4,0,1,3,A,-,03,22350,,N,C,2,A,A,D,-,A,D,0,,,,,Y,,A,01,0,0,1,0,0,0,0,0,0,"- ","- ",37.353359222412109,-120.62638854980469,MERCED,UNINCORPORATED,-120.62648010253906,37.35321044921875
91537852,2021,2021-08-05,9460,2021-07-20,0117,020365,,2,3,9,2400,0,1,3,,2,001,"SR-99 S/B","COLLIER ROAD",1056.00,N,N,A,-,Y,,,99,,,,,,S,Y,2,0,3,3,A,-,01,23152,A,F,G,C,E,A,H,-,D,D,0,Y,,,,Y,Y,A,01,2,1,0,0,1,0,0,0,0,"- ","- ",37.415008544921875,-120.75792694091797,MERCED,UNINCORPORATED,-120.75792694091797,37.415016174316406
91538925,2021,2021-08-06,9461,2021-08-04,1000,020486,,3,1,9,2400,0,1,3,,1,103,"STATE HIGHWAY 33","PLAZA DRIVE",528.00,S,N,A,-,Y,,,33,,,,,,,N,4,0,1,2,A,-,09,21801,A,N,D,C,A,A,H,-,A,D,0,,,,,Y,,D,22,0,0,1,0,0,0,0,0,0,"- ","- ",37.109199523925781,-121.01570129394531,MERCED,UNINCORPORATED,-121.01576232910156,37.109199523925781
91539042,2021,2021-08-06,9460,2021-07-29,1642,019918,,4,2,9,2400,0,2,4,,1,041,"SR-99 S/B","SOUTHERN PACIFIC AVENUE",176.00,S,N,A,-,Y,,,99,,,,,,S,Y,4,0,8,6,A,-,03,22350,,N,C,2,A,A,D,-,A,D,0,,,,Y,Y,,G,26,0,0,8,0,0,0,0,0,0,"- ","- ",37.340038299560547,-120.59539794921875,MERCED,UNINCORPORATED,-120.59540557861328,37.340057373046875
91540048,2021,2021-08-09,9461,2021-08-05,1510,021378,,4,2,9,2400,0,3,5,,2,020,"PIONEER RD","ORTIGALITA RD",40.00,E,N,A,-,N,,,,,,,,,,Y,4,0,3,3,A,-,03,22350,,N,C,C,A,A,H,-,A,D,0,,,,Y,Y,,D,22,0,0,3,0,0,0,0,0,0,"- ","- ",37.042198181152344,-120.87213134765625,MERCED,UNINCORPORATED,-120.87209320068359,37.042182922363281
91540559,2021,2021-08-09,9460,2021-08-01,1554,018778,,7,2,9,2400,0,3,5,,2,080,"GURR RD","BAILEY AVE",1056.00,S,N,A,-,N,,,,,,,,,,Y,4,0,1,1,A,-,03,22350,,N,F,A,A,A,H,-,A,D,0,,,Y,,Y,,C,02,0,0,1,0,0,0,0,0,1,"- ","- ",37.285308837890625,-120.56089782714844,MERCED,UNINCORPORATED,-120.56100463867188,37.285484313964844
91540698,2021,2021-08-09,9460,2021-08-03,1300,014541,,2,1,5,2406,0,1,3,,2,003,"STATE ROUTE 99 N/B","MARTIN LUTHER KING JR. WAY",885.00,N,N,A,-,Y,,,99,,,,,,N,Y,4,0,1,2,A,-,03,22350,,N,C,C,A,A,H,-,A,D,0,,,,,Y,,A,01,0,0,1,0,0,0,0,0,0,"- ","- ",37.297489166259766,-120.48445129394531,MERCED,MERCED,-120.4844970703125,37.297359466552734
91544701,2021,2021-08-13,9460,2021-08-08,1253,018922,,7,1,9,2400,0,1,3,,2,002,"SR-99 N/B","HAMMATT AVENUE",1584.00,S,N,A,-,Y,,,99,,,,,,N,Y,4,0,2,4,A,-,03,22350,,M,C,C,A,A,H,-,A,D,0,,,,,Y,,A,01,0,0,2,0,0,0,0,0,0,"- ","- ",37.382919311523438,-120.70893096923828,MERCED,UNINCORPORATED,-120.70893096923828,37.382923126220703
91545675,2021,2021-08-16,9460,2021-08-05,0605,016323,,4,1,9,2400,0,3,5,,2,090,"SULTANA DRIVE","BELL DRIVE",420.00,S,N,A,-,N,,,,,,,,,,Y,4,0,1,2,A,-,09,21801,A,N,A,C,A,A,H,-,A,D,0,,,,,Y,,A,01,0,0,1,0,0,0,0,0,0,"- ","- ",37.344650268554688,-120.68688201904297,MERCED,UNINCORPORATED,-120.68690490722656,37.344688415527344
91545885,2021,2021-08-16,9460,2021-08-08,0120,021407,,7,3,9,2400,0,1,3,,1,590,SR-59,"NEVADA ST",5280.00,N,N,A,-,Y,,,59,,,,,,,Y,4,0,1,1,A,-,08,22107,,N,F,A,A,A,H,-,D,D,0,,,,,Y,,A,01,0,0,1,0,0,0,0,0,0,"- ","- ",37.395099639892578,-120.50409698486328,MERCED,UNINCORPORATED,-120.50415802001953,37.395088195800781
91546038,2021,2021-08-16,9460,2021-08-09,1320,014541,,1,1,9,2400,0,3,5,,2,040,"WINTON WAY","WALNUT AVENUE",0.00,,Y,A,-,N,,,,,,,,,,Y,4,0,1,2,A,-,09,21800,A,N,D,C,A,A,H,-,A,A,0,,,,,Y,,A,01,0,0,1,0,0,0,0,0,0,"- ","- ",37.389289855957031,-120.61347198486328,MERCED,UNINCORPORATED,-120.61344146728516,37.389411926269531
91547253,2021,2021-08-17,9460,2021-08-14,1815,019918,,6,2,9,2400,0,3,5,,2,030,"THOMPSON AVE","WALNUT AVE",0.00,,Y,A,-,N,,,,,,,,,,N,4,0,1,2,A,-,09,21802,A,N,D,C,A,A,H,-,A,D,0,,,,,Y,,A,07,0,0,1,0,0,0,0,0,0,"- ","- ",37.389389038085938,-120.62351989746094,MERCED,UNINCORPORATED,-120.62357330322266,37.389385223388672
91549093,2021,2021-08-19,9460,2021-08-08,0110,021530,,7,3,9,2400,0,1,3,,1,165,SR-165,"WESTSIDE BOULEVARD",1056.00,S,N,A,-,Y,,,165,,,,,,,Y,3,0,2,2,A,-,05,21460,A,N,A,C,A,A,H,-,C,D,0,,,,,Y,,A,01,0,2,0,0,0,0,0,0,0,"- ","- ",37.358001708984375,-120.85028076171875,MERCED,UNINCORPORATED,-120.85033416748047,37.357997894287109
91549221,2021,2021-08-19,9460,2021-08-06,0640,016323,,5,1,9,2400,0,1,3,,2,002,"STATE ROUTE 99 SOUTHBOUND","APPLEGATE ROAD",300.00,S,N,A,-,Y,,,,,,,,,,Y,2,0,1,5,A,-,03,22350,,N,C,C,A,A,D,-,A,D,0,,,,Y,Y,,F,26,1,0,0,0,0,0,0,0,0,"- ","- ",37.344570159912109,-120.61325073242188,MERCED,UNINCORPORATED,-120.61238861083984,37.344173431396484
91550087,2021,2021-08-20,9461,2021-07-03,0445,018910,,6,3,9,2400,0,2,4,,1,115,"HENRY MILLER AVENUE","JOHNSON ROAD",2112.00,E,N,A,-,N,,,,,,,,,,Y,1,1,0,3,C,-,18,,,N,E,J,A,A,H,-,D,D,0,,,,,Y,,-,"- ",0,0,0,0,0,0,0,0,0,"- ","- ",37.099960327148438,-120.85888671875,MERCED,UNINCORPORATED,-120.85778045654297,37.100017547607422
91550443,2021,2021-08-20,9460,2021-08-11,1340,020822,,3,1,9,2400,0,1,3,,2,001,"SR-99 N/B","SOUTH AVE",1584.00,S,N,A,-,Y,,,99,,,,,,N,N,4,0,1,1,A,-,08,22107,,N,E,I,A,A,H,-,A,D,0,,,,,Y,,D,22,0,0,1,0,0,0,0,0,0,"- ","- ",37.422458648681641,-120.76592254638672,MERCED,UNINCORPORATED,-120.76594543457031,37.422412872314453
91550499,2021,2021-08-20,9460,2021-08-12,1410,020822,,4,2,9,2400,0,1,3,,1,142,SR-140,"BUHACH RD",0.00,,Y,A,-,Y,,,140,,,,,,,Y,4,0,1,2,A,-,09,21804,A,N,D,C,A,A,H,-,A,A,0,,,,,Y,,A,01,0,0,1,0,0,0,0,0,0,"- ","- ",37.302249908447266,-120.57502746582031,MERCED,UNINCORPORATED,-120.57503509521484,37.302314758300781
91552055,2021,2021-08-23,9460,2021-08-17,1030,016917,,2,1,9,2400,0,3,5,,2,040,"SANTA FE DR","THIRD ST",15.00,E,N,A,-,N,,,,,,,,,,N,4,0,1,2,A,-,03,22350,,N,C,C,A,A,H,-,A,D,0,,,,,Y,,E,22,0,0,1,0,0,0,0,0,0,"- ","- ",37.419380187988281,-120.66713714599609,MERCED,UNINCORPORATED,-120.66709136962891,37.419326782226562
91552058,2021,2021-08-23,9461,2021-08-15,1155,020486,,7,1,9,2400,0,1,1,,2,105,"INTERSTATE 5","ALLEN ROAD",422.00,S,N,A,-,Y,,,5,,,,,,,Y,2,0,1,1,A,-,08,22107,,N,F,0,A,A,H,-,A,D,0,,,,,Y,,D,22,1,0,0,0,0,0,0,0,0,"- ","- ",37.176971435546875,-121.06273651123047,MERCED,UNINCORPORATED,-121.06275177001953,37.176963806152344
91552077,2021,2021-08-23,9461,2021-08-16,0415,021280,,1,3,9,2400,0,1,1,,2,205,"I-5 S/B","ARBURUA RD.",6336.00,N,N,A,-,Y,,,5,,,,,,S,Y,3,0,1,1,A,-,08,22107,,N,F,0,A,D,H,-,D,D,0,,,,Y,Y,,F,26,0,1,0,0,0,0,0,0,0,"- ","- ",36.979030609130859,-120.89714050292969,MERCED,UNINCORPORATED,-120.89704895019531,36.979106903076172
91554923,2021,2021-08-26,9460,2021-08-14,0800,019005,,6,1,9,2400,0,1,3,,2,002,"SR-99 N/B FROM LIBERTY AVENUE","LIBERTY AVENUE",350.00,N,N,A,-,Y,,,99,,,,R,,N,Y,4,0,1,1,A,-,08,22107,,N,E,J,A,A,H,-,A,D,0,,,,,Y,,A,08,0,0,1,0,0,0,0,0,0,"- ","- ",37.37506103515625,-120.6817626953125,MERCED,UNINCORPORATED,-120.6817626953125,37.37506103515625
91557282,2021,2021-08-27,9460,2021-08-23,0657,016476,,1,1,9,2400,0,3,5,,2,020,"SCHENDEL AVENUE","MIMOSA AVENUE",0.00,,Y,A,-,N,,,,,,,,,,N,2,0,1,2,A,-,10,21950,A,N,G,B,B,A,H,-,A,D,0,Y,,,,Y,,D,22,1,0,0,0,1,0,0,0,0,"- ","- ",37.426639556884766,-120.78472900390625,MERCED,UNINCORPORATED,-120.7843017578125,37.426795959472656
91557384,2021,2021-08-27,9461,2021-08-20,2237,021854,,5,3,9,2400,0,1,1,,2,105,"I-5 S/B","DELTA-MENDOTA CANAL",150.00,N,N,A,-,Y,,,5,,,,,,S,Y,3,0,1,1,A,-,08,22107,,N,E,I,A,A,D,-,D,D,0,,,,,Y,,A,01,0,1,0,0,0,0,0,0,0,"- ","- ",37.080150604248047,-120.9927978515625,MERCED,UNINCORPORATED,-120.99277496337891,37.080177307128906
91558132,2021,2021-08-30,9460,2021-08-20,1730,019918,,5,2,3,2401,0,1,3,,2,002,"SR-99 S/B","APPLEGATE RD",623.00,N,N,A,-,Y,,,99,,,,,,S,N,3,0,4,2,A,-,03,22350,,N,C,C,A,A,D,-,A,D,0,,,,,Y,,A,07,0,2,2,0,0,0,0,0,0,"- ","- ",37.345298767089844,-120.61534118652344,MERCED,ATWATER,-120.61534881591797,37.345268249511719
91559533,2021,2021-08-31,9460,2021-08-22,1629,018778,,7,2,9,2400,0,1,3,,2,001,"SR-99 N/B","BRADBURY RD",2112.00,S,N,A,-,Y,,,99,,,,,,N,Y,3,0,1,1,A,-,08,22107,,N,E,J,A,A,H,-,A,D,0,,,,,Y,,D,22,0,1,0,0,0,0,0,0,0,"- ","- ",37.444770812988281,-120.79112243652344,MERCED,UNINCORPORATED,-120.79115295410156,37.444725036621094
91559787,2021,2021-08-31,9460,2021-08-28,2030,020840,,6,2,3,2401,0,1,3,,2,002,"SR-99 N/B","APPLEGATE RD",2112.00,S,N,A,F,Y,,,99,,,,,,N,N,3,0,2,2,A,-,01,23152,A,N,C,C,A,A,D,-,D,D,0,,,,,Y,Y,A,01,0,2,0,0,0,0,0,0,0,"- ","- ",37.342231750488281,-120.60642242431641,MERCED,ATWATER,-120.60642242431641,37.342216491699219
91560631,2021,2021-09-01,9460,2021-08-30,0723,015398,,1,1,9,2400,0,1,3,,1,165,"SR-165 (LANDER AVE.)","AMERICAN AVE.",36.00,S,N,A,-,Y,,,165,,,,,,,N,4,0,2,2,A,-,21,22106,,N,C,C,A,A,H,-,A,A,0,,,,,Y,,A,01,0,0,2,0,0,0,0,0,0,"- ","- ",37.411361694335938,-120.85001373291016,MERCED,UNINCORPORATED,-120.85004425048828,37.411361694335938
91561217,2021,2021-09-02,9460,2021-08-19,0305,020365,,4,3,9,2400,0,3,5,,2,030,"WALNUT AVE","CRESSEY WAY",545.00,E,N,A,-,N,,,,,,,,,,Y,2,0,1,3,A,-,03,22350,,N,C,C,A,A,H,-,D,D,0,,,,,Y,,A,01,1,0,0,0,0,0,0,0,0,"- ","- ",37.389369964599609,-120.66712951660156,MERCED,UNINCORPORATED,-120.66606140136719,37.389358520507812