CASE_ID,ACCIDENT_YEAR,PROC_DATE,JURIS,COLLISION_DATE,COLLISION_TIME,OFFICER_ID,REPORTING_DISTRICT,DAY_OF_WEEK,CHP_SHIFT,POPULATION,CNTY_CITY_LOC,SPECIAL_COND,BEAT_TYPE,CHP_BEAT_TYPE,CITY_DIVISION_LAPD,CHP_BEAT_CLASS,BEAT_NUMBER,PRIMARY_RD,SECONDARY_RD,DISTANCE,DIRECTION,INTERSECTION,WEATHER_1,WEATHER_2,STATE_HWY_IND,CALTRANS_COUNTY,CALTRANS_DISTRICT,STATE_ROUTE,ROUTE_SUFFIX,POSTMILE_PREFIX,POSTMILE,LOCATION_TYPE,RAMP_INTERSECTION,SIDE_OF_HWY,TOW_AWAY,COLLISION_SEVERITY,NUMBER_KILLED,NUMBER_INJURED,PARTY_COUNT,PRIMARY_COLL_FACTOR,PCF_CODE_OF_VIOL,PCF_VIOL_CATEGORY,PCF_VIOLATION,PCF_VIOL_SUBSECTION,HIT_AND_RUN,TYPE_OF_COLLISION,MVIW,PED_ACTION,ROAD_SURFACE,ROAD_COND_1,ROAD_COND_2,LIGHTING,CONTROL_DEVICE,CHP_ROAD_TYPE,PEDESTRIAN_ACCIDENT,BICYCLE_ACCIDENT,MOTORCYCLE_ACCIDENT,TRUCK_ACCIDENT,NOT_PRIVATE_PROPERTY,ALCOHOL_INVOLVED,STWD_VEHTYPE_AT_FAULT,CHP_VEHTYPE_AT_FAULT,COUNT_SEVERE_INJ,COUNT_VISIBLE_INJ,COUNT_COMPLAINT_PAIN,COUNT_PED_KILLED,COUNT_PED_INJURED,COUNT_BICYCLIST_KILLED,COUNT_BICYCLIST_INJURED,COUNT_MC_KILLED,COUNT_MC_INJURED,PRIMARY_RAMP,SECONDARY_RAMP,LATITUDE,LONGITUDE,COUNTY,CITY,POINT_X,POINT_Y
91562489,2021,2021-09-03,9460,2021-08-27,1930,019806,,5,2,9,2400,0,3,5,,2,040,"LA GRANGE RD","FIELDS RD",2112.00,N,N,A,-,N,,,,,,,,,,Y,4,0,1,1,A,-,08,22107,,N,E,I,A,A,H,-,D,D,0,,,,,Y,,A,01,0,0,1,0,0,0,0,0,0,"- ","- ",37.570648193359375,-120.42598724365234,MERCED,UNINCORPORATED,-120.4259033203125,37.570858001708984
91562595,2021,2021-09-03,9461,2021-08-25,1205,018670,,3,1,9,2400,0,3,5,,2,010,"SR-140 E/B","TRIDENT DRIVE",76.00,W,N,A,-,Y,,,140,,,,,,E,Y,3,0,1,2,A,-,08,22107,,N,A,C,A,A,H,-,A,D,0,,,,,Y,,D,22,0,1,0,0,0,0,0,0,0,"- ","- ",37.245708465576172,-121.01616668701172,MERCED,UNINCORPORATED,-121.01616668701172,37.245819091796875
91564703,2021,2021-09-07,9460,2021-08-30,1115,014541,,1,1,9,2400,0,3,5,,2,060,"CEDAR CREST DRIVE","MCKEE ROAD",0.00,,Y,A,-,N,,,,,,,,,,Y,4,0,2,2,A,-,09,21802,A,N,D,C,A,A,H,-,A,A,0,,,,,Y,,A,01,0,0,2,0,0,0,0,0,0,"- ","- ",37.314640045166016,-120.44452667236328,MERCED,UNINCORPORATED,-120.44446563720703,37.314529418945312
91566670,2021,2021-09-09,9461,2021-09-01,0948,017183,,3,1,5,2406,0,3,5,,2,040,"PALM AVE","DENTON AND LEAKE RD",0.00,,Y,A,-,N,,,,,,,,,,N,3,0,2,2,A,-,09,21801,A,N,A,C,A,A,H,-,A,D,0,,,,,Y,,D,22,0,1,1,0,0,0,0,0,0,"- ","- ",37.039768218994141,-120.61747741699219,MERCED,MERCED,-120.61750030517578,37.039760589599609
91567372,2021,2021-09-10,9460,2021-08-30,2005,020840,,1,2,9,2400,0,3,5,,2,090,"SULTANA DR","WESTSIDE BLVD",550.00,N,N,A,-,N,,,,,,,,,,Y,3,0,1,2,A,-,03,22350,,N,A,C,A,A,H,-,D,D,0,,,,,Y,,D,22,0,1,0,0,0,0,0,0,0,"- ","- ",37.433841705322266,-120.77896118164062,MERCED,UNINCORPORATED,-120.68666076660156,37.361850738525391
91567558,2021,2021-09-10,9460,2021-08-29,1928,019838,,7,2,9,2400,0,2,4,,1,031,"WINTON WAY","GERTRUDE AVENUE",40.00,N,N,A,-,N,,,,,,,,,,N,4,0,1,2,A,-,03,22350,,N,C,C,A,A,H,-,C,D,0,,,,,Y,,A,01,0,0,1,0,0,0,0,0,0,"- ","- ",37.375099182128906,-120.61360168457031,MERCED,UNINCORPORATED,-120.61367797851562,37.375080108642578
91567611,2021,2021-09-10,9460,2021-08-31,1110,016476,,2,1,3,2404,0,1,3,,2,001,"SR-99 S/B","WINTON PKY",528.00,N,N,A,-,Y,,,99,,,,,,S,Y,4,0,2,2,C,-,18,,,N,C,C,A,D,G,-,A,D,0,,,,,Y,,-,"- ",0,0,2,0,0,0,0,0,0,"- ","- ",37.390609741210938,-120.73738098144531,MERCED,LIVINGSTON,-120.73728942871094,37.390724182128906
91568251,2021,2021-09-13,9460,2021-09-04,0138,021320,,6,3,9,2400,0,1,3,,2,001,"SR-99 S/B FROM GOLDEN STATE BLVD.","GOLDEN STATE BLVD.",465.00,S,N,A,-,Y,,,99,,,,R,,S,Y,4,0,1,1,A,-,01,23152,A,M,E,I,A,A,H,-,D,D,0,,,,,Y,Y,A,01,0,0,1,0,0,0,0,0,0,"- ","- ",37.458641052246094,-120.80738830566406,MERCED,UNINCORPORATED,-120.80738830566406,37.458641052246094
91568956,2021,2021-09-13,9460,2021-09-02,0533,015398,,4,3,9,2400,0,1,3,,1,141,SR-140,"HOWARD RD.",0.00,,Y,A,-,Y,,,140,,,,,,,Y,4,0,1,2,A,-,09,21802,A,N,D,C,A,A,H,-,D,A,0,,,,,Y,,A,01,0,0,1,0,0,0,0,0,0,"- ","- ",37.306350708007812,-120.77873992919922,MERCED,UNINCORPORATED,-120.77873992919922,37.306350708007812
91569692,2021,2021-09-14,9460,2021-09-03,1345,019838,,5,1,9,2400,0,1,3,,2,002,"SR99 SOUTHBOUND","APPLEGATE ROAD",2112.00,S,N,A,-,Y,,,,,,,,,,Y,4,0,3,2,A,-,03,22350,,N,C,C,A,A,H,-,A,D,0,,,,,Y,,D,22,0,0,3,0,0,0,0,0,0,"- ","- ",37.340301513671875,-120.60189819335938,MERCED,UNINCORPORATED,-120.60671997070312,37.34210205078125
91569850,2021,2021-09-14,9461,2021-09-09,1900,018910,,4,2,9,2400,0,1,3,,1,153,"STATE ROUTE 152 EASTBOUND","INTERSTATE 5",50.00,E,N,A,-,Y,,,152,,,,,,E,Y,3,0,2,2,A,-,04,21703,,N,C,C,A,A,H,-,B,D,0,,,,,Y,,D,22,0,1,1,0,0,0,0,0,0,"- ","- ",37.056510925292969,-120.96833801269531,MERCED,UNINCORPORATED,-120.96833801269531,37.056591033935547
91569860,2021,2021-09-14,9461,2021-09-09,2040,018910,,4,2,9,2400,0,1,3,,1,152,"STATE ROTE 152 EASTBOUND","INTERSTATE 5",3168.00,W,N,A,-,Y,,,,,,,,,,Y,3,0,2,2,A,-,09,21801,A,N,D,C,A,A,H,-,D,D,0,,,,,Y,Y,D,22,0,1,1,0,0,0,0,0,0,"- ","- ",37.05657958984375,-120.98502349853516,MERCED,UNINCORPORATED,,
91570200,2021,2021-09-14,9461,2021-09-11,0935,020486,,6,1,9,2400,0,1,1,,2,206,"INTERSTATE 5","CANYON ROAD",2640.00,N,N,A,-,Y,,,5,,,,,,,Y,3,0,1,1,A,-,08,22107,,N,F,A,A,A,H,-,A,A,0,,,,,Y,,A,01,0,1,0,0,0,0,0,0,0,"- ","- ",36.999221801757812,-120.91414642333984,MERCED,UNINCORPORATED,-120.91416168212891,36.99920654296875
91570732,2021,2021-09-15,9461,2021-09-11,2000,021056,,6,2,9,2400,0,3,5,,2,050,"LEXINGTON AVE S/B","GLOBE AVE",528.00,N,N,A,-,N,,,,,,,,,,Y,2,0,1,2,A,-,01,23152,A,F,C,C,A,A,H,-,D,D,0,,,Y,,Y,Y,A,01,1,0,0,0,0,0,0,0,1,"- ","- ",36.970878601074219,-120.65379333496094,MERCED,UNINCORPORATED,-120.65379333496094,36.969528198242188
91570793,2021,2021-09-15,9460,2021-09-05,2230,021530,,7,3,9,2400,0,1,3,,2,002,"SR-99 S/B","BERT CRANE RD",1056.00,N,N,A,-,Y,,,99,,,,,,S,Y,3,0,1,1,A,-,01,23152,A,N,E,8,A,A,D,-,C,A,0,,,,,Y,Y,A,01,0,1,0,0,0,0,0,0,0,"- ","- ",37.355289459228516,-120.63501739501953,MERCED,UNINCORPORATED,-120.63499450683594,37.355354309082031
91571042,2021,2021-09-15,9460,2021-09-06,1833,018292,,1,2,9,2400,0,3,5,,2,100,"TURNER AVENUE","FAITH HOME ROAD",0.00,,Y,A,-,N,,,,,,,,,,Y,3,0,3,1,A,-,01,23152,A,N,E,I,A,A,H,-,A,D,0,,,,,Y,Y,A,01,0,3,0,0,0,0,0,0,0,"- ","- ",37.372230529785156,-120.92308807373047,MERCED,UNINCORPORATED,-120.92301177978516,37.372177124023438
91571202,2021,2021-09-15,9460,2021-09-07,2040,019838,,2,2,9,2400,0,1,3,,2,002,"SR-99 SOUTHBOUND","W. 16TH STREET",5280.00,N,N,A,-,Y,,,99,,,,,,S,Y,4,0,1,2,A,-,03,22350,,N,C,C,A,A,H,-,D,D,0,,,,,Y,,A,01,0,0,1,0,0,0,0,0,0,"- ","- ",37.318401336669922,-120.53459930419922,MERCED,UNINCORPORATED,-120.53457641601562,37.318458557128906
91571254,2021,2021-09-15,9460,2021-09-08,0135,020840,,3,3,9,2400,0,1,3,,2,002,"SR-99 S/B","FRANKLIN RD",800.00,S,N,A,-,Y,,,99,,,,,,S,N,4,0,1,1,A,-,08,22107,,N,F,A,A,A,H,-,D,D,0,,,,,Y,,A,08,0,0,1,0,0,0,0,0,0,"- ","- ",37.322380065917969,-120.54544067382812,MERCED,UNINCORPORATED,-120.54541778564453,37.322433471679688
91576419,2021,2021-09-22,9460,2021-09-16,1805,018422,,4,2,9,2400,0,3,5,,2,090,"ROSE AVE.","SULTANA DR.",0.00,,Y,A,-,N,,,,,,,,,,Y,4,0,4,2,A,-,12,22450,A,N,D,C,A,A,H,-,A,A,0,,,,,Y,,A,01,0,0,4,0,0,0,0,0,0,"- ","- ",37.323951721191406,-120.68789672851562,MERCED,UNINCORPORATED,-120.68727111816406,37.3240966796875
91577127,2021,2021-09-22,9461,2021-09-11,2220,021280,,6,3,9,2400,0,1,3,,1,503,SR-33,"CHRISTIAN AVE.",19.00,S,N,A,-,N,,,,,,,,,,N,2,0,1,2,A,-,11,21954,A,N,G,B,D,A,H,-,C,D,0,Y,,,,Y,,N,60,1,0,0,0,1,0,0,0,0,"- ","- ",34.974441528320312,-120.63562774658203,MERCED,UNINCORPORATED,-120.63562774658203,36.974536895751953
91578142,2021,2021-09-23,9460,2021-09-16,1626,018292,,4,2,9,2400,0,3,5,,2,100,"KELLEY RD.","RIVER RD.",1056.00,N,N,A,-,N,,,,,,,,,,Y,4,0,1,1,A,-,08,22107,,N,F,A,A,A,H,-,A,D,0,,,Y,,Y,,C,02,0,0,1,0,0,0,0,0,1,"- ","- ",37.354179382324219,-120.96060943603516,MERCED,UNINCORPORATED,-120.9608154296875,37.353031158447266
91580538,2021,2021-09-27,9460,2021-09-14,1750,019838,,2,2,5,2406,0,1,3,,2,003,"SR-99 NORTHBOUND","R STREET",1056.00,S,N,A,-,Y,,,99,,,,,,N,N,4,0,2,2,A,-,03,22350,,F,C,C,A,A,H,-,A,D,0,,,,,Y,,-,99,0,0,2,0,0,0,0,0,0,"- ","- ",37.299400329589844,-120.48999786376953,MERCED,MERCED,-120.49000549316406,37.299381256103516
91580550,2021,2021-09-27,9461,2021-08-12,0743,020101,,4,1,9,2400,0,1,3,,1,152,"SR-152 EASTBOUND","UPPER COTTONWOOD CREEK WILDLIFE AREA ENTRANCE",2112.00,W,N,A,-,Y,,,152,,,,,,E,Y,1,1,0,1,A,-,08,22107,,N,F,I,A,A,H,-,A,D,0,,,,,Y,,A,01,0,0,0,0,0,0,0,0,0,"- ","- ",37.084640502929688,-121.18662261962891,MERCED,UNINCORPORATED,-121.18662261962891,37.084651947021484
91580917,2021,2021-09-27,9461,2021-09-26,0535,021378,,7,3,9,2400,0,3,5,,2,050,"DELTA RD",SR-152,3696.00,N,N,A,-,N,,,,,,,,,,Y,4,0,1,1,A,-,08,22107,,N,F,A,A,A,H,-,D,D,0,,,,Y,Y,,G,25,0,0,1,0,0,0,0,0,0,"- ","- ",37.065929412841797,-120.76215362548828,MERCED,UNINCORPORATED,-120.76219940185547,37.065341949462891
91583054,2021,2021-09-29,9460,2021-09-24,1939,018778,,5,2,9,2400,0,3,5,,2,080,"CHILDS AVE","CHILDS CT",115.00,W,N,A,-,N,,,,,,,,,,Y,3,0,4,2,A,-,03,22350,,N,C,C,A,A,H,-,D,D,0,,,,,Y,,A,01,0,1,3,0,0,0,0,0,0,"- ","- ",37.288051605224609,-120.4603271484375,MERCED,UNINCORPORATED,-120.24210357666016,37.287181854248047
91587013,2021,2021-10-04,9460,2021-09-16,1800,017343,,4,2,9,2400,0,1,3,,1,590,SR-140,"ARBOLEDA DR",7392.00,E,N,A,-,Y,,,140,,,,,,,Y,4,0,1,2,A,-,03,22350,,N,C,C,A,A,H,-,A,D,0,,,,,Y,,A,01,0,0,1,0,0,0,0,0,0,"- ","- ",37.295749664306641,-120.35427093505859,MERCED,UNINCORPORATED,-120.35427093505859,37.295734405517578
91588523,2021,2021-10-05,9460,2021-09-26,1617,019918,,7,2,9,2400,0,3,5,,2,040,"BELCHER AVENUE","SANTA FE DRIVE",198.00,E,N,A,-,N,,,,,,,,,,Y,3,0,5,2,A,-,01,23152,A,N,B,C,A,A,H,-,A,D,0,,,,,Y,Y,A,07,0,3,2,0,0,0,0,0,0,"- ","- ",37.338951110839844,-120.53720855712891,MERCED,UNINCORPORATED,-120.53725433349609,37.338951110839844
91590404,2021,2021-10-07,9461,2021-09-27,0715,014933,,1,1,3,2405,1,4,S,,2,901,"ROMA ST.","PALERMO DR.",8.00,N,N,A,-,N,,,,,,,,,,N,3,0,1,2,A,-,12,22450,A,N,G,B,B,A,H,-,A,A,0,Y,,,,Y,,H,13,0,1,0,0,1,0,0,0,0,"- ","- ",37.069400787353516,-120.82582855224609,MERCED,"LOS BANOS",-120.82575225830078,37.069332122802734
91590534,2021,2021-10-07,9461,2021-10-04,1124,020351,,1,1,9,2400,0,2,4,,1,115,"HENRY MILLER AVENUE","BADGER FLAT ROAD",0.00,,Y,A,-,N,,,,,,,,,,Y,3,0,1,2,A,-,09,21802,A,N,D,C,A,A,H,-,A,A,0,,,,Y,Y,,A,07,0,1,0,0,0,0,0,0,0,"- ","- ",37.099929809570312,-120.87753295898438,MERCED,UNINCORPORATED,-120.87757110595703,37.099960327148438
91592869,2021,2021-10-11,9460,2021-09-30,1740,020822,,4,2,9,2400,0,1,3,,2,002,"ONRAMP: SR-99 S/B FROM ATWATER MERCED EXPRESSWAY","ATWATER MERCED EXPRESSWAY",31.00,S,N,A,-,Y,,,99,,,,R,,S,Y,2,0,2,1,A,-,08,22107,,N,E,I,A,A,H,-,A,D,0,,,,,Y,,A,01,1,0,1,0,0,0,0,0,0,"- ","- ",37.331218719482422,-120.568359375,MERCED,UNINCORPORATED,-120.568359375,37.331218719482422
91593895,2021,2021-10-12,9461,2021-10-03,1735,021312,,7,2,9,2400,0,1,1,,2,105,"I-5 S/B","HENRY MILLER AVENUE",788.00,S,N,A,-,Y,,,5,,,,,,S,Y,4,0,1,2,A,-,01,23152,A,N,C,C,A,A,H,-,A,D,0,,,,Y,Y,Y,A,01,0,0,1,0,0,0,0,0,0,"- ","- ",37.098770141601562,-121.00991821289062,MERCED,UNINCORPORATED,-121.00989532470703,37.098789215087891
91595180,2021,2021-10-13,9460,2021-10-01,1608,019730,,5,2,9,2400,0,1,3,,2,001,"STATE ROUTE 99 (NORTHBOUND)","HAMMATT AVENUE",792.00,N,N,A,-,Y,,,,,,,,,,Y,3,0,7,3,A,-,03,22350,,N,C,C,A,A,H,-,A,D,0,,,,,Y,,A,01,0,3,4,0,0,0,0,0,0,"- ","- ",37.385810852050781,-120.71562957763672,MERCED,UNINCORPORATED,-120.71254730224609,37.384468078613281
91595508,2021,2021-10-13,9460,2021-10-06,0937,015398,,3,1,9,2400,0,1,3,,2,002,"SR-99 S/B","SOUTHERN PACIFIC AVE.",100.00,N,N,A,-,Y,,,99,,,,,,S,Y,4,0,4,4,A,-,03,22350,,N,C,C,A,A,D,-,A,D,0,,,Y,,Y,,A,01,0,0,4,0,0,0,0,0,3,"- ","- ",37.340240478515625,-120.59580230712891,MERCED,UNINCORPORATED,-120.59577941894531,37.340019226074219
91595643,2021,2021-10-13,9461,2021-10-09,2005,021312,,6,2,9,2400,0,3,5,,2,010,"WEST H STREET","BADGER FLAT RD",1320.00,E,N,A,-,N,,,,,,,,,,Y,3,0,2,2,A,-,01,23152,A,N,C,C,A,A,H,-,D,D,0,,,,,Y,Y,A,01,0,1,1,0,0,0,0,0,0,"- ","- ",37.073570251464844,-120.87245178222656,MERCED,UNINCORPORATED,,
91596126,2021,2021-10-14,9460,2021-10-02,0137,019105,,6,3,9,2400,0,3,5,,2,020,"ASHBY ROAD","MILES COURT",1056.00,E,N,A,-,N,,,,,,,,,,Y,2,0,1,1,A,-,01,23152,A,N,F,A,A,A,H,-,D,D,0,,,,,Y,Y,A,01,1,0,0,0,0,0,0,0,0,"- ","- ",37.312488555908203,-120.51351165771484,MERCED,UNINCORPORATED,-120.50904083251953,37.309139251708984
91596138,2021,2021-10-14,9460,2021-10-06,2240,021530,,3,3,9,2400,0,1,3,,2,002,"SR-99 N/B","SOUTH AVE.",2112.00,S,N,A,-,Y,,,99,,,,,,N,Y,4,0,3,3,A,-,07,21658,A,N,B,C,A,A,D,-,D,A,0,,,,Y,Y,,A,07,0,0,3,0,0,0,0,0,0,"- ","- ",37.422248840332031,-120.76571655273438,MERCED,UNINCORPORATED,-120.76571655273438,37.422256469726562
91596364,2021,2021-10-14,9461,2021-08-14,0710,020486,,6,1,9,2400,0,1,3,,1,153,"STATE HIGHWAY 152","VOLTA ROAD",0.00,,Y,A,-,Y,,,152,,,,,,,Y,1,1,2,2,A,-,09,21802,A,N,D,C,A,A,H,-,A,A,0,,,,,Y,,E,22,1,0,1,0,0,0,0,0,0,"- ","- ",37.056438446044922,-120.92655181884766,MERCED,UNINCORPORATED,-120.92655181884766,37.056461334228516
91596906,2021,2021-10-14,9460,2021-10-04,1522,018966,,1,2,9,2400,0,3,5,,2,100,"ROBIN AVE","SUNSET DR",1320.00,W,N,A,-,N,,,,,,,,,,Y,4,0,1,1,A,-,08,22107,,N,E,I,A,A,H,-,A,D,0,,,,,Y,,A,01,0,0,1,0,0,0,0,0,0,"- ","- ",37.334918975830078,-120.74208831787109,MERCED,UNINCORPORATED,-120.74210357666016,37.338619232177734
91597945,2021,2021-10-15,9460,2021-10-11,1640,018603,,1,2,9,2400,0,3,5,,2,090,"SOUTHERN PACIFIC AVE","TRINDADE RD",500.00,W,N,A,-,N,,,,,,,,,,N,4,0,1,2,A,-,03,22350,,N,C,C,A,A,H,-,A,D,0,,,,,Y,,A,01,0,0,1,0,0,0,0,0,0,"- ","- ",37.325260162353516,-120.55448150634766,MERCED,UNINCORPORATED,-120.55378723144531,37.32501220703125
91599108,2021,2021-10-18,9460,2021-10-11,0630,018922,,1,1,9,2400,0,1,3,,2,002,"SR-99 S/B","FRANKLIN ROAD",1056.00,N,N,A,-,Y,,,99,,,,,,S,Y,4,0,1,2,A,-,08,22107,,N,B,3,A,A,H,-,B,A,0,,,,,Y,,A,01,0,0,1,0,0,0,0,0,0,"- ","- ",37.322990417480469,-120.54667663574219,MERCED,UNINCORPORATED,-120.54670715332031,37.322906494140625
91599632,2021,2021-10-18,9460,2021-10-15,1636,018778,,5,2,9,2400,0,3,5,,2,060,"ARBOLEDA DR","MISSION AVE",0.00,,Y,A,-,N,,,,,,,,,,N,4,0,3,2,A,-,03,22350,,N,D,C,A,A,H,-,A,A,0,,,,Y,Y,,G,25,0,0,3,0,0,0,0,0,0,"- ","- ",37.274200439453125,-120.37911987304688,MERCED,UNINCORPORATED,-120.37906646728516,37.274211883544922
91600178,2021,2021-10-19,9460,2021-10-10,1505,020822,,7,2,9,2400,0,3,5,,2,020,"STEPHENS ST","SOUTH AVE",0.00,,Y,A,-,N,,,,,,,,,,Y,3,0,2,2,A,-,03,22350,,F,D,C,A,A,H,-,A,A,0,,,,,Y,,A,01,0,2,0,0,0,0,0,0,0,"- ","- ",37.425769805908203,-120.77398681640625,MERCED,UNINCORPORATED,-120.77389526367188,37.425788879394531
91600514,2021,2021-10-19,9460,2021-10-02,0200,021783,,6,3,9,2400,0,2,4,,1,051,"SNELLING ROAD","YOAD ROAD",6336.00,S,N,A,-,N,,,,,,,,,,Y,3,0,2,3,A,-,01,23152,A,N,G,C,E,A,H,-,D,D,0,Y,,,,Y,Y,A,01,0,2,0,0,1,0,0,0,0,"- ","- ",37.461990356445312,-120.43762969970703,MERCED,UNINCORPORATED,,
91601179,2021,2021-10-20,9460,2021-10-08,1150,018673,,5,1,9,2400,0,3,5,,2,090,"SUNSET DR","ARENA WAY",0.00,,Y,A,-,N,,,,,,,,,,N,2,0,1,2,A,-,09,21802,A,N,D,C,A,A,H,-,A,A,0,,,,,Y,,A,01,1,0,0,0,0,0,0,0,0,"- ","- ",37.338569641113281,-120.677978515625,MERCED,UNINCORPORATED,-120.67795562744141,37.338569641113281
91601215,2021,2021-10-20,9461,2021-10-09,1605,019052,,6,2,9,2400,0,3,5,,2,030,SR-33,"SHARON LN",528.00,N,N,A,-,Y,,,,,,,,,,N,2,0,1,1,C,-,18,,,M,H,A,A,A,H,-,A,D,0,,,,,Y,,-,"- ",1,0,0,0,0,0,0,0,0,"- ","- ",36.922901153564453,-120.63567352294922,MERCED,UNINCORPORATED,-120.63562774658203,36.991847991943359
91601487,2021,2021-10-20,9461,2021-10-15,1147,018586,,5,1,9,2400,0,3,5,,2,010,"MCCABE RD","WHITWORTH ROAD",5280.00,W,N,A,-,N,,,,,,,,,,Y,3,0,1,1,A,-,08,22107,,N,E,I,A,A,H,-,A,D,0,,,,,Y,,A,01,0,1,0,0,0,0,0,0,0,"- ","- ",37.115890502929688,-121.05153656005859,MERCED,UNINCORPORATED,-121.05146026611328,37.115810394287109
91603009,2021,2021-10-21,9460,2021-10-09,1615,021407,,6,2,9,2400,0,1,3,,2,002,"SR-99 N/B","LIBERTY AVE",3696.00,S,N,A,-,Y,,,99,,,,,,N,Y,3,0,1,1,A,-,08,22107,,N,F,A,A,A,H,-,A,D,0,,,,,Y,,A,01,0,1,0,0,0,0,0,0,0,"- ","- ",37.368301391601562,-120.66909790039062,MERCED,UNINCORPORATED,-120.66917419433594,37.368110656738281
91603084,2021,2021-10-21,9460,2021-10-10,1630,021407,,7,2,9,2400,0,3,5,,2,090,"FRANKLIN ROAD",SR-140,1056.00,N,N,A,-,Y,,,,,,,,,,Y,2,0,1,1,A,-,08,22107,,N,E,I,A,A,H,-,A,D,0,,,,,Y,,A,01,1,0,0,0,0,0,0,0,0,"- ","- ",37.305698394775391,-120.54100036621094,MERCED,UNINCORPORATED,-120.54106140136719,37.305568695068359
91603928,2021,2021-10-22,9460,2021-10-17,1532,021407,,7,2,9,2400,0,3,5,,2,030,"ASHBY RD","BEACHWOOD DR",900.00,S,N,A,-,N,,,,,,,,,,Y,4,0,1,2,A,-,03,22350,,N,C,C,A,A,H,-,A,D,0,,,,,Y,,A,07,0,0,1,0,0,0,0,0,0,"- ","- ",37.315700531005859,-120.52590179443359,MERCED,UNINCORPORATED,-120.52538299560547,37.315563201904297
91605124,2021,2021-10-25,9460,2021-09-06,2500,016476,,1,4,9,2400,0,1,3,,2,001,"SR-99 N/B","COLLIER ROAD",70.00,N,N,A,-,Y,,,99,,,,,,N,Y,1,1,0,1,A,-,01,23152,A,N,E,I,A,A,C,D,D,D,0,,,,,Y,Y,D,22,0,0,0,0,0,0,0,0,0,"- ","- ",37.409648895263672,-120.75202178955078,MERCED,UNINCORPORATED,-120.75233459472656,37.409358978271484
91605661,2021,2021-10-25,9460,2021-10-09,2340,021150,,6,3,9,2400,0,1,3,,2,002,"SR-99 N/B","APPLEGATE RD",500.00,S,N,A,-,Y,,,,,,,,,,Y,3,0,1,2,A,-,01,23152,A,M,C,C,A,A,H,-,D,D,0,,,,,Y,Y,-,"- ",0,1,0,0,0,0,0,0,0,"- ","- ",37.344348907470703,-120.61219787597656,MERCED,UNINCORPORATED,-120.61164855957031,37.344120025634766
91605670,2021,2021-11-29,9460,2021-10-16,0955,016917,,6,1,9,2400,0,3,5,,2,020,"SR-99 S/B","APPLEGATE RD",2640.00,S,N,A,-,Y,,,99,,,,,,S,Y,4,0,3,4,A,-,03,22350,,N,C,C,A,A,D,-,A,D,0,,,,,Y,,A,01,0,0,3,0,0,0,0,0,0,"- ","- ",37.336780548095703,-120.58363342285156,MERCED,UNINCORPORATED,-120.58373260498047,37.336589813232422
91605707,2021,2021-12-16,9460,2021-10-15,1631,021407,,5,2,9,2400,0,3,5,,2,030,"ASHBY RD","BEACHWOOD DR",440.00,S,N,A,-,N,,,,,,,,,,Y,2,0,2,3,A,-,03,22350,,N,C,C,A,A,H,-,A,D,0,,,,Y,Y,Y,A,01,1,0,1,0,0,0,0,0,0,"- ","- ",37.315898895263672,-120.52629852294922,MERCED,UNINCORPORATED,-120.52681732177734,37.316093444824219
91605765,2021,2021-10-25,9460,2021-10-10,1345,019838,,7,1,9,2400,0,1,3,,1,165,"3RD AVENUE","EDMINSTER ROAD",0.00,,Y,A,-,N,,,,,,,,,,Y,2,0,1,2,A,-,01,23152,A,N,D,C,A,A,H,-,A,A,0,,,,,Y,Y,D,22,1,0,0,0,0,0,0,0,0,"- ","- ",37.327869415283203,-120.89646911621094,MERCED,UNINCORPORATED,-120.89653015136719,37.327888488769531
91606391,2021,2021-10-26,9460,2021-10-19,0750,016476,,2,1,9,2400,0,3,5,,2,020,"ALICE AVE","CAMPGROUND RD",0.00,,Y,A,-,N,,,,,,,,,,N,3,0,1,2,A,-,09,21802,A,N,D,G,A,A,H,-,A,A,0,,,,,Y,,A,01,0,1,0,0,0,0,0,0,0,"- ","- ",37.404811859130859,-120.748046875,MERCED,UNINCORPORATED,-120.74859619140625,37.404781341552734