CASE_ID,ACCIDENT_YEAR,PROC_DATE,JURIS,COLLISION_DATE,COLLISION_TIME,OFFICER_ID,REPORTING_DISTRICT,DAY_OF_WEEK,CHP_SHIFT,POPULATION,CNTY_CITY_LOC,SPECIAL_COND,BEAT_TYPE,CHP_BEAT_TYPE,CITY_DIVISION_LAPD,CHP_BEAT_CLASS,BEAT_NUMBER,PRIMARY_RD,SECONDARY_RD,DISTANCE,DIRECTION,INTERSECTION,WEATHER_1,WEATHER_2,STATE_HWY_IND,CALTRANS_COUNTY,CALTRANS_DISTRICT,STATE_ROUTE,ROUTE_SUFFIX,POSTMILE_PREFIX,POSTMILE,LOCATION_TYPE,RAMP_INTERSECTION,SIDE_OF_HWY,TOW_AWAY,COLLISION_SEVERITY,NUMBER_KILLED,NUMBER_INJURED,PARTY_COUNT,PRIMARY_COLL_FACTOR,PCF_CODE_OF_VIOL,PCF_VIOL_CATEGORY,PCF_VIOLATION,PCF_VIOL_SUBSECTION,HIT_AND_RUN,TYPE_OF_COLLISION,MVIW,PED_ACTION,ROAD_SURFACE,ROAD_COND_1,ROAD_COND_2,LIGHTING,CONTROL_DEVICE,CHP_ROAD_TYPE,PEDESTRIAN_ACCIDENT,BICYCLE_ACCIDENT,MOTORCYCLE_ACCIDENT,TRUCK_ACCIDENT,NOT_PRIVATE_PROPERTY,ALCOHOL_INVOLVED,STWD_VEHTYPE_AT_FAULT,CHP_VEHTYPE_AT_FAULT,COUNT_SEVERE_INJ,COUNT_VISIBLE_INJ,COUNT_COMPLAINT_PAIN,COUNT_PED_KILLED,COUNT_PED_INJURED,COUNT_BICYCLIST_KILLED,COUNT_BICYCLIST_INJURED,COUNT_MC_KILLED,COUNT_MC_INJURED,PRIMARY_RAMP,SECONDARY_RAMP,LATITUDE,LONGITUDE,COUNTY,CITY,POINT_X,POINT_Y
91606965,2021,2021-10-26,9460,2021-10-19,1040,016476,,2,1,9,2400,0,1,3,,2,001,"SR-99 N/B","COLLIER RD",2112.00,N,N,A,-,Y,,,,,,,,,,Y,2,0,1,3,A,-,03,22350,,N,C,C,A,A,D,-,A,D,0,,,,Y,Y,,D,22,1,0,0,0,0,0,0,0,0,"- ","- ",37.408168792724609,-120.75276184082031,MERCED,UNINCORPORATED,-120.75589752197266,37.413688659667969
91608517,2021,2021-10-28,9460,2021-10-20,2145,021320,,3,2,9,2400,0,1,3,,2,001,"SR-99 S/B TO SHANKS ROAD","SHANKS ROAD",0.00,,Y,A,-,Y,,,99,,,,R,,S,Y,4,0,1,2,A,-,01,23152,A,N,D,C,A,A,H,-,C,A,0,,,,,Y,Y,A,01,0,0,1,0,0,0,0,0,0,"- ","- ",37.436611175537109,-120.78421783447266,MERCED,UNINCORPORATED,-120.78421783447266,37.436611175537109
91608855,2021,2021-10-28,9460,2021-10-23,0930,018922,,6,1,9,2400,0,3,5,,2,040,"SANTA FE DRIVE","OLIVE AVENUE",0.00,,Y,B,-,N,,,,,,,,,,Y,4,0,3,3,A,-,03,22350,,N,C,C,A,A,H,-,A,A,0,,,,,Y,,D,22,0,0,3,0,0,0,0,0,0,"- ","- ",37.396938323974609,-120.63134765625,MERCED,UNINCORPORATED,-120.63134002685547,37.396900177001953
91610720,2021,2021-10-29,9460,2021-10-21,1900,017343,,4,2,9,2400,0,3,5,,2,040,"TURLOCK ROAD","COX FERRY ROAD",16368.00,W,N,A,-,N,,,,,,,,,,Y,2,0,1,1,A,-,08,22107,,N,E,I,A,A,H,-,B,D,0,,,,,Y,,A,01,1,0,0,0,0,0,0,0,0,"- ","- ",37.491249084472656,-120.56024932861328,MERCED,UNINCORPORATED,-120.55886077880859,37.491626739501953
91613989,2021,2021-11-02,9460,2021-10-31,0610,018922,,7,1,9,2400,0,1,3,,1,142,SR-140,"BUHACH ROAD",0.00,,Y,B,-,Y,,,140,,,,,,,Y,4,0,2,2,A,-,09,21802,A,N,D,2,A,A,H,-,D,A,0,,,,,Y,,D,22,0,0,2,0,0,0,0,0,0,"- ","- ",37.302318572998047,-120.57769775390625,MERCED,UNINCORPORATED,-120.57769775390625,37.302253723144531
91615126,2021,2021-11-03,9460,2021-11-01,1510,017343,,1,2,9,2400,0,3,5,,2,040,"OAKDALE ROAD","MERCED RIVER",2640.00,W,N,C,-,N,,,,,,,,,,Y,4,0,1,2,A,-,05,21460,A,N,B,C,A,B,H,-,A,D,0,,,,,Y,,D,22,0,0,1,0,0,0,0,0,0,"- ","- ",37.460128784179688,-120.61450958251953,MERCED,UNINCORPORATED,,
91615272,2021,2021-11-03,9460,2021-10-29,1045,016917,,5,1,9,2400,0,3,5,,2,020,"SR-99 S/B","BLOSS AVE",2112.00,N,N,A,-,Y,,,99,,,,,,S,Y,4,0,1,2,A,-,03,22350,,N,C,C,A,A,H,-,A,D,0,,,,,Y,,A,01,0,0,1,0,0,0,0,0,0,"- ","- ",37.414020538330078,-120.75698089599609,MERCED,UNINCORPORATED,-120.75690460205078,37.414108276367188
91615972,2021,2021-11-04,9461,2021-10-30,2348,021854,,6,3,9,2400,0,1,3,,1,153,"SR-152 E/B","VOLTA RD.",0.20,E,N,A,-,Y,,,152,,,,,,E,N,4,0,1,2,A,-,03,22350,,N,C,C,A,A,H,-,D,D,0,,,,,Y,,D,22,0,0,1,0,0,0,0,0,0,"- ","- ",37.056449890136719,-120.92328643798828,MERCED,UNINCORPORATED,-120.92329406738281,37.056491851806641
91616131,2021,2021-11-04,9460,2021-10-26,1750,019838,,2,2,9,2400,0,2,4,,1,031,"WINTON WAY","CRAWFORD STREET",0.00,,Y,A,-,N,,,,,,,,,,N,4,0,1,3,A,-,09,21801,A,N,D,C,A,A,H,-,A,D,0,,,,,Y,,A,01,0,0,1,0,0,0,0,0,0,"- ","- ",37.383998870849609,-120.61354827880859,MERCED,UNINCORPORATED,-120.61355590820312,37.383956909179688
91617589,2021,2021-11-05,9460,2021-10-27,2132,021320,,3,2,9,2400,0,3,5,,2,060,SR-140,"PLAINSBURG RD",0.00,,Y,A,-,Y,,,140,,,,,,,Y,4,0,1,2,D,-,00,,,N,D,C,A,A,H,-,C,A,0,,,,,Y,,-,"- ",0,0,1,0,0,0,0,0,0,"- ","- ",37.295360565185547,-120.32489013671875,MERCED,UNINCORPORATED,-120.32489013671875,37.295383453369141
91617708,2021,2021-11-05,9460,2021-11-01,2130,021202,,1,2,9,2400,0,1,3,,2,002,"STATE ROUTE 99, S/B","FRANKLIN ROAD",905.00,S,N,A,-,Y,,,99,,,,,,S,Y,4,0,2,3,A,-,03,22350,,M,C,C,A,A,H,-,D,D,0,,,,,Y,,A,01,0,0,2,0,0,0,0,0,0,"- ","- ",37.320201873779297,-120.54025268554688,MERCED,UNINCORPORATED,-120.54013824462891,37.320499420166016
91617723,2021,2021-11-05,9460,2021-10-29,0840,015398,,5,1,9,2400,0,1,3,,1,165,"SR-165 (LANDER AVE.)",SR-140,48.00,S,N,E,-,Y,,,165,,,,,,,N,4,0,1,2,A,-,03,22350,,N,C,C,A,A,H,-,A,A,0,,,,,Y,,A,01,0,0,1,0,0,0,0,0,0,"- ","- ",37.31298828125,-120.85121917724609,MERCED,UNINCORPORATED,-120.85123443603516,37.31298828125
91621914,2021,2021-11-10,9460,2021-11-02,1822,018292,,2,2,9,2400,0,1,3,,1,165,SR-165,"3RD AVE.",629.00,S,N,A,-,Y,,,165,,,,,,,Y,3,0,1,2,A,-,01,23152,A,N,C,C,A,A,H,-,B,D,0,,,,,Y,Y,A,01,0,1,0,0,0,0,0,0,0,"- ","- ",37.325969696044922,-120.85117340087891,MERCED,UNINCORPORATED,-120.85113525390625,37.325969696044922
91622415,2021,2021-11-11,9460,2021-11-01,0645,020365,,1,1,9,2400,0,3,5,,2,050,"ARBOLEDA DR","E. YOSEMITE AVE",1056.00,S,N,B,-,N,,,,,,,,,,Y,3,0,1,2,A,-,06,21750,A,N,B,C,A,A,H,-,B,D,0,,,,,Y,,-,"- ",0,1,0,0,0,0,0,0,0,"- ","- ",37.328971862792969,-120.37847900390625,MERCED,UNINCORPORATED,-120.37837982177734,37.329219818115234
91624284,2021,2021-11-15,9461,2021-11-05,1000,020486,,5,1,9,2400,0,1,3,,1,152,"STATE HIGHWAY 152","ROCK BRIDGE",528.00,E,N,A,-,Y,,,152,,,,,,,Y,3,0,1,1,A,-,08,22107,,N,E,I,A,A,H,-,B,A,0,,,,,Y,,A,07,0,1,0,0,0,0,0,0,0,"- ","- ",37.103618621826172,-121.12667083740234,MERCED,UNINCORPORATED,-121.12663269042969,37.103683471679688
91624524,2021,2021-11-15,9461,2021-11-13,1450,021056,,6,2,9,2400,0,1,3,,1,465,"SR-165 N/B","HENRY MILLER AVE",0.00,,Y,A,-,Y,,,165,,,,,,N,N,4,0,1,2,D,-,00,,,N,A,C,A,A,H,-,A,A,0,,,,,Y,,-,"- ",0,0,1,0,0,0,0,0,0,"- ","- ",37.099681854248047,-120.83483123779297,MERCED,UNINCORPORATED,-120.83487701416016,37.099681854248047
91624619,2021,2021-11-15,9460,2021-10-31,1735,019838,,7,2,9,2400,0,1,3,,1,590,SR-59,"DICKENSON FERRY",0.00,,Y,A,-,N,,,59,,,,,,,N,4,0,2,2,A,-,08,22100,B,N,D,C,A,A,H,-,A,D,0,,,,,Y,,A,01,0,0,2,0,0,0,0,0,0,"- ","- ",37.273849487304688,-120.48764038085938,MERCED,UNINCORPORATED,-120.48783874511719,37.273853302001953
91624996,2021,2021-11-15,9461,2021-11-09,1625,021056,,2,2,9,2400,0,1,3,,1,152,"SR-152 E/B","DINOSAUR POINT RD",5808.00,E,N,A,-,Y,,,152,,,,,,E,N,3,0,1,1,A,-,08,22107,,N,E,I,A,A,H,-,A,D,0,,,,,Y,Y,A,01,0,1,0,0,0,0,0,0,0,"- ","- ",37.077201843261719,-121.20458984375,MERCED,UNINCORPORATED,-121.20458984375,37.077190399169922
91625200,2021,2021-11-15,9461,2021-11-10,1923,021280,,3,2,9,2400,0,1,3,,1,152,"SR-152 W/B","ROMERO VISITOR CENTER",10560.00,W,N,A,-,Y,,,152,,,,,,W,Y,3,0,1,1,A,-,08,22107,,N,F,A,A,A,H,-,D,D,0,,,,,Y,,A,01,0,1,0,0,0,0,0,0,0,"- ","- ",37.102828979492188,-121.12449645996094,MERCED,UNINCORPORATED,-121.12461853027344,37.102619171142578
91626061,2021,2021-11-16,9461,2021-11-06,0050,021854,,6,3,9,2400,0,3,5,,2,010,"I-5 S/B","TAGLIO RD.",2112.00,N,N,A,-,Y,,,5,,,,,,S,Y,2,0,2,2,A,-,08,22107,,N,A,C,A,A,H,-,D,D,0,,,,,Y,,A,01,2,0,0,0,0,0,0,0,0,"- ","- ",37.223579406738281,-121.08328247070312,MERCED,UNINCORPORATED,-121.08332061767578,37.223567962646484
91627492,2021,2021-11-17,9461,2021-11-12,1523,021280,,5,2,9,2400,0,1,1,,2,105,"I-5 N/B","TAGLIO RD.",250.00,N,N,A,-,Y,,,5,,,,,,N,Y,3,0,2,2,A,-,03,22350,,N,C,C,A,A,H,-,A,D,0,,,,Y,Y,,A,07,0,2,0,0,0,0,0,0,0,"- ","- ",37.218288421630859,-121.08155822753906,MERCED,UNINCORPORATED,-121.08158874511719,37.218280792236328
91628570,2021,2021-11-18,9461,2021-11-14,1818,019052,,7,2,9,2400,0,1,3,,1,103,SR-33,"PLAZA DR",528.00,S,N,B,-,Y,,,33,,,,,,,Y,3,0,5,2,A,-,09,21804,A,N,D,C,A,A,H,-,C,D,0,,,,,Y,,D,22,0,1,4,0,0,0,0,0,0,"- ","- ",37.109798431396484,-121.01564025878906,MERCED,UNINCORPORATED,-121.015625,37.109798431396484
91630698,2021,2021-11-19,9460,2021-11-06,1345,021468,,6,1,9,2400,0,1,3,,2,002,"SR-99 N/B","E. ATWATER BOULEVARD",1056.00,S,N,A,-,Y,,,99,,,,,,N,Y,2,0,1,1,A,-,01,23152,A,N,E,I,A,A,D,-,A,D,0,,,,,Y,Y,A,07,1,0,0,0,0,0,0,0,0,"- ","- ",37.340248107910156,-120.58910369873047,MERCED,UNINCORPORATED,-120.58917999267578,37.340030670166016
91633158,2021,2021-11-23,9461,2021-11-21,1338,021280,,7,1,9,2400,0,1,1,,2,206,"I-5 S/B",SR-165,4224.00,S,N,A,-,Y,,,5,,,,,,S,Y,4,0,2,2,A,-,03,22350,,N,C,C,A,A,H,-,A,D,0,,,,,Y,,D,22,0,0,2,0,0,0,0,0,0,"- ","- ",36.920589447021484,-120.8306884765625,MERCED,UNINCORPORATED,-120.83071136474609,36.920566558837891
91633740,2021,2021-11-24,9460,2021-11-21,1142,019838,,7,1,3,2404,0,1,3,,2,002,"SR-99 NORTHBOUND TO HAMMATT AVENUE","HAMMATT AVENUE",315.00,S,N,A,-,Y,,,99,,,,R,,N,Y,4,0,1,2,A,-,03,22350,,N,C,C,A,A,H,-,A,D,0,,,,,Y,,A,01,0,0,1,0,0,0,0,0,0,"- ","- ",37.385051727294922,-120.71179962158203,MERCED,LIVINGSTON,-120.71179962158203,37.385051727294922
91633746,2021,2021-11-24,9460,2021-11-13,0550,019838,,6,3,9,2400,0,3,5,,2,090,"SOUTHERN PACIFIC AVENUE","FRANKLIN ROAD",80.00,W,N,E,-,N,,,,,,,,,,Y,3,0,1,1,A,-,03,22350,,N,E,J,A,B,H,-,D,D,0,,,,,Y,,A,01,0,1,0,0,0,0,0,0,0,"- ","- ",37.319671630859375,-120.54424285888672,MERCED,UNINCORPORATED,-120.54425048828125,37.319705963134766
91635944,2021,2021-11-29,9460,2021-11-15,2018,018778,,1,2,9,2400,0,3,5,,2,080,"TYLER RD","CONE AVE",100.00,N,N,E,-,N,,,,,,,,,,N,4,0,1,2,C,-,18,,,N,C,G,A,A,H,-,A,D,0,,Y,,,Y,,-,"- ",0,0,1,0,0,0,1,0,0,"- ","- ",37.284580230712891,-120.46981048583984,MERCED,UNINCORPORATED,-120.46981048583984,37.2845458984375
91636494,2021,2021-11-29,9460,2021-11-22,1715,018966,,1,2,3,2404,0,1,3,,2,001,"SR-99 N/B","WINTON PARKWAY",2112.00,S,N,A,-,Y,,,99,,,,,,N,Y,4,0,1,4,A,-,03,22350,,N,C,C,A,A,D,-,D,D,0,,,,,Y,,A,01,0,0,1,0,0,0,0,0,0,"- ","- ",37.388809204101562,-120.7293701171875,MERCED,LIVINGSTON,-120.7293701171875,37.388862609863281
91636598,2021,2021-11-29,9461,2021-11-28,1002,021387,,7,1,9,2400,0,1,1,,2,105,"I-5 S/B","SR-152 WB",5280.00,N,N,A,-,Y,,,5,,,,,,S,N,4,0,2,2,A,-,03,22350,,N,C,C,A,A,H,-,A,D,0,,,,Y,Y,,G,25,0,0,2,0,0,0,0,0,0,"- ","- ",37.068660736083984,-120.98158264160156,MERCED,UNINCORPORATED,-120.98159790039062,37.068645477294922
91636961,2021,2021-11-29,9461,2021-11-21,1240,017183,,7,1,9,2400,0,1,3,,1,152,"SR-152 W/B","BASALT ROAD",1056.00,E,N,A,-,Y,,,152,,,,,,W,Y,3,0,1,1,A,-,08,22107,,N,F,I,A,A,H,-,A,D,0,,,,,Y,,A,01,0,1,0,0,0,0,0,0,0,"- ","- ",37.059009552001953,-121.05338287353516,MERCED,UNINCORPORATED,-121.05339050292969,37.058982849121094
91637215,2021,2021-11-29,9461,2021-11-19,0520,018910,,5,3,9,2400,0,1,1,,2,305,"INTERSTATE 5 NORTHBOUND","HERNDON AVENUE",2112.00,S,N,A,-,Y,,,,,,,,,,Y,4,0,2,2,A,-,08,22107,,N,B,C,A,A,H,-,D,D,0,,,,Y,Y,,G,25,0,0,2,0,0,0,0,0,0,"- ","- ",36.829380035400391,-120.75926208496094,MERCED,UNINCORPORATED,,
91638645,2021,2021-11-30,9460,2021-11-24,1349,019918,,3,1,9,2400,0,1,3,,1,590,SR-59,"TAHOE ST",0.00,,Y,A,-,Y,,,59,,,,,,,Y,4,0,1,2,A,-,05,21752,D,N,B,C,A,A,H,-,A,D,0,,,,,Y,,A,07,0,0,1,0,0,0,0,0,0,"- ","- ",37.353679656982422,-120.50359344482422,MERCED,UNINCORPORATED,-120.50358581542969,37.353679656982422
91639379,2021,2021-12-01,9461,2021-11-21,0515,021536,,7,3,9,2400,0,1,3,,1,140,SR-140,"WHITWORTH RD.",0.00,,Y,A,-,Y,,,140,,,,,,,Y,4,0,1,2,A,-,12,22450,A,N,D,C,A,A,H,-,C,A,0,,,,Y,Y,,A,08,0,0,1,0,0,0,0,0,0,"- ","- ",37.245800018310547,-121.0308837890625,MERCED,UNINCORPORATED,-121.03087615966797,37.245822906494141
91639888,2021,2021-12-01,9461,2021-11-28,1735,019052,,7,2,9,2400,0,3,5,,2,050,"RUSSELL AVE","AQUA VISTA ST",1584.00,S,N,A,-,N,,,,,,,,,,Y,3,0,1,2,A,-,01,23152,A,N,A,C,A,A,H,-,D,D,0,,,,,Y,Y,A,01,0,1,0,0,0,0,0,0,0,"- ","- ",36.955440521240234,-120.65379333496094,MERCED,UNINCORPORATED,-120.65379333496094,36.9556884765625
91643496,2021,2021-12-06,9460,2021-11-18,1410,018778,,4,2,9,2400,0,3,5,,2,030,"EGRET DR","FALCON AVE",0.00,,Y,A,-,N,,,,,,,,,,N,3,0,2,2,D,-,00,,,N,D,C,A,A,H,-,A,D,0,,,,,Y,,-,"- ",0,2,0,0,0,0,0,0,0,"- ","- ",37.388248443603516,-120.62062072753906,MERCED,UNINCORPORATED,-120.62064361572266,37.388248443603516
91643934,2021,2021-12-06,9461,2021-12-01,0817,018586,,3,1,9,2400,0,1,3,,1,153,"SR-152 E/B","BILLY WRIGHT RD",0.00,,Y,E,-,Y,,,152,,,,,,E,Y,4,0,1,2,A,-,09,21801,A,N,D,C,A,A,H,-,A,D,0,,,,,Y,,D,22,0,0,1,0,0,0,0,0,0,"- ","- ",37.056549072265625,-120.95419311523438,MERCED,UNINCORPORATED,-120.95419311523438,37.05657958984375
91644036,2021,2021-12-06,9460,2021-12-03,0808,015398,,5,1,9,2400,0,1,3,,1,165,"SR-165 (LANDER AVE.)",SR-140,0.00,,Y,E,-,Y,,,165,,,,,,,Y,4,0,1,2,A,-,12,22450,A,N,D,C,A,B,H,-,A,A,0,,,,,Y,,A,01,0,0,1,0,0,0,0,0,0,"- ","- ",37.313140869140625,-120.85121917724609,MERCED,UNINCORPORATED,-120.85124206542969,37.313140869140625
91644201,2021,2021-12-06,9461,2021-12-01,1410,019052,,3,2,9,2400,0,1,3,,2,453,"SR-152 W/B","INDIANA RD",1056.00,W,N,A,-,Y,,,152,,,,,,W,Y,2,0,1,1,A,-,08,22107,,N,E,I,A,A,H,-,A,D,0,,,,,Y,,A,01,1,0,0,0,0,0,0,0,0,"- ","- ",37.048099517822266,-120.60912322998047,MERCED,UNINCORPORATED,-120.60912322998047,37.047981262207031
91644330,2021,2021-12-07,9460,2021-11-18,0045,021150,,4,3,3,2401,0,3,5,,2,030,"SR-99 N/B","BUHACH RD",2640.00,N,N,A,-,Y,,,99,,,,,,N,N,2,0,2,1,A,-,01,23152,A,N,E,J,A,A,D,-,C,D,0,,,,,Y,Y,A,01,1,1,0,0,0,0,0,0,0,"- ","- ",37.337440490722656,-120.58479309082031,MERCED,ATWATER,-120.58478546142578,37.337444305419922
91645258,2021,2021-12-07,9461,2021-11-28,1350,021056,,7,1,9,2400,0,1,3,,1,103,"SR-33 N/B","HUSMAN RD",0.00,,Y,A,-,Y,,,33,,,,,,N,Y,2,0,3,2,A,-,09,21801,A,N,D,C,A,A,H,-,A,D,0,,,,,Y,,D,22,1,2,0,0,0,0,0,0,0,"- ","- ",37.158809661865234,-121.01393127441406,MERCED,UNINCORPORATED,-121.01394653320312,37.158809661865234
91646196,2021,2021-12-08,9460,2021-11-24,1145,016476,,3,1,9,2400,0,3,5,,2,070,"LE GRAND RD","PLAINSBURG RD",2640.00,E,N,B,-,N,,,,,,,,,,Y,2,0,1,1,A,-,08,22107,,N,F,A,A,A,H,-,A,D,0,,,,,Y,,A,01,1,0,0,0,0,0,0,0,0,"- ","- ",37.229301452636719,-120.31736755371094,MERCED,UNINCORPORATED,-120.31586456298828,37.229259490966797
91646361,2021,2021-12-08,9461,2021-12-02,1920,021387,,4,2,9,2400,0,1,3,,1,103,"SR-33 N/B","BAMBAUER RD",0.00,,Y,A,-,Y,,,33,,,,,,N,Y,3,0,3,2,A,-,01,23152,A,N,D,C,A,A,H,-,D,A,0,,,,,Y,Y,A,07,0,3,0,0,0,0,0,0,0,"- ","- ",37.274730682373047,-121.00498962402344,MERCED,UNINCORPORATED,-121.00498199462891,37.274734497070312
91646752,2021,2021-12-08,9460,2021-11-25,1315,019838,,4,1,9,2400,0,1,3,,2,002,"SR-99 NORTHBOUND","APPLEGATE ROAD",2640.00,N,N,A,-,Y,,,99,,,,,,N,N,4,0,4,3,A,-,03,22350,,N,C,C,A,A,D,-,A,D,0,,,,,Y,,A,01,0,0,4,0,0,0,0,0,0,"- ","- ",37.353000640869141,-120.62576293945312,MERCED,UNINCORPORATED,-120.62576293945312,37.352996826171875
91646779,2021,2021-12-08,9460,2021-11-25,1115,019838,,4,1,9,2400,0,1,3,,2,002,"SR-99 SOUTHBOUND","APPLEGATE ROAD",5280.00,N,N,A,-,Y,,,99,,,,,,S,Y,4,0,6,4,A,-,03,22350,,N,C,C,A,A,D,-,A,D,0,,,,,Y,,A,01,0,0,6,0,0,0,0,0,0,"- ","- ",37.351581573486328,-120.62433624267578,MERCED,UNINCORPORATED,-120.62447357177734,37.351463317871094
91646934,2021,2021-12-08,9460,2021-11-27,1129,019806,,6,1,5,2406,0,3,5,,2,020,"SR-99 S/B","CHILDS AVE",2112.00,S,N,A,-,Y,,,99,,,,,,S,N,4,0,4,2,A,-,07,21658,A,N,B,C,A,A,D,-,A,D,0,,,,Y,Y,,G,25,0,0,4,0,0,0,0,0,0,"- ","- ",37.283218383789062,-120.45113372802734,MERCED,MERCED,-120.45113372802734,37.283218383789062
91647569,2021,2021-12-09,9460,2021-11-28,1930,021407,,7,2,9,2400,0,1,3,,2,001,"SR-99 N/B","SOUTH AVENUE",300.00,S,N,A,-,Y,,,99,,,,,,N,Y,4,0,1,2,A,-,03,22350,,N,C,C,A,A,H,-,D,D,0,,,,,Y,,A,01,0,0,1,0,0,0,0,0,0,"- ","- ",37.433399200439453,-120.7783203125,MERCED,UNINCORPORATED,-120.77834320068359,37.433368682861328
91647655,2021,2021-12-09,9461,2021-12-01,1936,019052,,3,2,9,2400,0,1,3,,1,503,SR-33,"BARCELLOS RD",436.00,N,N,A,-,Y,,,,,,,,,,N,4,0,2,2,A,-,08,22107,,N,D,C,A,A,H,-,D,D,0,,,,,Y,,A,01,0,0,2,0,0,0,0,0,0,"- ","- ",36.033809661865234,-120.63562774658203,MERCED,UNINCORPORATED,-120.63561248779297,37.033756256103516
91648685,2021,2021-12-10,9460,2021-11-30,1630,021468,,2,2,9,2400,0,1,3,,2,002,"SR-99 N/B","WESTSIDE BLVD",200.00,N,N,A,-,Y,,,99,,,,,,N,Y,4,0,1,1,A,-,08,22107,,N,E,I,A,A,H,-,B,D,0,,,,,Y,,A,01,0,0,1,0,0,0,0,0,0,"- ","- ",37.361728668212891,-120.64868927001953,MERCED,UNINCORPORATED,-120.64865875244141,37.361824035644531
91650245,2021,2021-12-13,9460,2021-12-09,0600,016476,,4,1,9,2400,0,1,3,,2,001,"SR-99 N/B","SOUTH AVE",2640.00,N,N,C,-,Y,,,99,,,,,,N,Y,4,0,1,3,A,-,08,22107,,N,D,C,A,B,D,-,D,D,0,,,,,Y,,A,01,0,0,1,0,0,0,0,0,0,"- ","- ",37.431240081787109,-120.77593231201172,MERCED,UNINCORPORATED,-120.77587890625,37.431293487548828
91651013,2021,2021-12-13,9460,2021-12-04,0750,019005,,6,1,9,2400,0,3,5,,2,020,"BRADBURY RD.","MERCED AVE",713.00,E,N,B,-,N,,,,,,,,,,N,4,0,1,1,A,-,03,22350,,N,E,I,A,A,H,-,A,D,0,,,,,Y,,A,01,0,0,1,0,0,0,0,0,0,"- ","- ",37.448711395263672,-120.78859710693359,MERCED,UNINCORPORATED,-120.78865814208984,37.448661804199219
91651462,2021,2021-12-14,9460,2021-12-06,0630,019005,,1,1,9,2400,0,1,3,,2,002,"SR-99 N/B","HAMMATT AVE.",1056.00,S,N,B,-,Y,,,99,,,,,,N,Y,4,0,1,3,A,-,03,22350,,N,C,C,A,A,H,-,B,D,0,,,,,Y,,A,01,0,0,1,0,0,0,0,0,0,"- ","- ",37.382331848144531,-120.70784759521484,MERCED,UNINCORPORATED,-120.70782470703125,37.382377624511719
91651497,2021,2021-12-14,9460,2021-10-30,2050,019286,,6,2,9,2400,0,1,3,,1,165,SR-165,"BRADBURY ROAD",76.00,S,N,B,-,Y,,,165,,,,,,,Y,2,0,2,2,A,-,03,22350,,N,C,C,A,A,H,-,C,A,0,,,Y,,Y,,C,02,1,0,1,0,0,0,0,0,1,"- ","- ",37.448719024658203,-120.84909820556641,MERCED,UNINCORPORATED,-120.84912872314453,37.448722839355469
91652254,2021,2021-12-14,9460,2021-12-06,1005,018966,,1,1,5,2406,0,1,3,,2,003,"SR-99 S/B","CHILDS AVE",1584.00,N,N,B,-,Y,,,99,,,,,,S,Y,4,0,2,2,A,-,07,21658,A,N,B,D,A,A,H,-,A,D,0,,,,Y,Y,,G,27,0,0,2,0,0,0,0,0,0,"- ","- ",37.291439056396484,-120.46224212646484,MERCED,MERCED,-120.46223449707031,37.291446685791016
91653197,2021,2021-12-15,9460,2021-11-01,2135,019838,,1,2,9,2400,0,1,3,,2,002,"SR-99 SOUTHBOUND","FRANKLIN ROAD",1000.00,N,N,B,-,Y,,,99,,,,,,S,Y,4,0,2,2,A,-,03,22350,,F,C,C,A,A,H,-,D,D,0,,,,,Y,,D,22,0,0,2,0,0,0,0,0,0,"- ","- ",37.322521209716797,-120.54592132568359,MERCED,UNINCORPORATED,-120.54589080810547,37.322605133056641
91654567,2021,2021-12-16,9460,2021-12-11,0810,019806,,6,1,9,2400,0,1,3,,1,142,SR-140,"BERT CRANE RD",79200.00,E,N,E,-,Y,,,140,,,,,,,N,3,0,1,2,A,-,03,22350,,N,C,C,A,A,H,-,B,D,0,,,,,Y,,D,22,0,1,0,0,0,0,0,0,0,"- ","- ",37.302158355712891,-120.63303375244141,MERCED,UNINCORPORATED,-120.63303375244141,37.302131652832031
91655135,2021,2021-12-17,9460,2021-12-13,1630,021468,,1,2,9,2400,0,1,3,,2,003,"SR-99 N/B","E. MISSION AVE",1056.00,S,N,C,-,Y,,,99,,,,,,N,Y,4,0,1,2,A,-,07,21658,A,N,B,C,A,B,H,-,B,D,0,,,,Y,Y,,A,01,0,0,1,0,0,0,0,0,0,"- ","- ",37.272930145263672,-120.43508148193359,MERCED,UNINCORPORATED,-120.43527221679688,37.272785186767578