CASE_ID,ACCIDENT_YEAR,PROC_DATE,JURIS,COLLISION_DATE,COLLISION_TIME,OFFICER_ID,REPORTING_DISTRICT,DAY_OF_WEEK,CHP_SHIFT,POPULATION,CNTY_CITY_LOC,SPECIAL_COND,BEAT_TYPE,CHP_BEAT_TYPE,CITY_DIVISION_LAPD,CHP_BEAT_CLASS,BEAT_NUMBER,PRIMARY_RD,SECONDARY_RD,DISTANCE,DIRECTION,INTERSECTION,WEATHER_1,WEATHER_2,STATE_HWY_IND,CALTRANS_COUNTY,CALTRANS_DISTRICT,STATE_ROUTE,ROUTE_SUFFIX,POSTMILE_PREFIX,POSTMILE,LOCATION_TYPE,RAMP_INTERSECTION,SIDE_OF_HWY,TOW_AWAY,COLLISION_SEVERITY,NUMBER_KILLED,NUMBER_INJURED,PARTY_COUNT,PRIMARY_COLL_FACTOR,PCF_CODE_OF_VIOL,PCF_VIOL_CATEGORY,PCF_VIOLATION,PCF_VIOL_SUBSECTION,HIT_AND_RUN,TYPE_OF_COLLISION,MVIW,PED_ACTION,ROAD_SURFACE,ROAD_COND_1,ROAD_COND_2,LIGHTING,CONTROL_DEVICE,CHP_ROAD_TYPE,PEDESTRIAN_ACCIDENT,BICYCLE_ACCIDENT,MOTORCYCLE_ACCIDENT,TRUCK_ACCIDENT,NOT_PRIVATE_PROPERTY,ALCOHOL_INVOLVED,STWD_VEHTYPE_AT_FAULT,CHP_VEHTYPE_AT_FAULT,COUNT_SEVERE_INJ,COUNT_VISIBLE_INJ,COUNT_COMPLAINT_PAIN,COUNT_PED_KILLED,COUNT_PED_INJURED,COUNT_BICYCLIST_KILLED,COUNT_BICYCLIST_INJURED,COUNT_MC_KILLED,COUNT_MC_INJURED,PRIMARY_RAMP,SECONDARY_RAMP,LATITUDE,LONGITUDE,COUNTY,CITY,POINT_X,POINT_Y
9290680,2021,2021-08-30,2406,2021-07-10,0446,156,SOUTH,6,5,5,2406,0,0,0,,0,331,"N WEST AV","WEST AV 900",8.00,E,N,A,-,N,,,,,,,,,,Y,3,0,2,2,A,-,01,23152,A,F,B,E,A,A,H,-,B,D,0,,,,,Y,Y,A,01,0,2,0,0,0,0,0,0,0,"- ","- ",,,MERCED,MERCED,,
9291506,2021,2021-07-21,2406,2021-06-11,1652,302,3,5,5,5,2406,0,0,0,,0,030,"6TH ST","M ST",15.00,E,N,A,-,N,,,,,,,,,,N,4,0,1,2,A,-,05,21650,1,N,D,G,A,A,H,-,A,D,0,,Y,,,Y,,L,04,0,0,1,0,0,0,1,0,0,"- ","- ",,,MERCED,MERCED,-120.49097442626953,37.291202545166016
9292166,2021,2021-07-20,2404,2021-05-23,0149,X55,,7,5,3,2404,0,0,0,,0,,"VIEIRA ST","LIVE OAK WY",63.00,S,N,A,-,N,,,,,,,,,,Y,3,0,1,2,A,-,01,23152,A,N,C,E,A,A,H,-,C,D,0,,,,,Y,Y,A,01,0,1,0,0,0,0,0,0,0,"- ","- ",37.376289367675781,-120.73921966552734,MERCED,LIVINGSTON,-120.73891448974609,37.376567840576172
9292468,2021,2021-07-26,2404,2021-03-31,1113,X55,,3,5,3,2404,0,0,0,,0,,"ROBIN AV","VINEWOOD AV",303.00,S,N,A,-,N,,,,,,,,,,N,3,0,1,2,A,-,08,22107,,N,D,C,A,A,H,-,A,D,0,,,,,Y,,A,07,0,1,0,0,0,0,0,0,0,"- ","- ",37.385860443115234,-120.74144744873047,MERCED,LIVINGSTON,-120.74144744873047,37.385028839111328
9292469,2021,2021-07-29,2404,2021-03-16,0750,X55,,2,5,3,2404,0,0,0,,0,,"PEACH AV","MAIN ST",417.00,E,N,A,-,N,,,,,,,,,,N,4,0,1,2,A,-,12,21453,A,F,G,B,C,A,H,-,A,A,0,Y,,,,Y,,A,01,0,0,1,0,1,0,0,0,0,"- ","- ",37.375621795654297,-120.72263336181641,MERCED,LIVINGSTON,-120.7220458984375,37.375038146972656
9292536,2021,2021-07-26,2404,2021-02-16,0900,X3,,2,5,3,2404,0,0,0,,0,,"MAIN ST","B ST",0.00,,Y,A,-,N,,,,,,,,,,N,3,0,1,2,A,-,09,21803,A,N,D,C,A,A,H,-,A,A,0,,,,,Y,,D,22,0,1,0,0,0,0,0,0,0,"- ","- ",37.386009216308594,-120.7232666015625,MERCED,LIVINGSTON,-120.72324371337891,37.386043548583984
9293378,2021,2021-08-04,2404,2021-02-11,0550,X48,,4,5,3,2404,0,0,0,,0,,"CAMPBELL AV","STEFANI AV",152.00,E,N,A,-,N,,,,,,,,,,N,2,0,1,2,A,-,11,21956,A,F,G,B,E,A,H,-,D,D,0,Y,,,,Y,,N,60,1,0,0,0,1,0,0,0,0,"- ","- ",37.389091491699219,-120.72306060791016,MERCED,LIVINGSTON,-120.72327423095703,37.389019012451172
9295871,2021,2021-08-06,2406,2021-06-09,0144,294,3,3,5,5,2406,0,0,0,,0,030,"MARTIN LUTHER KING JR WY","WEST 13TH ST",120.00,N,N,A,-,Y,MER,10,99,-,-,14.786,R,4,S,N,2,0,1,2,A,-,"- ",,,F,G,B,E,A,H,-,C,D,0,Y,,,,Y,,A,01,1,0,0,0,1,0,0,0,0,"- ","- ",,,MERCED,MERCED,-120.48408508300781,37.2969970703125
9297793,2021,2021-08-17,2406,2021-07-08,1533,256,2,4,5,5,2406,0,0,0,,0,020,"WEST 20TH ST","M ST",0.00,,Y,A,-,N,,,,,,,,,,Y,4,0,4,2,A,-,09,21802,A,N,D,C,A,A,H,-,A,A,0,,,,,Y,,A,07,0,0,4,0,0,0,0,0,0,"- ","- ",,,MERCED,MERCED,-120.48313903808594,37.30499267578125
9297794,2021,2021-08-17,2406,2021-07-21,1837,306,3,3,5,5,2406,0,0,0,,0,030,"M ST","WEST 11TH ST",0.00,,Y,A,-,N,,,,,,,,,,Y,3,0,1,2,A,-,09,21802,A,N,D,C,A,A,H,-,A,A,0,,,,,Y,,A,01,0,1,0,0,0,0,0,0,0,"- ","- ",,,MERCED,MERCED,-120.48845672607422,37.295692443847656
9297795,2021,2021-08-17,2406,2021-07-20,1310,293,1,2,5,5,2406,0,0,0,,0,010,"G ST","PARK AV",189.00,S,N,A,-,N,,,,,,,,,,Y,3,0,1,2,A,-,03,22350,,N,C,C,A,A,H,-,A,D,0,,,,,Y,,A,01,0,1,0,0,0,0,0,0,0,"- ","- ",,,MERCED,MERCED,-120.46952819824219,37.31134033203125
9299102,2021,2021-09-03,2401,2021-07-11,2049,720,4,7,5,3,2401,0,0,0,,0,004,"1ST ST","BROADWAY AV",0.00,,Y,A,-,N,,,,,,,,,,Y,3,0,1,3,A,-,00,20001,B,F,D,C,A,A,H,-,B,D,0,,,,,Y,Y,D,22,0,1,0,0,0,0,0,0,0,"- ","- ",37.346149444580078,-120.60700988769531,MERCED,ATWATER,-120.60700988769531,37.346157073974609
9299151,2021,2021-08-31,2406,2021-07-22,1535,306,1,4,5,5,2406,0,0,0,,0,011,"WEST YOSEMITE AV","SAN JOSE AV",0.00,,Y,A,-,N,,,,,,,,,,Y,4,0,1,2,A,-,09,21801,A,N,D,A,A,A,H,-,A,D,0,,,,,Y,,A,07,0,0,1,0,0,0,0,0,0,"- ","- ",,,MERCED,MERCED,-120.48300170898438,37.332126617431641
9299153,2021,2021-08-31,2406,2021-07-29,1244,256,2,4,5,5,2406,0,0,0,,0,020,"G ST","WEST 15TH ST",0.00,,Y,A,-,N,,,,,,,,,,Y,3,0,2,2,A,-,09,21802,A,N,D,C,A,A,H,-,A,A,0,,,,,Y,,A,07,0,2,0,0,0,0,0,0,0,"- ","- ",,,MERCED,MERCED,-120.47718048095703,37.296379089355469
9299155,2021,2021-08-31,2406,2021-07-21,1435,129,SOUTH,3,5,5,2406,0,0,0,,0,031,"V ST","WEST 13TH ST",184.00,S,N,A,-,N,,,,,,,,,,Y,4,0,1,2,A,-,09,21804,A,N,D,C,A,A,H,-,A,A,0,,,,,Y,,A,01,0,0,1,0,0,0,0,0,0,"- ","- ",,,MERCED,MERCED,-120.50112915039062,37.302227020263672
9299157,2021,2021-08-31,2406,2021-07-23,1505,306,1,5,5,5,2406,0,0,0,,0,011,"R ST","RAMBLER RD",9.00,N,N,A,-,N,,,,,,,,,,N,4,0,1,2,A,-,03,22350,,N,C,C,A,A,H,-,A,D,0,,,,,Y,,A,01,0,0,1,0,0,0,0,0,0,"- ","- ",,,MERCED,MERCED,-120.48674011230469,37.315265655517578
9299425,2021,2021-09-03,2401,2021-07-28,1115,730,1,3,5,3,2401,0,0,0,,0,001,"WINTON WY","BELLEVUE RD",0.00,,Y,A,-,N,,,,,,,,,,N,3,0,1,2,A,-,08,22107,,N,D,C,A,A,H,-,A,D,0,,,,,Y,,A,01,0,1,0,0,0,0,0,0,0,"- ","- ",37.360748291015625,-120.63072204589844,MERCED,ATWATER,-120.61387634277344,37.360420227050781
9299462,2021,2021-09-17,2401,2021-07-03,1532,727,2,6,5,3,2401,0,0,0,,0,002,"BUHACH RD","CASTLEWOOD AV",0.00,,Y,A,-,N,,,,,,,,,,N,4,0,1,2,A,-,09,21801,A,N,D,C,A,A,H,-,A,D,0,,,,,Y,,-,,0,0,1,0,0,0,0,0,0,"- ","- ",37.360500335693359,-120.57657623291016,MERCED,ATWATER,-120.57663726806641,37.359062194824219
9300523,2021,2021-08-28,2406,2021-07-10,1550,256,1,6,5,5,2406,0,0,0,,0,010,"WEST OLIVE AV","W OLIVE AV 206",3.00,S,N,A,-,N,,,,,,,,,,N,4,0,1,2,A,-,05,21650,1,N,D,G,A,A,H,-,A,A,0,,Y,,,Y,,L,04,0,0,1,0,0,0,1,0,0,"- ","- ",,,MERCED,MERCED,,
9301049,2021,2021-08-13,2405,2021-01-29,1536,PD55,3,5,5,3,2405,0,0,0,,0,0B3,"WEST I ST","W PACHECO BL",0.00,,Y,A,-,Y,MER,10,152,-,-,19.618,I,6,W,N,4,0,1,2,A,-,08,22107,,N,B,C,A,A,H,-,A,A,0,,,,,Y,,A,01,0,0,1,0,0,0,0,0,0,"- ","- ",37.056880950927734,-120.86528778076172,MERCED,"LOS BANOS",-120.86522674560547,37.056858062744141
9301260,2021,2021-08-20,2406,2021-07-17,0801,298,3,6,5,5,2406,0,0,0,,0,030,"MARTIN LUTHER KING JR WY","WEST 11TH ST",0.00,,Y,A,-,Y,MER,10,59,-,-,14.580,I,5,S,Y,3,0,1,2,A,-,09,21801,A,N,B,C,A,A,H,-,A,D,0,,,,,Y,,A,01,0,1,0,0,0,0,0,0,0,"- ","- ",,,MERCED,MERCED,-120.48397064208984,37.294036865234375
9312279,2021,2021-09-13,2406,2021-08-10,2102,237,3,2,5,5,2406,0,0,0,,0,031,"13TH ST","V ST",36.00,W,N,A,-,Y,MER,10,140,-,-,35.740,H,-,E,N,3,0,2,2,A,-,03,22350,,F,C,C,A,A,H,-,C,A,0,,,,,Y,,A,01,0,2,0,0,0,0,0,0,0,"- ","- ",,,MERCED,MERCED,-120.50111389160156,37.302707672119141
9312803,2021,2021-10-19,2406,2021-08-09,1008,129,NORTH,1,5,5,2406,0,0,0,,0,011,"M ST","W DONNA",0.00,,Y,A,-,N,,,,,,,,,,Y,4,0,1,2,A,-,09,21802,A,N,D,C,A,A,H,-,A,A,0,,,,,Y,,A,01,0,0,1,0,0,0,0,0,0,"- ","- ",,,MERCED,MERCED,-120.47846984863281,37.329715728759766
9312805,2021,2021-10-07,2406,2021-08-06,1828,260,1,5,5,5,2406,0,0,0,,0,011,"LOUGHBOROUGH DR","CONESTOGA DR",1056.00,N,N,A,-,N,,,,,,,,,,N,3,0,1,2,A,-,03,22350,,N,G,B,D,A,H,-,A,D,0,Y,,,,Y,,A,01,0,1,0,0,1,0,0,0,0,"- ","- ",,,MERCED,MERCED,-120.49854278564453,37.322437286376953
9316828,2021,2021-10-25,2406,2021-08-19,2303,260,2,4,5,5,2406,0,0,0,,0,020,"RT 140","KIBBY RD",105.00,E,N,A,-,Y,MER,10,140,-,-,38.730,H,-,E,Y,4,0,1,2,A,-,01,23152,A,N,C,C,A,A,H,-,D,A,0,,,,Y,Y,Y,A,01,0,0,1,0,0,0,0,0,0,"- ","- ",,,MERCED,MERCED,-120.41484069824219,37.295158386230469
9317485,2021,2021-09-02,2402,2021-01-31,1210,P18,,7,5,2,2402,0,0,0,,0,,"CALIFORNIA AV","BLOSSOM ST",0.00,N,N,A,-,N,,,,,,,,,,N,4,0,1,2,A,-,09,21804,A,N,H,C,A,A,H,-,A,D,0,,,,,Y,,-,"- ",0,0,1,0,0,0,0,0,0,"- ","- ",,,MERCED,"DOS PALOS",-120.62908935546875,36.986049652099609
9318335,2021,2021-09-27,2401,2021-08-07,0337,732,2,6,5,3,2401,0,0,0,,0,002,"SANTA FE DR","WALLACE RD",763.00,E,N,A,-,N,,,,,,,,,,Y,2,0,2,2,A,-,07,21658,A,N,A,C,A,A,H,-,D,D,0,,,,,Y,Y,A,07,2,0,0,0,0,0,0,0,0,"- ","- ",37.371360778808594,-120.59033203125,MERCED,ATWATER,-120.58821868896484,37.370044708251953
9318433,2021,2021-10-01,2401,2021-08-17,1503,730,,2,5,3,2401,0,0,0,,0,002,"BELLEVUE RD","1ST ST",0.00,,Y,A,-,N,,,,,,,,,,N,3,0,1,2,A,-,04,21703,,N,C,C,A,A,H,-,A,D,0,,,,,Y,,A,01,0,1,0,0,0,0,0,0,0,"- ","- ",37.348281860351562,-120.61105346679688,MERCED,ATWATER,-120.59580993652344,37.360458374023438
9320109,2021,2023-06-17,2406,2021-05-29,0231,283,1,6,5,5,2406,0,0,0,,0,010,"W DONNA DR","SNOWBIRD CT",0.00,,Y,A,-,N,,,,,,,,,,Y,1,1,0,1,A,-,01,23152,A,N,E,I,A,A,H,-,C,D,0,,,Y,,Y,Y,C,02,0,0,0,0,0,0,0,1,0,"- ","- ",,,MERCED,MERCED,-120.47245025634766,37.329669952392578
9320115,2021,2023-06-17,2406,2021-07-28,0209,283,3,3,5,5,2406,0,0,0,,0,031,"WEST CHILDS AV","N ST",183.00,W,N,A,-,N,,,,,,,,,,N,1,1,0,2,A,-,11,21954,A,N,G,B,E,A,H,-,C,D,0,Y,,,,Y,,N,60,0,0,0,1,0,0,0,0,0,"- ","- ",,,MERCED,MERCED,-120.49524688720703,37.288230895996094
9320399,2021,2022-03-23,2402,2021-11-30,1750,S3,,2,5,2,2402,0,0,0,,0,,"RT 33","OLIVE ST",102.00,S,N,A,-,Y,MER,10,33,-,-,1.270,H,-,N,N,1,1,0,2,A,-,00,21954,,N,G,B,E,A,H,-,C,D,0,Y,,,,Y,Y,N,60,0,0,0,1,0,0,0,0,0,"- ","- ",,,MERCED,"DOS PALOS",-120.63558197021484,36.987266540527344
9320485,2021,2023-06-17,2406,2021-11-26,1742,283,2,5,5,5,2406,0,0,0,,0,020,"E YOSEMITE PKWY","ALMOND AV",0.00,,Y,A,-,N,,,,,,,,,,Y,1,1,0,2,A,-,03,22350,,N,G,B,B,A,H,-,C,D,0,Y,,,,Y,Y,A,01,0,0,0,1,0,0,0,0,0,"- ","- ",,,MERCED,MERCED,-120.46148681640625,37.29522705078125
9322372,2021,2021-09-27,2401,2021-08-25,1900,728,2,3,5,3,2401,0,0,0,,0,002,"BUHACH RD","JUNIPER AV",0.00,,Y,A,-,N,,,,,,,,,,N,3,0,2,3,A,-,12,21453,A,N,D,C,A,A,H,-,A,A,0,,,,,Y,,A,01,0,2,0,0,0,0,0,0,0,"- ","- ",37.347091674804688,-120.57671356201172,MERCED,ATWATER,-120.57685089111328,37.349521636962891
9323098,2021,2021-10-09,2401,2021-08-24,1300,705,2,2,5,3,2401,0,0,0,,0,002,"EAST BELLEVUE RD","CASTLE ST",0.00,,Y,A,-,N,,,,,,,,,,N,4,0,1,2,A,-,08,22107,,N,C,C,A,A,H,-,A,D,0,,,,,Y,,D,22,0,0,1,0,0,0,0,0,0,"- ","- ",37.359268188476562,-120.57380676269531,MERCED,ATWATER,-120.58077239990234,37.360511779785156
9324186,2021,2021-09-24,2406,2021-08-10,1106,129,SOUTH,2,5,5,2406,0,0,0,,0,030,"WEST 13TH ST","G ST",225.00,E,N,A,-,N,,,,,,,,,,Y,3,0,1,2,A,-,09,21804,A,N,D,C,A,A,H,-,A,D,0,,,,,Y,,A,01,0,1,0,0,0,0,0,0,0,"- ","- ",,,MERCED,MERCED,-120.47830200195312,37.294399261474609
9324188,2021,2021-09-24,2406,2021-08-16,1612,266,3,1,5,5,2406,0,0,0,,0,031,"O ST","WEST 11TH ST",0.00,,Y,A,-,N,,,,,,,,,,Y,4,0,1,2,A,-,09,21802,A,N,D,C,A,A,H,-,A,D,0,,,,,Y,,A,01,0,0,1,0,0,0,0,0,0,"- ","- ",,,MERCED,MERCED,-120.49153900146484,37.296802520751953
9324189,2021,2021-09-24,2406,2021-08-16,2058,222,2,1,5,5,2406,0,0,0,,0,020,"CARMEL RD","E GERARD AV",36.00,N,N,A,-,N,,,,,,,,,,N,4,0,1,2,A,-,03,22350,,F,G,B,D,A,H,-,C,D,0,Y,,,,Y,,A,01,0,0,1,0,1,0,0,0,0,"- ","- ",,,MERCED,MERCED,-120.445556640625,37.2806396484375
9324290,2021,2021-10-12,2406,2021-08-13,0602,267,3,5,5,5,2406,0,0,0,,0,031,"V ST","WEST 11TH ST",0.00,,Y,A,-,N,,,,,,,,,,Y,3,0,1,2,A,-,12,22450,A,N,D,C,A,A,H,-,A,A,0,,,,,Y,,A,07,0,1,0,0,0,0,0,0,0,"- ","- ",,,MERCED,MERCED,-120.50202178955078,37.300670623779297
9325571,2021,2021-10-14,2406,2021-09-08,1717,296,3,3,5,5,2406,0,0,0,,0,030,"SOUTH G ST","CONE AV MERCED",0.00,,Y,A,-,N,,,,,,,,,,Y,4,0,1,2,A,-,12,22450,A,N,D,C,A,A,H,-,A,A,0,,,,,Y,,A,01,0,0,1,0,0,0,0,0,0,"- ","- ",,,MERCED,MERCED,-120.48210144042969,37.284488677978516
9325664,2021,2021-10-25,2406,2021-08-29,2310,237,3,7,5,5,2406,0,0,0,,0,031,"WEST 11TH ST","S ST",111.00,W,N,A,-,N,,,,,,,,,,N,3,0,1,2,A,-,10,21950,,F,G,B,-,A,H,-,C,D,0,Y,,,,Y,,A,07,0,1,0,0,1,0,0,0,0,"- ","- ",,,MERCED,MERCED,-120.49785614013672,37.299137115478516
9327371,2021,2021-10-25,2406,2021-08-31,1122,129,CENTR,2,5,5,2406,0,0,0,,0,02D,"WEST MAIN ST","G ST",0.00,,Y,A,-,N,,,,,,,,,,Y,4,0,1,2,-,-,"- ",,A,N,A,C,A,A,H,-,A,A,0,,,,,Y,,A,01,0,0,1,0,0,0,0,0,0,"- ","- ",,,MERCED,MERCED,-120.475830078125,37.298683166503906
9337818,2021,2021-10-05,2406,2021-08-24,0848,198,1,2,5,5,2406,0,0,0,,0,010,"WEST OLIVE AV","G ST",100.00,W,N,A,-,N,,,,,,,,,,N,4,0,1,2,A,-,07,21658,A,F,C,C,A,A,H,-,A,A,0,,,,,Y,,A,01,0,0,1,0,0,0,0,0,0,"- ","- ",,,MERCED,MERCED,-120.46977996826172,37.318546295166016
9337820,2021,2021-09-30,2406,2021-08-30,0149,222,1,1,5,5,2406,0,0,0,,0,011,"DENVER AV","LANSING ST",237.00,N,N,A,-,N,,,,,,,,,,Y,3,0,1,6,A,-,01,23152,A,M,B,C,A,A,H,-,C,D,0,,,,,Y,Y,A,08,0,1,0,0,0,0,0,0,0,"- ","- ",,,MERCED,MERCED,-120.49285888671875,37.322032928466797
9338216,2021,2021-10-20,2406,2021-09-11,2056,308,2,6,5,5,2406,0,0,0,,0,020,"E YOSEMITE PKWY","MARTHELLA AV",40.00,W,N,A,-,N,,,,,,,,,,Y,3,0,1,2,A,-,09,21801,A,N,D,C,A,A,H,-,C,D,0,,,Y,,Y,,A,01,0,1,0,0,0,0,0,0,1,"- ","- ",,,MERCED,MERCED,-120.45565795898438,37.295211791992188
9339280,2021,2021-11-02,2406,2021-10-01,1407,300,1,5,5,5,2406,0,0,0,,0,010,"G ST","EMERALD DR",0.00,,Y,A,-,N,,,,,,,,,,N,4,0,1,2,A,-,03,22350,,N,C,C,A,A,H,-,A,D,0,,,,,Y,,A,01,0,0,1,0,0,0,0,0,0,"- ","- ",,,MERCED,MERCED,-120.46927642822266,37.316143035888672
9339282,2021,2021-11-02,2406,2021-10-12,1141,283,1,2,5,5,2406,0,0,0,,0,011,"WEST 16TH ST","ASHBY RD",0.00,,Y,A,-,N,,,,,,,,,,Y,4,0,1,2,A,-,09,21802,A,N,D,C,A,A,H,-,A,A,0,,,,,Y,,D,22,0,0,1,0,0,0,0,0,0,"- ","- ",,,MERCED,MERCED,-120.50895690917969,37.30926513671875
9339367,2021,2021-10-11,2406,2021-09-18,0156,286,2,6,5,5,2406,0,0,0,,0,020,"MARTIN LUTHER KING JR WY","WEST 14TH ST",0.00,,Y,A,-,Y,MER,10,99,-,-,14.551,R,4,N,Y,2,0,2,2,A,-,01,23152,A,N,D,G,A,A,H,-,C,A,0,,Y,,,Y,Y,A,01,1,1,0,0,0,0,1,0,0,"- ","- ",,,MERCED,MERCED,-120.48009490966797,37.295711517333984
9339512,2021,2021-10-18,2406,2021-09-13,1458,129,NORTH,1,5,5,2406,0,0,0,,0,011,"RT 59","BUENA VISTA DR",80.00,S,N,A,-,Y,MER,10,59,-,-,16.600,H,-,N,Y,4,0,1,3,A,-,03,22350,,N,C,C,A,A,H,-,A,A,0,,,,,Y,,A,01,0,0,1,0,0,0,0,0,0,"- ","- ",,,MERCED,MERCED,-120.50472259521484,37.326080322265625
9342941,2021,2021-11-03,2406,2021-09-16,1220,256,1,4,5,5,2406,0,0,0,,0,011,"R ST","W DONNA DR",0.00,,Y,A,-,N,,,,,,,,,,N,4,0,1,2,A,-,03,22350,,N,C,C,A,A,H,-,A,D,0,,,,,Y,,A,01,0,0,1,0,0,0,0,0,0,"- ","- ",,,MERCED,MERCED,-120.48674011230469,37.329471588134766
9342943,2021,2021-11-03,2406,2021-09-20,0749,276,2,1,5,5,2406,0,0,0,,0,021,"R ST","WEST 14TH ST",0.00,,Y,A,-,N,,,,,,,,,,Y,4,0,1,2,A,-,12,21453,A,N,D,C,A,A,H,-,A,A,0,,,,,Y,,A,01,0,0,1,0,0,0,0,0,0,"- ","- ",,,MERCED,MERCED,-120.49429321289062,37.301425933837891
9342999,2021,2021-10-21,2406,2021-09-09,1750,308,2,4,5,5,2406,0,0,0,,0,021,"W 18TH ST","O ST",0.00,,Y,A,-,N,,,,,,,,,,Y,4,0,2,2,A,-,09,21802,A,N,D,C,A,A,H,-,A,A,0,,,,,Y,,A,01,0,0,2,0,0,0,0,0,0,"- ","- ",,,MERCED,MERCED,-120.48731231689453,37.304100036621094
9343000,2021,2021-10-21,2406,2021-09-13,1049,129,CENTR,1,5,5,2406,0,0,0,,0,021,"R ST","WEST 22ND ST",60.00,S,N,A,-,N,,,,,,,,,,N,4,0,1,2,A,-,03,22350,,N,C,C,A,A,H,-,A,D,0,,,,,Y,,A,07,0,0,1,0,0,0,0,0,0,"- ","- ",,,MERCED,MERCED,-120.4896240234375,37.30963134765625
9343001,2021,2021-10-20,2406,2021-09-13,1720,253,1,1,5,5,2406,0,0,0,,0,011,"M ST","LOUGHBOROUGH DR",0.00,,Y,A,-,N,,,,,,,,,,Y,3,0,3,2,A,-,08,22107,,N,B,C,A,A,H,-,A,A,0,,,,,Y,,A,01,0,3,0,0,0,0,0,0,0,"- ","- ",,,MERCED,MERCED,-120.4783935546875,37.322704315185547
9343002,2021,2021-10-20,2406,2021-09-14,0844,129,CENTR,2,5,5,2406,0,0,0,,0,021,"EAST 21ST ST","CALIMYRNA AV",0.00,,Y,A,-,N,,,,,,,,,,N,3,0,1,2,A,-,09,21802,A,N,D,C,A,A,H,-,A,A,0,,,,,Y,,A,01,0,1,0,0,0,0,0,0,0,"- ","- ",,,MERCED,MERCED,-120.46669769287109,37.300148010253906
9346599,2021,2021-11-04,2401,2021-09-10,1556,733,1,5,5,3,2401,0,0,0,,0,001,"WINTON WY","BELLEVUE AV",0.00,,Y,A,-,N,,,,,,,,,,N,3,0,1,3,A,-,04,21703,,N,C,C,A,A,H,-,A,A,0,,,,,Y,,A,08,0,1,0,0,0,0,0,0,0,"- ","- ",37.359291076660156,-120.61293792724609,MERCED,ATWATER,-120.61387634277344,37.360420227050781
9346600,2021,2021-11-04,2401,2021-09-15,1900,732,4,3,5,3,2401,0,0,0,,0,004,"WINTON WAY","CEDAR AV",17.00,S,N,A,-,N,,,,,,,,,,Y,3,0,3,2,A,-,09,21801,A,N,D,C,A,A,H,-,B,A,0,,,,,Y,,A,01,0,3,0,0,0,0,0,0,0,"- ","- ",37.349109649658203,-120.61279296875,MERCED,ATWATER,-120.61283111572266,37.349166870117188
9346602,2021,2021-11-03,2401,2021-09-22,1630,716,4,3,5,3,2401,0,0,0,,0,004,"ATWATER BL","WEDEL AV",200.00,E,N,A,-,N,,,,,,,,,,Y,3,0,2,2,A,-,09,21801,A,N,D,C,A,A,H,-,A,D,0,,,,,Y,,A,01,0,2,0,0,0,0,0,0,0,"- ","- ",37.352340698242188,-120.62712097167969,MERCED,ATWATER,-120.62799072265625,37.352645874023438
9346701,2021,2021-11-03,2401,2021-09-05,2031,730,2,7,5,3,2401,0,0,0,,0,002,"EAST BELLEVUE RD","SHAFFER RD",484.00,E,N,A,-,N,,,,,,,,,,Y,4,0,1,2,A,-,09,21801,A,N,D,C,A,A,H,-,C,D,0,,,Y,,Y,,A,01,0,0,1,0,0,0,0,0,1,"- ","- ",37.360481262207031,-120.59353637695312,MERCED,ATWATER,-120.59414672851562,37.360477447509766
9347750,2021,2021-11-17,2406,2021-10-08,1635,307,2,5,5,5,2406,0,0,0,,0,020,"E CAMPUS PKWY","E GERARD AV",175.00,S,N,A,-,N,,,,,,,,,,Y,4,0,1,2,A,-,01,23152,A,N,B,C,A,A,H,-,A,D,0,,,,,Y,Y,A,01,0,0,1,0,0,0,0,0,0,"- ","- ",,,MERCED,MERCED,-120.4237060546875,37.280029296875
9347803,2021,2021-10-26,2406,2021-09-14,1514,308,2,2,5,5,2406,0,0,0,,0,020,"E CHILDS AV  1800 BLK","CAROL AV",243.00,W,N,A,-,N,,,,,,,,,,N,4,0,1,2,A,-,03,22350,,F,C,C,A,A,H,-,A,A,0,,,,,Y,,A,08,0,0,1,0,0,0,0,0,0,"- ","- ",,,MERCED,MERCED,-120.45585632324219,37.288417816162109
9347805,2021,2021-10-26,2406,2021-09-16,2112,308,1,4,5,5,2406,0,0,0,,0,010,"BANCROFT DR","M CIR",27.00,S,N,A,-,N,,,,,,,,,,N,3,0,1,2,A,-,10,21950,A,F,G,B,B,A,H,-,A,D,0,Y,,,,Y,,A,01,0,1,0,0,1,0,0,0,0,"- ","- ",,,MERCED,MERCED,-120.47629547119141,37.357456207275391
9347808,2021,2021-11-02,2406,2021-09-28,1751,265,3,2,5,5,2406,0,0,0,,0,030,"G ST","CHILDS AV",16.00,N,N,A,-,N,,,,,,,,,,Y,2,0,5,2,A,-,12,21453,,N,B,C,A,A,H,-,A,A,0,,,,,Y,Y,-,"- ",5,0,0,0,0,0,0,0,0,"- ","- ",,,MERCED,MERCED,-120.48188018798828,37.288211822509766
9349200,2021,2021-11-04,2406,2021-09-21,0901,129,NORTH,2,5,5,2406,0,0,0,,0,011,"MEADOWS AV","WEST OLIVE AV",0.00,,Y,A,-,N,,,,,,,,,,N,3,0,1,2,A,-,09,21801,A,N,D,G,A,A,H,-,A,A,0,,Y,,,Y,,A,01,0,1,0,0,0,0,1,0,0,"- ","- ",,,MERCED,MERCED,-120.49043273925781,37.319255828857422
9349269,2021,2021-10-26,2406,2021-09-28,1050,283,1,2,5,5,2406,0,0,0,,0,010,"G ST","CARDELLA RD",69.00,S,N,A,-,N,,,,,,,,,,Y,3,0,2,2,A,-,05,21650,,N,B,C,A,A,H,-,A,D,0,,,,,Y,,A,07,0,1,1,0,0,0,0,0,0,"- ","- ",,,MERCED,MERCED,-120.46884155273438,37.346351623535156