CASE_ID,ACCIDENT_YEAR,PROC_DATE,JURIS,COLLISION_DATE,COLLISION_TIME,OFFICER_ID,REPORTING_DISTRICT,DAY_OF_WEEK,CHP_SHIFT,POPULATION,CNTY_CITY_LOC,SPECIAL_COND,BEAT_TYPE,CHP_BEAT_TYPE,CITY_DIVISION_LAPD,CHP_BEAT_CLASS,BEAT_NUMBER,PRIMARY_RD,SECONDARY_RD,DISTANCE,DIRECTION,INTERSECTION,WEATHER_1,WEATHER_2,STATE_HWY_IND,CALTRANS_COUNTY,CALTRANS_DISTRICT,STATE_ROUTE,ROUTE_SUFFIX,POSTMILE_PREFIX,POSTMILE,LOCATION_TYPE,RAMP_INTERSECTION,SIDE_OF_HWY,TOW_AWAY,COLLISION_SEVERITY,NUMBER_KILLED,NUMBER_INJURED,PARTY_COUNT,PRIMARY_COLL_FACTOR,PCF_CODE_OF_VIOL,PCF_VIOL_CATEGORY,PCF_VIOLATION,PCF_VIOL_SUBSECTION,HIT_AND_RUN,TYPE_OF_COLLISION,MVIW,PED_ACTION,ROAD_SURFACE,ROAD_COND_1,ROAD_COND_2,LIGHTING,CONTROL_DEVICE,CHP_ROAD_TYPE,PEDESTRIAN_ACCIDENT,BICYCLE_ACCIDENT,MOTORCYCLE_ACCIDENT,TRUCK_ACCIDENT,NOT_PRIVATE_PROPERTY,ALCOHOL_INVOLVED,STWD_VEHTYPE_AT_FAULT,CHP_VEHTYPE_AT_FAULT,COUNT_SEVERE_INJ,COUNT_VISIBLE_INJ,COUNT_COMPLAINT_PAIN,COUNT_PED_KILLED,COUNT_PED_INJURED,COUNT_BICYCLIST_KILLED,COUNT_BICYCLIST_INJURED,COUNT_MC_KILLED,COUNT_MC_INJURED,PRIMARY_RAMP,SECONDARY_RAMP,LATITUDE,LONGITUDE,COUNTY,CITY,POINT_X,POINT_Y
9349368,2021,2021-10-27,2406,2021-09-22,2052,237,2,3,5,5,2406,0,0,0,,0,021,"WEST MAIN ST","W MAIN ST 900",0.00,,Y,A,-,N,,,,,,,,,,N,3,0,1,2,A,-,09,21804,,F,D,G,A,A,H,-,C,D,0,,Y,Y,,Y,,C,06,0,1,0,0,0,0,1,0,0,"- ","- ",,,MERCED,MERCED,-120.475830078125,37.298683166503906
9349415,2021,2021-10-26,2406,2021-09-24,1455,307,3,5,5,5,2406,0,0,0,,0,030,"G ST","12TH ST",18.00,N,N,A,-,N,,,,,,,,,,N,4,0,1,2,A,-,03,22350,,N,C,C,A,A,H,-,A,D,0,,,,,Y,,A,07,0,0,1,0,0,0,0,0,0,"- ","- ",,,MERCED,MERCED,-120.47887420654297,37.293422698974609
9349416,2021,2021-10-26,2406,2021-09-25,1940,307,3,6,5,5,2406,0,0,0,,0,031,"R ST","WEST 13TH ST",0.00,,Y,A,-,N,,,,,,,,,,Y,4,0,1,2,A,-,01,23152,A,N,D,C,A,A,H,-,C,A,0,,,,,Y,Y,A,01,0,0,1,0,0,0,0,0,0,"- ","- ",,,MERCED,MERCED,-120.49485015869141,37.300491333007812
9351792,2021,2021-12-23,2406,2021-11-20,0225,303,1,6,5,5,2406,0,0,0,,0,010,"G ST","EL PORTAL DR",310.00,N,N,A,-,N,,,,,,,,,,N,2,0,1,2,A,-,11,21954,A,F,G,B,D,A,H,-,C,D,0,Y,,,,Y,Y,N,60,1,0,0,0,1,0,0,0,0,"- ","- ",,,MERCED,MERCED,-120.46916961669922,37.327560424804688
9351796,2021,2021-12-23,2406,2021-11-04,0653,129,SOUTH,4,5,5,2406,0,0,0,,0,030,"SOUTH M ST","JOHN CT",80.00,S,N,B,-,N,,,,,,,,,,Y,4,0,1,2,A,-,08,22107,,N,C,E,A,A,H,-,A,D,0,,,,,Y,,A,01,0,0,1,0,0,0,0,0,0,"- ","- ",,,MERCED,MERCED,-120.4927978515625,37.284690856933594
9351800,2021,2021-12-23,2406,2021-11-17,1201,183,1,3,5,5,2406,0,0,0,,0,010,"M ST","BUENA VISTA DR",0.00,,Y,B,-,N,,,,,,,,,,Y,4,0,3,3,A,-,09,21802,A,F,B,A,A,A,H,-,A,A,0,,,,,Y,,A,07,0,0,3,0,0,0,0,0,0,"- ","- ",,,MERCED,MERCED,-120.47853088378906,37.326995849609375
9354463,2021,2021-11-17,2406,2021-10-19,1113,309,2,2,5,5,2406,0,0,0,,0,021,"K ST","W16T ST",10.00,S,N,A,-,N,,,,,,,,,,N,3,0,1,2,A,-,09,21804,A,N,D,C,A,A,H,-,A,D,0,,,,,Y,,D,22,0,1,0,0,0,0,0,0,0,"- ","- ",,,MERCED,MERCED,-120.48234558105469,37.299861907958984
9354586,2021,2021-10-26,2405,2021-05-25,0427,PD143,2,2,5,3,2405,0,0,0,,0,0B2,"SAN LUIS RD","WARD RD",48.00,W,N,A,-,N,,,,,,,,,,N,2,0,1,2,A,-,11,21954,A,N,G,B,D,A,H,-,C,A,0,Y,,,,Y,,N,60,1,0,0,0,1,0,0,0,0,"- ","- ",37.061580657958984,-120.81770324707031,MERCED,"LOS BANOS",-120.81784820556641,37.061573028564453
9355271,2021,2021-11-06,2406,2021-10-22,1042,256,3,5,5,5,2406,0,0,0,,0,030,"DOPPLER RD","E GERARD AV",0.00,,Y,C,-,N,,,,,,,,,,Y,3,0,1,1,A,-,03,22350,,N,E,I,A,B,H,-,A,D,0,,,,,Y,,A,08,0,1,0,0,0,0,0,0,0,"- ","- ",,,MERCED,MERCED,-120.44805908203125,37.280555725097656
9355272,2021,2021-11-06,2406,2021-10-24,1857,260,2,7,5,5,2406,0,0,0,,0,021,"R ST","W 18TH ST",33.00,N,N,A,-,N,,,,,,,,,,Y,4,0,1,2,A,-,11,21954,A,N,G,B,D,A,H,-,C,A,0,Y,,,,Y,,N,60,0,0,1,0,1,0,0,0,0,"- ","- ",,,MERCED,MERCED,-120.49179077148438,37.305873870849609
9355274,2021,2021-11-06,2406,2021-10-25,0808,198,2,1,5,5,2406,0,0,0,,0,020,"E 21ST","ASH AV",100.00,W,N,C,-,N,,,,,,,,,,N,4,0,1,2,A,-,04,21703,,N,C,C,A,B,G,-,A,D,0,,,,,Y,,A,01,0,0,1,0,0,0,0,0,0,"- ","- ",,,MERCED,MERCED,-120.45652008056641,37.296413421630859
9355277,2021,2021-11-06,2406,2021-10-05,1836,309,NORTH,2,5,5,2406,0,0,0,,0,010,"EAST YOSEMITE AV","PARSONS AV",0.00,,Y,A,-,N,,,,,,,,,,Y,2,0,1,1,A,-,03,22350,,N,H,A,A,A,H,-,A,A,0,,,Y,,Y,,C,02,1,0,0,0,0,0,0,0,1,"- ","- ",,,MERCED,MERCED,-120.45095825195312,37.332145690917969
9355385,2021,2021-12-14,2406,2021-10-02,1351,307,2,6,5,5,2406,0,0,0,,0,020,"G ST","E 2R3D ST",0.00,,Y,A,-,N,,,,,,,,,,Y,3,0,4,2,A,-,09,21801,A,N,D,C,A,A,H,-,A,A,0,,,,,Y,,D,22,0,1,3,0,0,0,0,0,0,"- ","- ",,,MERCED,MERCED,-118.22260284423828,33.856361389160156
9355393,2021,2021-11-24,2406,2021-10-24,0241,286,3,7,5,5,2406,0,0,0,,0,031,"RT 140","GRIFFIN ST",171.00,W,N,A,-,Y,MER,10,140,-,-,35.280,H,-,E,Y,3,0,1,2,A,-,01,23152,A,N,C,E,A,B,H,-,C,D,0,,,,,Y,Y,A,01,0,1,0,0,0,0,0,0,0,"- ","- ",,,MERCED,MERCED,-120.50949096679688,37.302715301513672
9355409,2021,2021-12-10,2406,2021-10-21,1153,256,1,4,5,5,2406,0,0,0,,0,010,"WEST YOSEMITE AV","M ST",3.00,E,N,A,-,N,,,,,,,,,,N,3,0,1,2,A,-,12,21453,A,N,D,G,A,A,H,-,A,A,0,,Y,,,Y,,L,04,0,1,0,0,0,0,1,0,0,"- ","- ",,,MERCED,MERCED,-120.47843933105469,37.332111358642578
9355477,2021,2021-10-25,2405,2021-05-20,0752,PD20,3,4,5,3,2405,0,0,0,,0,0B3,"WEST I ST","KATHY CT",59.00,N,N,A,-,N,,,,,,,,,,Y,4,0,1,2,A,-,08,22107,,N,C,E,A,A,H,-,A,D,0,,,,,Y,,A,01,0,0,1,0,0,0,0,0,0,"- ","- ",37.047149658203125,-120.86768341064453,MERCED,"LOS BANOS",-120.86769104003906,37.047313690185547
9355623,2021,2021-10-29,2405,2021-05-05,1651,PD11,2,3,5,3,2405,0,0,0,,0,0B3,"E PACHECO BL","9TH ST",0.00,,Y,A,-,Y,MER,10,152,-,-,20.730,H,-,E,N,3,0,1,4,A,-,03,22350,,N,C,C,A,A,H,-,A,A,0,,,,,Y,Y,A,07,0,1,0,0,0,0,0,0,0,"- ","- ",37.056900024414062,-120.84504699707031,MERCED,"LOS BANOS",-120.8450927734375,37.056900024414062
9356321,2021,2021-11-06,2406,2021-10-11,1244,283,1,1,5,5,2406,0,0,0,,0,011,"R ST","LOUGHBOROUGH DR",620.00,S,N,A,-,N,,,,,,,,,,Y,3,0,2,2,A,-,08,22107,,N,B,C,A,A,H,-,A,D,0,,,,,Y,,A,01,0,2,0,0,0,0,0,0,0,"- ","- ",,,MERCED,MERCED,-120.48704528808594,37.32171630859375
9356324,2021,2021-11-06,2406,2021-10-05,1141,287,1,2,5,5,2406,0,0,0,,0,010,"EAST OLIVE AV","COLLEGE AV",233.00,W,N,A,-,N,,,,,,,,,,Y,3,0,1,2,A,-,09,21804,A,N,D,C,A,A,H,-,A,D,0,,,,,Y,,A,07,0,1,0,0,0,0,0,0,0,"- ","- ",,,MERCED,MERCED,-120.46710968017578,37.318470001220703
9356325,2021,2021-11-06,2406,2021-10-05,1503,287,2,2,5,5,2406,0,0,0,,0,021,"WEST 20TH ST","S ST",0.00,,Y,A,-,N,,,,,,,,,,Y,4,0,1,2,A,-,09,21801,A,N,A,C,A,A,H,-,A,D,0,,,,,Y,,A,01,0,0,1,0,0,0,0,0,0,"- ","- ",,,MERCED,MERCED,-120.49217224121094,37.308330535888672
9356358,2021,2021-11-04,2406,2021-10-01,1443,298,1,5,5,5,2406,0,0,0,,0,010,"G ST","EAST ALEXANDER AV",249.00,N,N,A,-,N,,,,,,,,,,N,4,0,1,2,A,-,03,22350,,F,C,C,A,A,H,-,A,D,0,,,,,Y,,A,07,0,0,1,0,0,0,0,0,0,"- ","- ",,,MERCED,MERCED,-120.46928405761719,37.315944671630859
9356359,2021,2021-11-15,2406,2021-10-10,1527,308,1,7,5,5,2406,0,0,0,,0,011,"W 16TH  ST","RT 59",87.00,W,N,A,-,Y,MER,10,59,-,-,15.350,I,6,S,Y,4,0,2,2,A,-,03,22350,,N,C,C,A,A,H,-,A,A,0,,,,,Y,,A,01,0,0,2,0,0,0,0,0,0,"- ","- ",,,MERCED,MERCED,-120.50485229492188,37.308284759521484
9356360,2021,2021-11-04,2406,2021-10-09,1634,307,2,6,5,5,2406,0,0,0,,0,020,"M ST","WEST MAIN ST",0.00,,Y,A,-,N,,,,,,,,,,Y,3,0,2,2,A,-,09,21801,A,N,D,C,A,A,H,-,A,A,0,,,,,Y,,A,01,0,1,1,0,0,0,0,0,0,"- ","- ",,,MERCED,MERCED,-120.48483276367188,37.302013397216797
9356470,2021,2021-11-02,2406,2021-09-27,1155,129,CENTR,1,5,5,2406,0,0,0,,0,021,"WEST 16TH ST","R ST",100.00,W,N,A,-,N,,,,,,,,,,N,4,0,1,3,A,-,03,22350,,N,C,C,A,A,H,-,A,A,0,,,,,Y,,A,01,0,0,1,0,0,0,0,0,0,"- ","- ",,,MERCED,MERCED,-120.49331665039062,37.303852081298828
9356990,2021,2021-11-08,2406,2021-08-30,2322,301,2,1,5,5,2406,0,0,0,,0,021,"WEST 15TH ST","MLK JR WY",0.00,,Y,A,-,N,,,,,,,,,,N,3,0,1,2,A,-,17,21451,A,F,D,G,A,A,H,-,C,A,0,,Y,,,Y,,A,01,0,1,0,0,0,0,1,0,0,"- ","- ",,,MERCED,MERCED,-120.48170471191406,37.298080444335938
9357361,2021,2021-11-30,2406,2021-10-14,1848,307,1,4,5,5,2406,0,0,0,,0,011,"WEST OLIVE AV","PEPPERWOOD LN",0.00,,Y,A,-,N,,,,,,,,,,N,3,0,1,2,A,-,09,21801,A,N,D,C,A,A,H,-,C,D,0,,,,,Y,,A,01,0,1,0,0,0,0,0,0,0,"- ","- ",,,MERCED,MERCED,-120.48468017578125,37.319328308105469
9361109,2021,2022-03-21,2401,2021-10-18,0955,710,4,1,5,3,2401,0,0,0,,0,004,"1ST ST","CEDAR AV",0.00,,Y,A,-,N,,,,,,,,,,Y,2,0,1,2,A,-,09,21802,A,N,D,C,A,A,H,-,A,A,0,,,,,Y,,A,01,1,0,0,0,0,0,0,0,0,"- ","- ",37.346920013427734,-120.60655212402344,MERCED,ATWATER,-120.60655975341797,37.346923828125
9361132,2021,2021-12-07,2406,2021-10-03,1948,267,2,7,5,5,2406,0,0,0,,0,020,"G ST","WEST 16TH ST",175.00,S,N,A,-,N,,,,,,,,,,Y,3,0,1,2,A,-,01,23152,A,N,C,C,A,A,H,-,C,A,0,,,,,Y,Y,A,01,0,1,0,0,0,0,0,0,0,"- ","- ",,,MERCED,MERCED,-120.47666168212891,37.297252655029297
9362407,2021,2021-12-08,2406,2021-10-29,1838,305,1,5,5,5,2406,0,0,0,,0,011,"RT 59","WEST OLIVE AV",840.00,N,N,A,-,Y,MER,10,59,-,-,16.260,H,-,S,N,4,0,1,2,A,-,00,21954,C,F,G,B,E,A,E,-,C,D,0,Y,,,,Y,,N,60,0,0,1,0,1,0,0,0,0,"- ","- ",,,MERCED,MERCED,-120.50486755371094,37.321205139160156
9362415,2021,2021-12-08,2406,2021-10-28,1805,309,1,4,5,5,2406,0,0,0,,0,011,"WEST OLIVE AV","PEPPERWOOD LN",0.00,,Y,A,-,N,,,,,,,,,,Y,4,0,4,2,A,-,09,21801,A,N,A,C,A,A,H,-,B,D,0,,,,,Y,,D,22,0,0,4,0,0,0,0,0,0,"- ","- ",,,MERCED,MERCED,-120.48468017578125,37.319328308105469
9362443,2021,2021-12-24,2406,2021-11-05,2153,260,2,5,5,5,2406,0,0,0,,0,020,"EAST CHILDS AV","CAROL AV",0.00,E,N,A,-,N,,,,,,,,,,N,3,0,1,2,A,-,11,21954,A,F,G,B,D,A,H,-,C,D,0,Y,,,,Y,,N,60,0,1,0,0,1,0,0,0,0,"- ","- ",,,MERCED,MERCED,-120.45481109619141,37.288089752197266
9362447,2021,2021-12-16,2406,2021-11-05,0850,300,3,5,5,5,2406,0,0,0,,0,031,"WEST CHILDS AV","N ST",0.00,,Y,A,-,N,,,,,,,,,,N,3,0,1,2,A,-,12,21453,A,N,D,C,A,A,H,-,A,A,0,,,,Y,Y,,A,07,0,1,0,0,0,0,0,0,0,"- ","- ",,,MERCED,MERCED,-120.49462127685547,37.288234710693359
9364801,2021,2021-12-07,2406,2021-09-22,2104,302,1,3,5,5,2406,0,0,0,,0,011,"BUENA VISTA DR","R ST",110.00,E,N,A,-,N,,,,,,,,,,N,4,0,1,1,A,-,08,22107,,N,E,I,A,A,H,-,C,D,0,,Y,,,Y,,L,04,0,0,1,0,0,0,1,0,0,"- ","- ",,,MERCED,MERCED,-120.48646545410156,37.32635498046875
9366744,2021,2021-12-24,2406,2021-11-07,1718,256,2,7,5,5,2406,0,0,0,,0,020,"M ST","WEST 21ST ST",0.00,,Y,A,-,N,,,,,,,,,,Y,4,0,2,2,A,-,17,21451,A,N,A,C,A,A,H,-,C,A,0,,,,,Y,,A,01,0,0,2,0,0,0,0,0,0,"- ","- ",,,MERCED,MERCED,-120.48255920410156,37.305988311767578
9366891,2021,2022-01-07,2406,2021-12-02,1953,303,1,4,5,5,2406,0,0,0,,0,010,"MCKEE RD","SILVERSTONE DR",0.00,,Y,A,-,N,,,,,,,,,,Y,3,0,1,2,A,-,09,21802,A,N,D,C,A,A,H,-,D,D,0,,,Y,,Y,,A,01,0,1,0,0,0,0,0,0,0,"- ","- ",,,MERCED,MERCED,-120.44435882568359,37.325447082519531
9366892,2021,2022-01-07,2406,2021-12-16,1832,283,3,4,5,5,2406,0,0,0,,0,020,"B ST","EAST 13TH ST",0.00,,Y,A,-,N,,,,,,,,,,Y,3,0,1,2,A,-,01,23152,A,N,D,E,A,A,H,-,C,A,0,,,,,Y,Y,A,01,0,1,0,0,0,0,0,0,0,"- ","- ",,,MERCED,MERCED,-120.47081756591797,37.291618347167969
9367183,2021,2021-12-09,2406,2021-11-13,2029,269,1,6,5,5,2406,0,0,0,,0,011,"RT 59","SANTA FE DR",0.00,,Y,A,-,Y,MER,10,59,-,-,16.100,I,5,N,Y,2,0,1,1,A,-,03,22350,,N,E,I,A,D,H,-,C,A,0,,,,,Y,,A,01,1,0,0,0,0,0,0,0,0,"- ","- ",,,MERCED,MERCED,-120.50492858886719,37.319099426269531
9367508,2021,2021-12-21,2406,2021-11-15,1001,268,2,1,5,5,2406,0,0,0,,0,021,"R ST","WEST 15TH ST",0.00,,Y,B,-,N,,,,,,,,,,Y,4,0,2,2,A,-,12,21453,A,N,D,C,A,A,H,-,A,A,0,,,,,Y,,A,07,0,0,2,0,0,0,0,0,0,"- ","- ",,,MERCED,MERCED,-120.49369049072266,37.302471160888672
9367933,2021,2021-12-07,2406,2021-10-30,1840,283,2,6,5,5,2406,0,0,0,,0,021,"R ST","WEST 23RD ST",0.00,,Y,A,-,N,,,,,,,,,,Y,3,0,3,2,A,-,09,21801,A,N,D,C,A,A,H,-,C,D,0,,,,,Y,,A,01,0,1,2,0,0,0,0,0,0,"- ","- ",,,MERCED,MERCED,-120.48896789550781,37.310752868652344
9368855,2021,2021-12-14,2406,2021-10-30,0728,307,1,6,5,5,2406,0,0,0,,0,010,"G ST","E BELLEVUE  RD",12.00,N,N,E,-,N,,,,,,,,,,N,4,0,1,2,A,-,03,22350,,N,C,C,A,A,H,-,A,A,0,,,,Y,Y,,F,26,0,0,1,0,0,0,0,0,0,"- ","- ",,,MERCED,MERCED,-120.46868133544922,37.361133575439453
9368867,2021,2021-12-14,2406,2021-10-12,1715,294,21,2,5,5,2406,0,0,0,,0,020,"PARSONS AV","MERCED AV",0.00,,Y,A,-,N,,,,,,,,,,Y,3,0,3,2,A,-,03,22350,,N,C,C,A,A,H,-,A,A,0,,,,,Y,,D,22,0,2,1,0,0,0,0,0,0,"- ","- ",,,MERCED,MERCED,-120.45156860351562,37.291507720947266
9368978,2021,2022-01-12,2406,2021-11-15,1824,256,2,1,5,5,2406,0,0,0,,0,020,"WEST 21ST ST","MARTIN LUTHER KING JR WY",0.00,,Y,A,-,N,,,,,,,,,,N,4,0,4,2,A,-,12,22450,A,N,D,C,A,A,H,-,C,A,0,,,,,Y,,-,"- ",0,0,4,0,0,0,0,0,0,"- ","- ",,,MERCED,MERCED,-120.47806549072266,37.304317474365234
9368979,2021,2022-01-04,2406,2021-11-19,1047,183,2,5,5,5,2406,0,0,0,,0,020,"M ST","WEST 19TH ST",0.00,,Y,A,-,N,,,,,,,,,,Y,3,0,4,2,A,-,17,21451,A,N,A,C,A,A,H,-,A,A,0,,,,,Y,,A,01,0,4,0,0,0,0,0,0,0,"- ","- ",,,MERCED,MERCED,-120.48371124267578,37.303974151611328
9368980,2021,2022-01-04,2406,2021-11-19,1546,201,1,5,5,5,2406,0,0,0,,0,010,"EAST YOSEMITE AV","GARDNER AV",0.00,,Y,A,-,N,,,,,,,,,,N,4,0,1,2,A,-,09,21800,A,N,D,G,A,A,H,-,A,A,0,,Y,,,Y,,A,07,0,0,1,0,0,0,1,0,0,"- ","- ",,,MERCED,MERCED,-120.45095825195312,37.332145690917969
9369622,2021,2021-12-21,2406,2021-10-28,1436,307,1,4,5,5,2406,0,0,0,,0,010,"COLLEGE GREEN DR","WEST OLIVE AV",15.00,S,N,A,-,N,,,,,,,,,,Y,3,0,1,1,A,-,08,22107,,N,E,I,A,A,H,-,A,D,0,,,,,Y,,A,08,0,1,0,0,0,0,0,0,0,"- ","- ",,,MERCED,MERCED,-120.47665405273438,37.319198608398438
9369769,2021,2021-12-21,2401,2021-11-30,2045,719,1,2,5,3,2401,0,0,0,,0,001,"WINTON WAY","CARTER WY",0.00,,Y,A,-,N,,,,,,,,,,Y,3,0,6,2,A,-,09,21802,A,N,D,C,A,A,H,-,C,D,0,,,,,Y,,A,07,0,5,1,0,0,0,0,0,0,"- ","- ",37.358100891113281,-120.61383056640625,MERCED,ATWATER,-120.61383056640625,37.358116149902344
9369938,2021,2022-01-04,2406,2021-11-15,1033,256,2,1,5,5,2406,0,0,0,,0,020,"G ST","EAST 23RD ST",40.00,S,N,A,-,N,,,,,,,,,,N,4,0,1,2,A,-,09,21804,A,N,D,C,A,A,H,-,A,D,0,,,,,Y,,D,22,0,0,1,0,0,0,0,0,0,"- ","- ",,,MERCED,MERCED,-120.47250366210938,37.304538726806641
9370239,2021,2021-12-29,2401,2021-11-07,2034,730,4,7,5,3,2401,0,0,0,,0,004,"COMMERCE AV","APPLEGATE RD",0.00,,Y,A,-,N,,,,,,,,,,N,3,0,1,2,A,-,00,21107,,N,B,C,A,A,H,-,C,D,0,,,,,Y,,A,01,0,1,0,0,0,0,0,0,0,"- ","- ",37.341609954833984,-120.61122131347656,MERCED,ATWATER,-120.61428070068359,37.342853546142578
9370240,2021,2021-12-29,2401,2021-11-11,1825,732,2,4,5,3,2401,0,0,0,,0,002,"GARDEN DR","CASTLE DR",360.00,E,N,A,-,N,,,,,,,,,,N,3,0,1,2,A,-,03,22350,,N,C,C,A,A,H,-,C,D,0,,,,,Y,,A,01,0,1,0,0,0,0,0,0,0,"- ","- ",37.354888916015625,-120.58065795898438,MERCED,ATWATER,-120.57964324951172,37.354961395263672
9370371,2021,2021-12-30,2401,2021-11-22,1600,727,1,1,5,3,2401,0,0,0,,0,001,"WINTON WY","JUNIPER AV",20.00,S,N,A,-,N,,,,,,,,,,N,3,0,1,2,A,-,03,22350,,N,C,C,A,A,H,-,A,A,0,,,,,Y,,D,72,0,1,0,0,0,0,0,0,0,"- ","- ",37.355709075927734,-120.61379241943359,MERCED,ATWATER,-120.61381530761719,37.355655670166016
9372411,2021,2021-12-09,2406,2021-10-25,1045,256,3,1,5,5,2406,0,0,0,,0,031,"WEST 13TH ST","R ST",0.00,,Y,A,-,N,,,,,,,,,,Y,4,0,1,2,A,-,08,22107,,N,D,C,A,B,H,-,A,A,0,,,,,Y,,A,07,0,0,1,0,0,0,0,0,0,"- ","- ",,,MERCED,MERCED,-120.49485015869141,37.300491333007812
9372414,2021,2021-12-15,2406,2021-10-29,1313,252,3,5,5,5,2406,0,0,0,,0,031,"WEST 13TH ST","R ST",0.00,,Y,A,-,N,,,,,,,,,,N,4,0,1,2,A,-,17,21658,B,N,B,C,A,A,H,-,A,A,0,,,,,Y,,-,"- ",0,0,1,0,0,0,0,0,0,"- ","- ",,,MERCED,MERCED,-120.49485015869141,37.300491333007812
9372438,2021,2021-12-16,2401,2021-10-09,1640,726,4,6,5,3,2401,0,0,0,,0,004,"ATWATER BL","4TH ST",0.00,,Y,A,-,N,,,,,,,,,,N,3,0,2,4,A,-,09,21800,A,N,A,C,A,A,H,-,A,D,0,,,,,Y,,A,01,0,2,0,0,0,0,0,0,0,"- ","- ",37.345668792724609,-120.60832214355469,MERCED,ATWATER,-120.61036682128906,37.346401214599609
9375871,2021,2021-12-29,2406,2021-11-14,1833,308,2,7,5,5,2406,0,0,0,,0,021,"R ST","WEST MAIN ST",99.00,N,N,A,-,N,,,,,,,,,,N,3,0,1,3,A,-,08,22107,,N,D,G,A,A,H,-,C,A,0,,Y,,,Y,,L,04,0,1,0,0,0,0,1,0,0,"- ","- ",,,MERCED,MERCED,-120.49229431152344,37.305007934570312
9377400,2021,2021-12-23,2404,2021-08-27,1547,X55,,5,5,3,2404,0,0,0,,0,,"HAMMATT AV","CAMPBELL BL",63.00,S,N,A,-,N,,,,,,,,,,N,4,0,1,2,A,-,08,22107,,N,B,C,A,A,H,-,A,D,0,,,,Y,Y,,A,07,0,0,1,0,0,0,0,0,0,"- ","- ",37.386768341064453,-120.71227264404297,MERCED,LIVINGSTON,-120.71231079101562,37.386608123779297
9377709,2021,2021-12-28,2404,2021-07-01,2045,X54,,4,5,3,2404,0,0,0,,0,,"F ST","8TH ST",0.00,,Y,A,-,N,,,,,,,,,,Y,3,0,1,2,A,-,00,23153,E,N,G,B,B,A,H,-,C,A,0,Y,,,,Y,,A,01,0,1,0,0,1,0,0,0,0,"- ","- ",37.382179260253906,-120.71645355224609,MERCED,LIVINGSTON,-120.71643829345703,37.382156372070312
9378346,2021,2022-01-19,2401,2021-12-26,1415,734,4,7,5,3,2401,0,0,0,,0,004,"ATWATER BL","FORTH ST",0.00,,Y,A,-,N,,,,,,,,,,Y,3,0,1,2,A,-,08,22107,,N,B,D,A,A,H,-,A,D,0,,,,,Y,,A,01,0,1,0,0,0,0,0,0,0,"- ","- ",37.346000671386719,-120.61061859130859,MERCED,ATWATER,,
9379157,2021,2022-01-07,2406,2021-12-10,1827,260,1,5,5,5,2406,0,0,0,,0,011,"RT 59","WILLOWBROOK DR",138.00,N,N,A,-,Y,MER,10,59,-,-,15.940,H,-,N,Y,3,0,4,3,A,-,03,22350,,N,C,C,A,A,H,-,C,A,0,,,,,Y,,A,01,0,1,3,0,0,0,0,0,0,"- ","- ",,,MERCED,MERCED,-120.5050048828125,37.316749572753906
9380028,2021,2022-02-18,2405,2021-06-05,0951,PD58,2,6,5,3,2405,0,0,0,,0,0B2,"PACHECO BL","7TH ST",100.00,E,N,A,-,Y,MER,10,152,-,-,20.610,H,-,W,N,3,0,1,2,A,-,03,22350,,N,C,C,A,A,H,-,A,A,0,,,,,Y,,A,01,0,1,0,0,0,0,0,0,0,"- ","- ",37.056888580322266,-120.84760284423828,MERCED,"LOS BANOS",-120.84725189208984,37.056896209716797
9380032,2021,2022-02-18,2405,2021-06-06,1515,PD133,2,7,5,3,2405,0,0,0,,0,0B2,"E PACHECO BL","MERCEY SPRINGS RD",705.00,E,N,A,-,Y,MER,10,152,-,-,21.400,H,-,W,N,3,0,3,2,A,-,03,22350,,N,C,C,A,A,H,-,A,A,0,,,,,Y,,A,01,0,3,0,0,0,0,0,0,0,"- ","- ",37.057258605957031,-120.83287048339844,MERCED,"LOS BANOS",-120.83302307128906,37.056949615478516
9380036,2021,2022-02-18,2405,2021-06-19,1346,PD133,1,6,5,3,2405,0,0,0,,0,0B1,"W PACHECO BL","WEST I ST",603.00,E,N,A,-,Y,MER,10,152,-,-,19.740,H,-,W,N,3,0,1,2,D,-,00,,,N,C,C,A,A,H,-,A,A,0,,,,,Y,,-,"- ",0,1,0,0,0,0,0,0,0,"- ","- ",37.057178497314453,-120.86328125,MERCED,"LOS BANOS",-120.86294555664062,37.056877136230469
9380048,2021,2022-02-18,2405,2021-06-26,1117,PD20,2,6,5,3,2405,0,0,0,,0,0B2,"H ST","9TH ST",0.00,,Y,A,-,N,,,,,,,,,,Y,3,0,2,2,A,-,08,22107,,N,D,C,A,A,H,-,A,D,0,,,,,Y,,A,07,0,2,0,0,0,0,0,0,0,"- ","- ",37.059940338134766,-120.84293365478516,MERCED,"LOS BANOS",-120.84292602539062,37.059928894042969
9380052,2021,2022-02-24,2405,2021-06-27,0123,PD55,1,7,5,3,2405,0,0,0,,0,0B1,"E PACHECO BL","6TH ST",0.00,,Y,A,-,Y,MER,10,152,-,-,20.420,I,5,E,N,3,0,1,2,A,-,12,21453,A,N,D,C,A,A,H,-,C,A,0,,,,,Y,,A,01,0,1,0,0,0,0,0,0,0,"- ","- ",37.056888580322266,-120.85072326660156,MERCED,"LOS BANOS",-120.85089111328125,37.056892395019531