CASE_ID,ACCIDENT_YEAR,PROC_DATE,JURIS,COLLISION_DATE,COLLISION_TIME,OFFICER_ID,REPORTING_DISTRICT,DAY_OF_WEEK,CHP_SHIFT,POPULATION,CNTY_CITY_LOC,SPECIAL_COND,BEAT_TYPE,CHP_BEAT_TYPE,CITY_DIVISION_LAPD,CHP_BEAT_CLASS,BEAT_NUMBER,PRIMARY_RD,SECONDARY_RD,DISTANCE,DIRECTION,INTERSECTION,WEATHER_1,WEATHER_2,STATE_HWY_IND,CALTRANS_COUNTY,CALTRANS_DISTRICT,STATE_ROUTE,ROUTE_SUFFIX,POSTMILE_PREFIX,POSTMILE,LOCATION_TYPE,RAMP_INTERSECTION,SIDE_OF_HWY,TOW_AWAY,COLLISION_SEVERITY,NUMBER_KILLED,NUMBER_INJURED,PARTY_COUNT,PRIMARY_COLL_FACTOR,PCF_CODE_OF_VIOL,PCF_VIOL_CATEGORY,PCF_VIOLATION,PCF_VIOL_SUBSECTION,HIT_AND_RUN,TYPE_OF_COLLISION,MVIW,PED_ACTION,ROAD_SURFACE,ROAD_COND_1,ROAD_COND_2,LIGHTING,CONTROL_DEVICE,CHP_ROAD_TYPE,PEDESTRIAN_ACCIDENT,BICYCLE_ACCIDENT,MOTORCYCLE_ACCIDENT,TRUCK_ACCIDENT,NOT_PRIVATE_PROPERTY,ALCOHOL_INVOLVED,STWD_VEHTYPE_AT_FAULT,CHP_VEHTYPE_AT_FAULT,COUNT_SEVERE_INJ,COUNT_VISIBLE_INJ,COUNT_COMPLAINT_PAIN,COUNT_PED_KILLED,COUNT_PED_INJURED,COUNT_BICYCLIST_KILLED,COUNT_BICYCLIST_INJURED,COUNT_MC_KILLED,COUNT_MC_INJURED,PRIMARY_RAMP,SECONDARY_RAMP,LATITUDE,LONGITUDE,COUNTY,CITY,POINT_X,POINT_Y
9380060,2021,2022-03-09,2405,2021-07-27,1727,PD148,2,2,5,3,2405,0,0,0,,0,0B2,"N MERCEY SPRINGS","E PACHECO BL",342.00,N,N,A,-,Y,MER,10,165,-,-,8.880,H,-,N,N,3,0,1,2,A,-,09,21804,A,N,D,C,A,A,H,-,A,A,0,,,,,Y,,A,07,0,1,0,0,0,0,0,0,0,"- ","- ",37.056861877441406,-120.83529663085938,MERCED,"LOS BANOS",-120.83533477783203,37.058238983154297
9380064,2021,2022-02-18,2405,2021-07-23,1631,PD55,2,5,5,3,2405,0,0,0,,0,0B2,"E PACHECO BL","MILLER LN",75.00,E,N,A,-,Y,MER,10,152,-,-,21.630,H,-,E,N,4,0,1,2,A,-,11,21954,A,N,G,B,D,A,H,-,A,A,0,Y,,,,Y,,N,60,0,0,1,0,1,0,0,0,0,"- ","- ",37.056991577148438,-120.82906341552734,MERCED,"LOS BANOS",-120.82881927490234,37.056995391845703
9380066,2021,2022-02-22,2405,2021-06-04,1902,PD143,2,5,5,3,2405,0,0,0,,0,0B2,"E PACHECO BL","7TH ST",0.00,,Y,A,-,Y,MER,10,152,-,-,20.580,H,-,E,N,4,0,1,2,A,-,03,22350,,N,C,C,A,A,H,-,A,A,0,,,,,Y,,A,07,0,0,1,0,0,0,0,0,0,"- ","- ",37.056888580322266,-120.84760284423828,MERCED,"LOS BANOS",-120.84780120849609,37.056896209716797
9380076,2021,2022-02-24,2405,2021-07-17,2219,PD57,6,6,5,3,2405,0,0,0,,0,B42,"N MERCEY SPRINGS RD","DOVE ST",36.00,N,N,A,-,Y,MER,10,165,-,-,10.550,I,5,N,Y,3,0,1,2,A,-,09,21801,A,F,D,C,A,A,H,-,D,A,0,,,Y,,Y,,A,01,0,1,0,0,0,0,0,0,1,"- ","- ",37.082759857177734,-120.83493804931641,MERCED,"LOS BANOS",-120.83494567871094,37.082763671875
9380250,2021,2022-01-21,2401,2021-12-08,1315,731,1,3,5,3,2401,0,0,0,,0,,"E BELLEVUE","BROWNELL ST",15.00,E,N,A,-,N,,,,,,,,,,Y,2,0,1,2,A,-,08,22107,,N,H,G,A,A,H,-,A,D,0,,Y,,,Y,,L,04,1,0,0,0,0,0,1,0,0,"- ","- ",37.360198974609375,-120.59668731689453,MERCED,ATWATER,-120.59349060058594,37.360481262207031
9380311,2021,2022-01-21,2401,2021-12-16,1110,726,4,4,5,3,2401,0,0,0,,0,004,DRAKELY,DRAKELEY,5.00,N,N,B,-,N,,,,,,,,,,N,3,0,1,2,A,-,09,21803,A,N,E,I,A,B,H,-,A,D,0,,,,,Y,,D,22,0,1,0,0,0,0,0,0,0,"- ","- ",37.348159790039062,-120.60816192626953,MERCED,ATWATER,,
9380706,2021,2022-01-26,2406,2021-12-22,1748,183,2,3,5,5,2406,0,0,0,,0,021,"R ST","WEST 16TH ST",110.00,N,N,C,-,N,,,,,,,,,,N,4,0,1,2,A,-,03,22350,,N,C,C,A,B,-,-,C,A,0,,,,,Y,,A,07,0,0,1,0,0,0,0,0,0,"- ","- ",,,MERCED,MERCED,-120.49284362792969,37.30401611328125
9380861,2021,2022-01-25,2406,2021-12-23,1036,201,NORTH,4,5,5,2406,0,0,0,,0,011,"WEST OLIVE AV","APPLEWOOD LN",24.00,W,N,C,-,N,,,,,,,,,,Y,4,0,2,1,C,-,18,,,N,E,I,A,B,H,-,A,D,0,,,,,Y,,-,"- ",0,0,2,0,0,0,0,0,0,"- ","- ",,,MERCED,MERCED,-120.48183441162109,37.319190979003906
9383445,2021,2022-01-07,2405,2021-04-04,0541,PD44,,7,5,3,2405,0,0,0,,0,0B1,"SANTA RITA AV","F ST",21.00,N,N,A,-,N,,,,,,,,,,N,2,0,3,1,A,-,03,22350,,N,E,I,A,A,H,-,C,A,0,,,,,Y,,A,01,2,0,1,0,0,0,0,0,0,"- ","- ",37.061100006103516,-120.83741760253906,MERCED,"LOS BANOS",-120.83744049072266,37.061176300048828
9386001,2021,2021-12-29,2406,2021-09-27,1514,265,3,1,5,5,2406,0,0,0,,0,031,"WEST 13TH ST","O ST",14.00,W,N,A,-,N,,,,,,,,,,N,3,0,2,2,A,-,09,21802,,N,D,C,A,A,H,-,A,A,0,,,,,Y,,A,01,0,2,0,0,0,0,0,0,0,"- ","- ",,,MERCED,MERCED,-120.49042510986328,37.298816680908203
9386353,2021,2022-01-12,2406,2021-12-02,1341,129,SOUTH,4,5,5,2406,0,0,0,,0,030,"RT 59","WEST 12TH ST",120.00,S,N,A,-,Y,MER,10,59,-,-,14.630,H,-,S,Y,2,0,2,2,A,-,09,21804,A,N,D,C,A,A,H,-,A,D,0,,,,,Y,,A,01,1,0,1,0,0,0,0,0,0,"- ","- ",,,MERCED,MERCED,-120.48355865478516,37.294750213623047
9386622,2021,2022-01-05,2406,2021-12-14,1613,256,2,2,5,5,2406,0,0,0,,0,020,"EAST CHILDS AV","PARSONS AV",0.00,,Y,A,-,N,,,,,,,,,,Y,4,0,1,2,A,-,12,21453,A,N,D,C,A,A,H,-,A,A,0,,,,,Y,,A,07,0,0,1,0,0,0,0,0,0,"- ","- ",,,MERCED,MERCED,-120.45159912109375,37.287864685058594
9386624,2021,2022-01-05,2406,2021-12-15,0738,306,1,3,5,5,2406,0,0,0,,0,011,"R ST","WEST OLIVE AV",16.00,S,N,A,-,N,,,,,,,,,,Y,4,0,1,2,A,-,08,22107,,N,C,C,A,A,H,-,A,D,0,,,,,Y,,A,01,0,0,1,0,0,0,0,0,0,"- ","- ",,,MERCED,MERCED,-120.48686981201172,37.319255828857422
9386625,2021,2022-01-06,2406,2021-12-06,1444,129,CENTR,1,5,5,2406,0,0,0,,0,020,"COFFEE RD","E GERARD AV",70.00,N,N,F,-,N,,,,,,,,,,N,4,0,1,2,A,-,00,21720,,N,G,B,F,A,H,-,A,D,0,Y,,,,Y,,M,95,0,0,1,0,1,0,0,0,0,"- ","- ",,,MERCED,MERCED,-120.43353271484375,37.280693054199219
9386627,2021,2022-01-05,2406,2021-12-09,1509,309,NORTH,4,5,5,2406,0,0,0,,0,010,"WEST OLIVE AV","APPLEWOOD LN",50.00,E,N,A,-,N,,,,,,,,,,N,3,0,1,2,A,-,08,22107,,N,B,C,A,A,H,-,A,D,0,,,,,Y,,A,01,0,1,0,0,0,0,0,0,0,"- ","- ",,,MERCED,MERCED,-120.48157501220703,37.319190979003906
9386629,2021,2022-01-05,2406,2021-12-11,1434,283,3,6,5,5,2406,0,0,0,,0,030,"G ST","W 4TH ST",0.00,,Y,A,-,N,,,,,,,,,,Y,4,0,3,2,A,-,12,22450,A,N,D,C,A,A,H,-,A,A,0,,,,,Y,,A,07,0,0,3,0,0,0,0,0,0,"- ","- ",,,MERCED,MERCED,-121.07417297363281,37.394245147705078
9388667,2021,2022-01-14,2406,2021-12-11,0202,290,1,6,5,5,2406,0,0,0,,0,010,"CORDOVA AV","EL PORTAL DR",125.00,N,N,A,-,N,,,,,,,,,,Y,3,0,1,3,A,-,01,23152,A,N,A,E,A,A,H,-,D,D,0,,,,,Y,Y,A,01,0,1,0,0,0,0,0,0,0,"- ","- ",,,MERCED,MERCED,-120.46340942382812,37.326652526855469
9388668,2021,2022-01-14,2406,2021-12-16,1405,283,1,4,5,5,2406,0,0,0,,0,010,"M ST","FAIRFIELD DR",0.00,,Y,A,-,N,,,,,,,,,,Y,4,0,1,3,A,-,09,21802,A,N,D,C,A,A,H,-,A,A,0,,,,,Y,,A,01,0,0,1,0,0,0,0,0,0,"- ","- ",,,MERCED,MERCED,-120.47841644287109,37.320110321044922
9389931,2021,2022-01-10,2406,2021-01-27,0203,296,1,3,5,5,2406,0,0,0,,0,011,"WN BEAR CREEK","ATT POLE 1540",165.00,E,N,A,-,N,,,,,,,,,,Y,3,0,1,1,A,-,03,22350,,N,E,I,A,A,H,-,D,A,0,,,,,Y,,A,01,0,1,0,0,0,0,0,0,0,"- ","- ",,,MERCED,MERCED,,
9391907,2021,2022-01-31,2406,2021-12-10,2206,296,1,5,5,5,2406,0,0,0,,0,010,"N PARSONS AV","EAST OLIVE AV",250.00,N,N,A,-,N,,,,,,,,,,Y,4,0,1,2,A,-,01,23152,A,N,A,E,A,A,H,-,C,A,0,,,,,Y,Y,A,01,0,0,1,0,0,0,0,0,0,"- ","- ",,,MERCED,MERCED,-120.45117950439453,37.319168090820312
9402557,2021,2022-02-10,2406,2021-12-14,1326,201,CENTR,2,5,5,2406,0,0,0,,0,020,"M ST","W NORTH BEAR CREEK DR",166.00,S,N,B,-,N,,,,,,,,,,Y,3,0,2,2,A,-,01,23152,A,F,B,C,A,B,H,-,A,A,0,,,,,Y,Y,A,01,0,1,1,0,0,0,0,0,0,"- ","- ",,,MERCED,MERCED,-120.47870635986328,37.312984466552734
9403290,2021,2022-03-15,2405,2021-08-06,1854,PD55,3,5,5,3,2405,0,0,0,,0,0B3,"RT 152","7TH ST",310.00,E,N,A,-,Y,MER,10,152,-,-,20.650,H,-,E,N,2,0,1,3,A,-,03,22350,,N,B,C,A,A,H,-,A,A,0,,,Y,,Y,,C,02,1,0,0,0,0,0,0,0,1,"- ","- ",37.057170867919922,-120.84156799316406,MERCED,"LOS BANOS",-120.84652709960938,37.056896209716797
9403412,2021,2022-03-15,2405,2021-08-30,1516,PD52,3,1,5,3,2405,0,0,0,,0,0B3,"S 4TH ST","JEFFERSON AV",0.00,,Y,A,-,N,,,,,,,,,,N,4,0,1,2,A,-,09,21801,A,N,D,C,A,A,H,-,A,D,0,,,,,Y,,A,01,0,0,1,0,0,0,0,0,0,"- ","- ",37.054119110107422,-120.8531494140625,MERCED,"LOS BANOS",-120.85317993164062,37.054115295410156
9403418,2021,2022-03-15,2405,2021-08-25,1416,PD52,3,3,5,3,2405,0,0,0,,0,0B3,"JEFFERSON AV","10TH ST",601.00,E,N,A,-,N,,,,,,,,,,N,4,0,1,2,A,-,09,21804,,N,D,C,A,A,H,-,A,D,0,,,,,Y,,A,01,0,0,1,0,0,0,0,0,0,"- ","- ",37.054080963134766,-120.84043121337891,MERCED,"LOS BANOS",-120.84052276611328,37.054271697998047
9404504,2021,2022-02-22,2405,2021-06-26,0942,PD133,3,6,5,3,2405,0,0,0,,0,0B3,"E PACHECO BL","6TH ST",225.00,W,N,A,-,Y,MER,10,152,-,-,20.370,H,-,E,N,3,0,1,2,A,-,09,21804,A,N,D,C,A,A,H,-,A,A,0,,,,,Y,,D,22,0,1,0,0,0,0,0,0,0,"- ","- ",37.056610107421875,-120.85159301757812,MERCED,"LOS BANOS",-120.85186004638672,37.056888580322266
9405925,2021,2022-03-07,2405,2021-07-28,2211,PD126,2,3,5,3,2405,0,0,0,,0,0B2,"PALERMO DR","BELLA ST",47.00,W,N,A,-,N,,,,,,,,,,N,3,0,1,2,A,-,08,22107,,N,C,E,A,A,H,-,C,A,0,,,,,Y,Y,A,07,0,1,0,0,0,0,0,0,0,"- ","- ",37.069019317626953,-120.82087707519531,MERCED,"LOS BANOS",-120.82080078125,37.069221496582031
9405929,2021,2022-02-24,2405,2021-07-26,1042,PD52,2,1,5,3,2405,0,0,0,,0,0B3,"E PACHECO BL","MERCEY SPRINGS RD",30.00,W,N,A,-,Y,MER,10,152,-,-,21.250,H,-,E,N,4,0,1,2,A,-,03,22350,,N,C,D,A,A,H,-,A,A,0,,,,,Y,,M,44,0,0,1,0,0,0,0,0,0,"- ","- ",37.056850433349609,-120.81754302978516,MERCED,"LOS BANOS",-120.83575439453125,37.056922912597656
9405933,2021,2022-02-22,2405,2021-07-24,0950,PD146,3,6,5,3,2405,0,0,0,,0,0B3,"W PACHECO BL","MARYLAND AV",192.00,W,N,A,-,Y,MER,10,152,-,-,19.750,H,-,W,Y,3,0,2,3,A,-,03,22350,,N,C,C,A,A,H,-,A,A,0,,,,,Y,,D,22,0,2,0,0,0,0,0,0,0,"- ","- ",37.056629180908203,-120.86327362060547,MERCED,"LOS BANOS",-120.86275482177734,37.056877136230469
9405981,2021,2022-03-07,2405,2021-07-03,1253,PD146,1,6,5,3,2405,0,0,0,,0,0B1,"N 1ST ST","ORANGE ST",14.00,N,N,A,-,N,,,,,,,,,,N,3,0,2,2,A,-,08,22107,,N,A,C,A,A,H,-,A,D,0,,,,,Y,,A,01,0,1,1,0,0,0,0,0,0,"- ","- ",37.070331573486328,-120.85222625732422,MERCED,"LOS BANOS",-120.85224914550781,37.070400238037109
9406317,2021,2022-02-18,2405,2021-07-09,1322,PD146,1,5,5,3,2405,0,0,0,,0,0B1,"6TH ST","K ST",0.00,,Y,A,-,N,,,,,,,,,,Y,4,0,1,2,A,-,12,21453,A,N,D,C,A,A,H,-,A,A,0,,,,,Y,,A,01,0,0,1,0,0,0,0,0,0,"- ","- ",37.05902099609375,-120.8492431640625,MERCED,"LOS BANOS",-120.84925842285156,37.059013366699219
9406331,2021,2022-02-18,2405,2021-07-28,1651,PD148,3,3,5,3,2405,0,0,0,,0,0B3,"4TH ST","JEFFERSON AV",0.00,,Y,A,-,N,,,,,,,,,,N,3,0,1,2,A,-,09,21802,A,N,D,C,A,A,H,-,A,A,0,,,,,Y,,A,01,0,1,0,0,0,0,0,0,0,"- ","- ",37.054649353027344,-120.85346221923828,MERCED,"LOS BANOS",-120.85317993164062,37.054115295410156
9406332,2021,2022-02-18,2405,2021-07-28,0856,PD59,1,3,5,3,2405,0,0,0,,0,0B1,"WILLMOTT AV","G ST",0.00,,Y,A,-,N,,,,,,,,,,Y,3,0,1,2,A,-,09,21802,A,N,E,I,A,A,H,-,A,A,0,,,,,Y,,A,01,0,1,0,0,0,0,0,0,0,"- ","- ",37.069801330566406,-120.85603332519531,MERCED,"LOS BANOS",-120.85578918457031,37.069137573242188
9413681,2021,2022-02-18,2405,2021-07-16,1809,PD46,2,5,5,3,2405,0,0,0,,0,0B2,"RT 152","7TH ST",228.00,E,N,A,-,Y,MER,10,152,-,-,20.630,H,-,W,N,3,0,1,5,A,-,03,22350,,N,C,C,A,A,H,-,A,A,0,,,,,Y,,A,08,0,1,0,0,0,0,0,0,0,"- ","- ",33.7056884765625,-120.84760284423828,MERCED,"LOS BANOS",-120.84689331054688,37.056896209716797
9413685,2021,2022-02-24,2405,2021-07-14,1401,PD19,3,3,5,3,2405,0,0,0,,0,0B3,"PACHECO BL","13TH ST",0.00,,Y,A,-,Y,MER,10,152,-,-,21.176,I,5,E,N,2,0,1,2,A,-,09,21804,B,N,D,C,A,A,H,-,A,D,0,,,Y,,Y,,A,01,1,0,0,0,0,0,0,0,1,"- ","- ",37.055648803710938,-120.81336975097656,MERCED,"LOS BANOS",-120.83708190917969,37.056922912597656
9413693,2021,2022-02-22,2405,2021-07-11,1903,PD19,3,7,5,3,2405,0,0,0,,0,0B3,"E PACHECO BL","7TH ST",170.00,W,N,A,-,Y,MER,10,152,-,-,20.570,H,-,W,N,4,0,1,2,A,-,03,22350,,F,C,C,A,A,H,-,A,D,0,,,,,Y,,A,01,0,0,1,0,0,0,0,0,0,"- ","- ",37.055068969726562,-120.84758758544922,MERCED,"LOS BANOS",-120.84799194335938,37.056896209716797
9413722,2021,2022-02-24,2405,2021-06-21,1711,PD52,3,1,5,3,2405,0,0,0,,0,0B3,"RT 152","PLACE RD",0.00,,Y,A,-,Y,MER,10,152,-,-,21.760,H,-,W,N,4,0,2,3,A,-,03,22350,,N,C,D,A,A,H,-,A,A,0,,,,,Y,,A,01,0,0,2,0,0,0,0,0,0,"- ","- ",37.057060241699219,-120.82649230957031,MERCED,"LOS BANOS",-120.82644653320312,37.057018280029297
9413757,2021,2022-02-28,2405,2021-06-10,0342,PD46,1,4,5,3,2405,0,0,0,,0,0B1,"W PACHECO BL","RT 152",3.00,S,N,A,-,Y,MER,10,152,-,-,18.560,H,-,W,Y,2,0,1,2,A,-,03,22350,,N,C,C,A,A,H,-,D,D,0,,,,,Y,,A,01,1,0,0,0,0,0,0,0,0,"- ","- ",37.056831359863281,-120.87831115722656,MERCED,"LOS BANOS",-120.88407135009766,37.056854248046875
9413876,2021,2022-03-18,2405,2021-09-21,1514,PD148,2,2,5,3,2405,0,0,0,,0,0B2,"F ST","N MERCEY SPRINGS RD",2.00,W,N,A,-,Y,MER,10,165,-,-,9.089,I,5,S,N,2,0,1,2,A,-,09,21802,A,N,D,G,A,A,H,-,A,A,0,,Y,,,Y,,L,04,1,0,0,0,0,0,1,0,0,"- ","- ",37.061088562011719,-120.83528137207031,MERCED,"LOS BANOS",-120.83528900146484,37.061100006103516
9414403,2021,2022-03-28,2404,2021-11-18,0826,X56,,4,5,3,2404,0,0,0,,0,,"SUN VALLEY AV","SPRING BROOK",145.00,N,N,E,-,N,,,,,,,,,,Y,3,0,1,3,A,-,05,21651,B,N,C,E,A,A,H,-,A,D,0,,,,,Y,,A,01,0,1,0,0,0,0,0,0,0,"- ","- ",37.374031066894531,-120.72821807861328,MERCED,LIVINGSTON,-120.72845458984375,37.373966217041016
9416501,2021,2022-03-11,2405,2021-09-30,1325,PD143,6,4,5,3,2405,0,0,0,,0,B42,"N MERCEY SPRINGS RD","DOVE ST",73.00,N,N,A,-,N,,,,,,,,,,Y,3,0,1,1,A,-,08,22107,,N,E,J,A,A,H,-,A,D,0,,,,,Y,,A,01,0,1,0,0,0,0,0,0,0,"- ","- ",37.082759857177734,-120.83493804931641,MERCED,"LOS BANOS",-120.83494567871094,37.082962036132812
9416504,2021,2022-03-11,2405,2021-09-15,1525,PD133,2,3,5,3,2405,0,0,0,,0,0B2,"7TH ST","WILLMOTT AV",0.00,,Y,A,-,N,,,,,,,,,,N,3,0,1,2,A,-,05,21651,B,N,A,G,A,A,H,-,A,A,0,,Y,,,Y,,L,04,0,1,0,0,0,0,1,0,0,"- ","- ",37.069179534912109,-120.84059906005859,MERCED,"LOS BANOS",-120.84059906005859,37.069190979003906
9416505,2021,2022-03-11,2405,2021-09-13,1416,PD149,6,1,5,3,2405,0,0,0,,0,B42,"RANCHWOOD DR","LAURELWOOD DR",0.00,,Y,A,-,N,,,,,,,,,,Y,3,0,2,2,A,-,09,21800,A,N,D,C,A,A,H,-,A,D,0,,,,,Y,,A,01,0,2,0,0,0,0,0,0,0,"- ","- ",37.079189300537109,-120.83969879150391,MERCED,"LOS BANOS",-120.83969116210938,37.079200744628906
9416507,2021,2022-03-11,2405,2021-09-04,1506,PD49,2,6,5,3,2405,0,0,0,,0,0B2,"I ST","9TH ST",8.00,E,N,A,-,N,,,,,,,,,,Y,3,0,1,2,A,-,09,21800,A,N,D,C,A,A,H,-,A,A,0,,,,,Y,,A,01,0,1,0,0,0,0,0,0,0,"- ","- ",37.058979034423828,-120.84358978271484,MERCED,"LOS BANOS",-120.84357452392578,37.0589599609375
9416647,2021,2022-03-21,2404,2021-12-14,1445,X17,,2,5,3,2404,0,0,0,,0,,"CAMPBELL BL",STEFANI,39.00,W,N,A,-,N,,,,,,,,,,Y,4,0,1,2,A,-,09,21801,A,N,D,C,A,B,H,-,A,D,0,,,,,Y,,A,01,0,0,1,0,0,0,0,0,0,"- ","- ",37.389171600341797,-120.72379302978516,MERCED,LIVINGSTON,-120.72389984130859,37.389198303222656
9417264,2021,2022-03-22,2405,2021-08-17,0713,PD133,6,2,5,3,2405,0,0,0,,0,B42,"N SANTA ANA ST","OVERLAND AV",0.00,,Y,A,-,N,,,,,,,,,,Y,3,0,4,2,A,-,12,22450,A,N,D,C,A,A,H,-,A,A,0,,,,,Y,,A,01,0,3,1,0,0,0,0,0,0,"- ","- ",37.073768615722656,-120.83798217773438,MERCED,"LOS BANOS",-120.8380126953125,37.073764801025391
9452395,2021,2022-07-26,2405,2021-11-03,0737,PD29,3,3,5,3,2405,0,0,0,,0,0B3,"S 6TH ST","WASHINGTON AV",0.00,,Y,A,-,N,,,,,,,,,,N,4,0,2,2,A,-,12,22450,A,N,D,C,A,A,H,-,A,A,0,,,,,Y,,A,01,0,0,2,0,0,0,0,0,0,"- ","- ",37.05596923828125,-120.85085296630859,MERCED,"LOS BANOS",-120.85087585449219,37.055980682373047
9453218,2021,2022-07-06,2405,2021-11-08,0720,PD52,6,1,5,3,2405,0,0,0,,0,B4/2,"N MERCEY SPRINGS RD","DOVE ST",120.00,N,N,A,-,Y,MER,10,165,-,-,10.570,H,-,S,N,4,0,1,2,A,-,03,22350,,N,C,D,A,-,H,-,A,D,0,,,,,Y,,D,23,0,0,1,0,0,0,0,0,0,"- ","- ",37.082759857177734,-120.83493804931641,MERCED,"LOS BANOS",-120.83494567871094,37.083072662353516
9453219,2021,2022-07-06,2405,2021-11-04,1425,PD56,3,4,5,3,2405,0,0,0,,0,0B3,"E PACHECO BL","MILLER LN",134.00,W,N,A,-,Y,MER,10,152,-,-,21.590,H,-,W,N,3,0,1,2,A,-,04,21703,,N,C,C,A,A,H,-,A,D,0,,,,,Y,,D,72,0,1,0,0,0,0,0,0,0,"- ","- ",37.056499481201172,-120.83004760742188,MERCED,"LOS BANOS",-120.82955169677734,37.056987762451172
9453266,2021,2022-07-06,2405,2021-11-23,1916,PD55,6,2,5,3,2405,0,0,0,,0,B4/2,"RT 165","OVERLAND AV",145.00,N,N,A,-,Y,MER,10,165,-,-,9.980,H,-,S,Y,4,0,2,3,A,-,03,22350,,N,C,C,A,A,H,-,C,A,0,,,,,Y,,A,01,0,0,2,0,0,0,0,0,0,"- ","- ",37.072959899902344,-120.83464050292969,MERCED,"LOS BANOS",-120.8350830078125,37.074268341064453
9453269,2021,2022-07-06,2405,2021-11-18,0743,PD143,2,4,5,3,2405,0,0,0,,0,0B2,"N MERCEY SPRINGS RD","WILLMOTT AV",1.00,N,N,A,-,Y,MER,10,165,-,-,9.632,I,5,S,N,4,0,1,2,A,-,09,21802,A,N,D,C,A,A,H,-,A,A,0,,,,,Y,,D,22,0,0,1,0,0,0,0,0,0,"- ","- ",37.069198608398438,-120.83509063720703,MERCED,"LOS BANOS",-120.83515930175781,37.069244384765625
9453637,2021,2022-07-01,2405,2021-11-21,1202,PD56,2,7,5,3,2405,0,0,0,,0,0B2,"G ST","SAN JUAN ST",28.00,E,N,A,-,N,,,,,,,,,,N,4,0,1,1,A,-,03,22350,,N,F,I,A,A,H,-,A,D,0,,,,,Y,,A,01,0,0,1,0,0,0,0,0,0,"- ","- ",37.060131072998047,-120.83956146240234,MERCED,"LOS BANOS",-120.83948516845703,37.060131072998047
9456551,2021,2022-07-27,2405,2021-10-02,1003,PD143,2,6,5,3,2405,0,0,0,,0,0B2,"MERCEY SPRINGS RD","E B ST",36.00,S,N,A,-,N,,,,,,,,,,N,4,0,1,2,A,-,04,21703,,N,C,C,A,A,H,-,A,A,0,,,,Y,Y,,G,25,0,0,1,0,0,0,0,0,0,"- ","- ",37.066818237304688,-120.83518981933594,MERCED,"LOS BANOS",-120.83518218994141,37.066730499267578
9456560,2021,2022-06-23,2405,2021-10-29,1535,PD20,2,5,5,3,2405,0,0,0,,0,0B2,"H ST","7TH ST",112.00,W,N,A,-,N,,,,,,,,,,N,4,0,1,2,A,-,04,21703,,N,C,C,A,A,H,-,A,A,0,,,,,Y,,D,72,0,0,1,0,0,0,0,0,0,"- ","- ",37.062309265136719,-120.84503936767578,MERCED,"LOS BANOS",-120.84611511230469,37.061374664306641
9461252,2021,2022-06-23,2405,2021-10-15,1236,PD148,,5,5,3,2405,0,0,0,,0,CITY,"W   H ST","OVERLAND AV",0.00,,Y,A,-,N,,,,,,,,,,N,4,0,1,2,A,-,08,22107,,N,-,C,A,A,H,-,A,A,0,,,,,Y,,A,07,0,0,1,0,0,0,0,0,0,"- ","- ",37.073009490966797,-120.87122344970703,MERCED,"LOS BANOS",-120.87123870849609,37.073005676269531
9461366,2021,2022-06-23,2405,2021-10-26,1725,PD55,6,2,5,3,2405,0,0,0,,0,B4/2,"STONEWOOD DR","BIRCHWOOD DR",0.00,,Y,A,-,N,,,,,,,,,,Y,3,0,1,2,A,-,03,22350,,N,C,C,A,A,H,-,A,D,0,,,,,Y,,A,01,0,1,0,0,0,0,0,0,0,"- ","- ",37.07904052734375,-120.84349822998047,MERCED,"LOS BANOS",-120.843505859375,37.079010009765625
9461369,2021,2022-06-23,2405,2021-10-22,0541,PD59,1,5,5,3,2405,0,0,0,,0,0B1,"H ST","6TH ST",0.00,,Y,A,-,N,,,,,,,,,,N,4,0,1,2,A,-,03,22350,,N,C,D,A,A,H,-,C,A,0,,,,,Y,,A,01,0,0,1,0,0,0,0,0,0,"- ","- ",37.062091827392578,-120.84748077392578,MERCED,"LOS BANOS",-120.84724426269531,37.061855316162109
9476136,2021,2022-07-26,2405,2021-11-19,0740,PD56,1,5,5,3,2405,0,0,0,,0,0B1,"WEST I ST","NEVADA AV",9.00,W,N,A,-,N,,,,,,,,,,Y,3,0,1,2,A,-,09,21804,,N,D,C,A,A,H,-,A,D,0,,,,,Y,,A,01,0,1,0,0,0,0,0,0,0,"- ","- ",37.063449859619141,-120.85604858398438,MERCED,"LOS BANOS",-120.8560791015625,37.063449859619141
9476140,2021,2022-07-26,2405,2021-11-06,0143,PD59,2,6,5,3,2405,0,0,0,,0,0B2,"MERCEY SPRINGS RD","E PACHECO BL",92.00,S,N,A,-,N,,,,,,,,,,Y,3,0,2,1,A,-,03,22350,,N,E,J,A,A,H,-,C,D,0,,,,,Y,,A,01,0,2,0,0,0,0,0,0,0,"- ","- ",37.056861877441406,-120.83528900146484,MERCED,"LOS BANOS",-120.83541107177734,37.056949615478516